Task   : seal__C57BL_edge_attr
Model  : SEAL
Dataset: ogbl-C57BL_6_no1_spatial_edge_attr
Script : C:\Users\UNITY\Desktop\ANH\Image-Processing-2026\source\baseline_models\link_prediction\SEAL_OGB\seal_link_pred.py
Command: C:\Users\UNITY\AppData\Local\Programs\Python\Python313\python.exe C:\Users\UNITY\Desktop\ANH\Image-Processing-2026\source\baseline_models\link_prediction\SEAL_OGB\seal_link_pred.py --dataset ogbl-C57BL_6_no1_spatial_edge_attr --splitting_strategy spatial --use_edge_attr --epochs 20 --runs 1 --batch_size 1024 --eval_steps 10 --train_percent 5 --val_percent 5 --test_percent 5 --max_nodes_per_hop 50 --sortpool_k 0.5 --num_workers 8
Started: 2026-05-09T23:25:14.845083
========================================================================

C:\Users\UNITY\AppData\Local\Programs\Python\Python313\Lib\site-packages\requests\__init__.py:109: RequestsDependencyWarning: urllib3 (2.6.3) or chardet (6.0.0.post1)/charset_normalizer (3.4.4) doesn't match a supported version!
  warnings.warn(
C:\Users\UNITY\AppData\Local\Programs\Python\Python313\Lib\site-packages\outdated\__init__.py:36: UserWarning: pkg_resources is deprecated as an API. See https://setuptools.pypa.io/en/latest/pkg_resources.html. The pkg_resources package is slated for removal as early as 2025-11-30. Refrain from using this package or pin to Setuptools<81.
  from pkg_resources import parse_version
WARNING:root:The OGB package is out of date. Your version is 1.3.1, while the latest version is 1.3.6.
C:\Users\UNITY\Desktop\ANH\Image-Processing-2026\source\baseline_models\link_prediction\SEAL_OGB\seal_link_pred.py:582: FutureWarning: `torch.cuda.amp.GradScaler(args...)` is deprecated. Please use `torch.amp.GradScaler('cuda', args...)` instead.
  _scaler  = torch.cuda.amp.GradScaler(enabled=_use_amp)
Results will be saved in results/ogbl-C57BL_6_no1_spatial_edge_attr_20260509232518
Command line input: python C:\Users\UNITY\Desktop\ANH\Image-Processing-2026\source\baseline_models\link_prediction\SEAL_OGB\seal_link_pred.py --dataset ogbl-C57BL_6_no1_spatial_edge_attr --splitting_strategy spatial --use_edge_attr --epochs 20 --runs 1 --batch_size 1024 --eval_steps 10 --train_percent 5 --val_percent 5 --test_percent 5 --max_nodes_per_hop 50 --sortpool_k 0.5 --num_workers 8
 is saved.
[SEAL] Device=cpu  AMP fp16: OFF
[SEAL] Building train dataset (SEALDataset)... this may take a long time.
Processing...
C:\Users\UNITY\Desktop\ANH\Image-Processing-2026\source\baseline_models\link_prediction\SEAL_OGB\seal_link_pred.py:100: UserWarning: It is not recommended to directly access the internal storage format `data` of an 'InMemoryDataset'. If you are absolutely certain what you are doing, access the internal storage via `InMemoryDataset._data` instead to suppress this warning. Alternatively, you can access stacked individual attributes of every graph via `dataset.{attr_name}`.
  self.data.edge_index,
C:\Users\UNITY\Desktop\ANH\Image-Processing-2026\source\baseline_models\link_prediction\SEAL_OGB\seal_link_pred.py:101: UserWarning: It is not recommended to directly access the internal storage format `data` of an 'InMemoryDataset'. If you are absolutely certain what you are doing, access the internal storage via `InMemoryDataset._data` instead to suppress this warning. Alternatively, you can access stacked individual attributes of every graph via `dataset.{attr_name}`.
  self.data.num_nodes,
C:\Users\UNITY\Desktop\ANH\Image-Processing-2026\source\baseline_models\link_prediction\SEAL_OGB\seal_link_pred.py:106: UserWarning: It is not recommended to directly access the internal storage format `data` of an 'InMemoryDataset'. If you are absolutely certain what you are doing, access the internal storage via `InMemoryDataset._data` instead to suppress this warning. Alternatively, you can access stacked individual attributes of every graph via `dataset.{attr_name}`.
  self.data.edge_index, self.data.edge_weight,
C:\Users\UNITY\Desktop\ANH\Image-Processing-2026\source\baseline_models\link_prediction\SEAL_OGB\seal_link_pred.py:107: UserWarning: It is not recommended to directly access the internal storage format `data` of an 'InMemoryDataset'. If you are absolutely certain what you are doing, access the internal storage via `InMemoryDataset._data` instead to suppress this warning. Alternatively, you can access stacked individual attributes of every graph via `dataset.{attr_name}`.
  self.data.num_nodes, self.data.num_nodes)
C:\Users\UNITY\Desktop\ANH\Image-Processing-2026\source\baseline_models\link_prediction\SEAL_OGB\seal_link_pred.py:105: UserWarning: It is not recommended to directly access the internal storage format `data` of an 'InMemoryDataset'. If you are absolutely certain what you are doing, access the internal storage via `InMemoryDataset._data` instead to suppress this warning. Alternatively, you can access stacked individual attributes of every graph via `dataset.{attr_name}`.
  self.data.edge_index, self.data.edge_weight = coalesce(
C:\Users\UNITY\Desktop\ANH\Image-Processing-2026\source\baseline_models\link_prediction\SEAL_OGB\seal_link_pred.py:109: UserWarning: It is not recommended to directly access the internal storage format `data` of an 'InMemoryDataset'. If you are absolutely certain what you are doing, access the internal storage via `InMemoryDataset._data` instead to suppress this warning. Alternatively, you can access stacked individual attributes of every graph via `dataset.{attr_name}`.
  if 'edge_weight' in self.data:
C:\Users\UNITY\Desktop\ANH\Image-Processing-2026\source\baseline_models\link_prediction\SEAL_OGB\seal_link_pred.py:110: UserWarning: It is not recommended to directly access the internal storage format `data` of an 'InMemoryDataset'. If you are absolutely certain what you are doing, access the internal storage via `InMemoryDataset._data` instead to suppress this warning. Alternatively, you can access stacked individual attributes of every graph via `dataset.{attr_name}`.
  edge_weight = self.data.edge_weight.view(-1)
C:\Users\UNITY\Desktop\ANH\Image-Processing-2026\source\baseline_models\link_prediction\SEAL_OGB\seal_link_pred.py:114: UserWarning: It is not recommended to directly access the internal storage format `data` of an 'InMemoryDataset'. If you are absolutely certain what you are doing, access the internal storage via `InMemoryDataset._data` instead to suppress this warning. Alternatively, you can access stacked individual attributes of every graph via `dataset.{attr_name}`.
  (edge_weight, (self.data.edge_index[0], self.data.edge_index[1])),
C:\Users\UNITY\Desktop\ANH\Image-Processing-2026\source\baseline_models\link_prediction\SEAL_OGB\seal_link_pred.py:115: UserWarning: It is not recommended to directly access the internal storage format `data` of an 'InMemoryDataset'. If you are absolutely certain what you are doing, access the internal storage via `InMemoryDataset._data` instead to suppress this warning. Alternatively, you can access stacked individual attributes of every graph via `dataset.{attr_name}`.
  shape=(self.data.num_nodes, self.data.num_nodes)
C:\Users\UNITY\Desktop\ANH\Image-Processing-2026\source\baseline_models\link_prediction\SEAL_OGB\seal_link_pred.py:120: UserWarning: It is not recommended to directly access the internal storage format `data` of an 'InMemoryDataset'. If you are absolutely certain what you are doing, access the internal storage via `InMemoryDataset._data` instead to suppress this warning. Alternatively, you can access stacked individual attributes of every graph via `dataset.{attr_name}`.
  self.edge_attr = torch.tensor(self.data.edge_attr)
C:\Users\UNITY\Desktop\ANH\Image-Processing-2026\source\baseline_models\link_prediction\SEAL_OGB\seal_link_pred.py:120: UserWarning: To copy construct from a tensor, it is recommended to use sourceTensor.detach().clone() or sourceTensor.detach().clone().requires_grad_(True), rather than torch.tensor(sourceTensor).
  self.edge_attr = torch.tensor(self.data.edge_attr)
C:\Users\UNITY\Desktop\ANH\Image-Processing-2026\source\baseline_models\link_prediction\SEAL_OGB\seal_link_pred.py:121: UserWarning: It is not recommended to directly access the internal storage format `data` of an 'InMemoryDataset'. If you are absolutely certain what you are doing, access the internal storage via `InMemoryDataset._data` instead to suppress this warning. Alternatively, you can access stacked individual attributes of every graph via `dataset.{attr_name}`.
  self.edge = torch.tensor(self.data.edge_index)
C:\Users\UNITY\Desktop\ANH\Image-Processing-2026\source\baseline_models\link_prediction\SEAL_OGB\seal_link_pred.py:121: UserWarning: To copy construct from a tensor, it is recommended to use sourceTensor.detach().clone() or sourceTensor.detach().clone().requires_grad_(True), rather than torch.tensor(sourceTensor).
  self.edge = torch.tensor(self.data.edge_index)
C:\Users\UNITY\Desktop\ANH\Image-Processing-2026\source\baseline_models\link_prediction\SEAL_OGB\seal_link_pred.py:138: UserWarning: It is not recommended to directly access the internal storage format `data` of an 'InMemoryDataset'. If you are absolutely certain what you are doing, access the internal storage via `InMemoryDataset._data` instead to suppress this warning. Alternatively, you can access stacked individual attributes of every graph via `dataset.{attr_name}`.
  pos_edge, A, self.data.x, self.edge_attr,1, self.num_hops, self.node_label,
spatial!
[extract] 224587 links to process...
C:\Users\UNITY\Desktop\ANH\Image-Processing-2026\source\baseline_models\link_prediction\SEAL_OGB\utils.py:88: UserWarning: Creating a tensor from a list of numpy.ndarrays is extremely slow. Please consider converting the list to a single numpy.ndarray with numpy.array() before converting to a tensor. (Triggered internally at C:\actions-runner\_work\pytorch\pytorch\pytorch\torch\csrc\utils\tensor_new.cpp:256.)
  edge_features = torch.tensor([map[i].numpy() for i in edg_idx]).t()
[extract] 11229/224587 (4%) | 241.2 it/s | ETA 885s
[extract] 22458/224587 (9%) | 243.1 it/s | ETA 832s
[extract] 33687/224587 (14%) | 241.2 it/s | ETA 791s
[extract] 44916/224587 (19%) | 241.4 it/s | ETA 744s
[extract] 56145/224587 (24%) | 241.1 it/s | ETA 699s
[extract] 67374/224587 (29%) | 241.0 it/s | ETA 652s
[extract] 78603/224587 (34%) | 240.8 it/s | ETA 606s
[extract] 89832/224587 (39%) | 240.8 it/s | ETA 560s
[extract] 101061/224587 (44%) | 240.2 it/s | ETA 514s
[extract] 112290/224587 (49%) | 239.6 it/s | ETA 469s
[extract] 123519/224587 (54%) | 238.8 it/s | ETA 423s
[extract] 134748/224587 (59%) | 238.8 it/s | ETA 376s
[extract] 145977/224587 (64%) | 238.2 it/s | ETA 330s
[extract] 157206/224587 (69%) | 238.1 it/s | ETA 283s
[extract] 168435/224587 (74%) | 237.8 it/s | ETA 236s
[extract] 179664/224587 (79%) | 237.4 it/s | ETA 189s
[extract] 190893/224587 (84%) | 237.6 it/s | ETA 142s
[extract] 202122/224587 (89%) | 237.9 it/s | ETA 94s
[extract] 213351/224587 (94%) | 237.4 it/s | ETA 47s
[extract] 224580/224587 (99%) | 237.0 it/s | ETA 0s
[extract] 224587/224587 (100%) | 237.0 it/s | ETA 0s
C:\Users\UNITY\Desktop\ANH\Image-Processing-2026\source\baseline_models\link_prediction\SEAL_OGB\seal_link_pred.py:141: UserWarning: It is not recommended to directly access the internal storage format `data` of an 'InMemoryDataset'. If you are absolutely certain what you are doing, access the internal storage via `InMemoryDataset._data` instead to suppress this warning. Alternatively, you can access stacked individual attributes of every graph via `dataset.{attr_name}`.
  neg_edge, A, self.data.x, self.edge_attr,0, self.num_hops, self.node_label,
[extract] 224587 links to process...
[extract] 11229/224587 (4%) | 220.0 it/s | ETA 970s
[extract] 22458/224587 (9%) | 218.9 it/s | ETA 923s
[extract] 33687/224587 (14%) | 220.1 it/s | ETA 867s
[extract] 44916/224587 (19%) | 220.7 it/s | ETA 814s
[extract] 56145/224587 (24%) | 222.1 it/s | ETA 758s
[extract] 67374/224587 (29%) | 223.9 it/s | ETA 702s
[extract] 78603/224587 (34%) | 224.5 it/s | ETA 650s
[extract] 89832/224587 (39%) | 221.9 it/s | ETA 607s
[extract] 101061/224587 (44%) | 221.2 it/s | ETA 559s
[extract] 112290/224587 (49%) | 219.9 it/s | ETA 511s
[extract] 123519/224587 (54%) | 216.8 it/s | ETA 466s
[extract] 134748/224587 (59%) | 216.9 it/s | ETA 414s
[extract] 145977/224587 (64%) | 217.5 it/s | ETA 361s
[extract] 157206/224587 (69%) | 217.9 it/s | ETA 309s
[extract] 168435/224587 (74%) | 217.6 it/s | ETA 258s
[extract] 179664/224587 (79%) | 217.7 it/s | ETA 206s
[extract] 190893/224587 (84%) | 218.2 it/s | ETA 154s
[extract] 202122/224587 (89%) | 218.7 it/s | ETA 103s
[extract] 213351/224587 (94%) | 219.1 it/s | ETA 51s
[extract] 224580/224587 (99%) | 218.9 it/s | ETA 0s
[extract] 224587/224587 (100%) | 218.9 it/s | ETA 0s
Done!
[SEAL] Train dataset ready: 449174 samples.
[SEAL] Building val dataset (SEALDataset)...
Processing...
spatial
[extract] 28073 links to process...
[extract] 1403/28073 (4%) | 34.4 it/s | ETA 776s
[extract] 2806/28073 (9%) | 60.1 it/s | ETA 420s
[extract] 4209/28073 (14%) | 80.0 it/s | ETA 298s
[extract] 5612/28073 (19%) | 95.8 it/s | ETA 234s
[extract] 7015/28073 (24%) | 108.7 it/s | ETA 194s
[extract] 8418/28073 (29%) | 116.4 it/s | ETA 169s
[extract] 9821/28073 (34%) | 125.6 it/s | ETA 145s
[extract] 11224/28073 (39%) | 133.3 it/s | ETA 126s
[extract] 12627/28073 (44%) | 140.1 it/s | ETA 110s
[extract] 14030/28073 (49%) | 146.1 it/s | ETA 96s
[extract] 15433/28073 (54%) | 151.2 it/s | ETA 84s
[extract] 16836/28073 (59%) | 155.7 it/s | ETA 72s
[extract] 18239/28073 (64%) | 159.8 it/s | ETA 62s
[extract] 19642/28073 (69%) | 163.5 it/s | ETA 52s
[extract] 21045/28073 (74%) | 166.7 it/s | ETA 42s
[extract] 22448/28073 (79%) | 169.5 it/s | ETA 33s
[extract] 23851/28073 (84%) | 172.1 it/s | ETA 25s
[extract] 25254/28073 (89%) | 174.4 it/s | ETA 16s
[extract] 26657/28073 (94%) | 176.6 it/s | ETA 8s
[extract] 28060/28073 (99%) | 178.5 it/s | ETA 0s
[extract] 28073/28073 (100%) | 178.5 it/s | ETA 0s
[extract] 28073 links to process...
[extract] 1403/28073 (4%) | 221.6 it/s | ETA 120s
[extract] 2806/28073 (9%) | 222.3 it/s | ETA 114s
[extract] 4209/28073 (14%) | 220.8 it/s | ETA 108s
[extract] 5612/28073 (19%) | 220.9 it/s | ETA 102s
[extract] 7015/28073 (24%) | 221.9 it/s | ETA 95s
[extract] 8418/28073 (29%) | 222.7 it/s | ETA 88s
[extract] 9821/28073 (34%) | 222.1 it/s | ETA 82s
[extract] 11224/28073 (39%) | 157.8 it/s | ETA 107s
[extract] 12627/28073 (44%) | 162.8 it/s | ETA 95s
[extract] 14030/28073 (49%) | 167.6 it/s | ETA 84s
[extract] 15433/28073 (54%) | 171.5 it/s | ETA 74s
[extract] 16836/28073 (59%) | 175.2 it/s | ETA 64s
[extract] 18239/28073 (64%) | 178.4 it/s | ETA 55s
[extract] 19642/28073 (69%) | 181.2 it/s | ETA 47s
[extract] 21045/28073 (74%) | 183.6 it/s | ETA 38s
[extract] 22448/28073 (79%) | 185.9 it/s | ETA 30s
[extract] 23851/28073 (84%) | 187.9 it/s | ETA 22s
[extract] 25254/28073 (89%) | 189.6 it/s | ETA 15s
[extract] 26657/28073 (94%) | 191.2 it/s | ETA 7s
[extract] 28060/28073 (99%) | 192.6 it/s | ETA 0s
[extract] 28073/28073 (100%) | 192.6 it/s | ETA 0s
Done!
[SEAL] Val dataset ready: 56146 samples.
[SEAL] Building test dataset (SEALDataset)...
Processing...
spatial
[extract] 28073 links to process...
[extract] 1403/28073 (4%) | 223.7 it/s | ETA 119s
[extract] 2806/28073 (9%) | 191.3 it/s | ETA 132s
[extract] 4209/28073 (14%) | 204.0 it/s | ETA 117s
[extract] 5612/28073 (19%) | 210.5 it/s | ETA 107s
[extract] 7015/28073 (24%) | 215.7 it/s | ETA 98s
[extract] 8418/28073 (29%) | 218.2 it/s | ETA 90s
[extract] 9821/28073 (34%) | 220.0 it/s | ETA 83s
[extract] 11224/28073 (39%) | 221.5 it/s | ETA 76s
[extract] 12627/28073 (44%) | 222.2 it/s | ETA 70s
[extract] 14030/28073 (49%) | 222.7 it/s | ETA 63s
[extract] 15433/28073 (54%) | 222.7 it/s | ETA 57s
[extract] 16836/28073 (59%) | 223.0 it/s | ETA 50s
[extract] 18239/28073 (64%) | 223.1 it/s | ETA 44s
[extract] 19642/28073 (69%) | 223.3 it/s | ETA 38s
[extract] 21045/28073 (74%) | 223.6 it/s | ETA 31s
[extract] 22448/28073 (79%) | 223.7 it/s | ETA 25s
[extract] 23851/28073 (84%) | 224.1 it/s | ETA 19s
[extract] 25254/28073 (89%) | 224.7 it/s | ETA 13s
[extract] 26657/28073 (94%) | 225.1 it/s | ETA 6s
[extract] 28060/28073 (99%) | 224.6 it/s | ETA 0s
[extract] 28073/28073 (100%) | 224.6 it/s | ETA 0s
[extract] 28073 links to process...
[extract] 1403/28073 (4%) | 219.7 it/s | ETA 121s
[extract] 2806/28073 (9%) | 221.4 it/s | ETA 114s
[extract] 4209/28073 (14%) | 222.2 it/s | ETA 107s
[extract] 5612/28073 (19%) | 222.7 it/s | ETA 101s
[extract] 7015/28073 (24%) | 223.1 it/s | ETA 94s
[extract] 8418/28073 (29%) | 223.4 it/s | ETA 88s
[extract] 9821/28073 (34%) | 223.4 it/s | ETA 82s
[extract] 11224/28073 (39%) | 223.3 it/s | ETA 75s
[extract] 12627/28073 (44%) | 223.4 it/s | ETA 69s
[extract] 14030/28073 (49%) | 223.6 it/s | ETA 63s
[extract] 15433/28073 (54%) | 223.8 it/s | ETA 56s
[extract] 16836/28073 (59%) | 223.8 it/s | ETA 50s
[extract] 18239/28073 (64%) | 223.9 it/s | ETA 44s
[extract] 19642/28073 (69%) | 224.0 it/s | ETA 38s
[extract] 21045/28073 (74%) | 224.2 it/s | ETA 31s
[extract] 22448/28073 (79%) | 224.2 it/s | ETA 25s
[extract] 23851/28073 (84%) | 224.4 it/s | ETA 19s
[extract] 25254/28073 (89%) | 224.5 it/s | ETA 13s
[extract] 26657/28073 (94%) | 224.6 it/s | ETA 6s
[extract] 28060/28073 (99%) | 224.7 it/s | ETA 0s
[extract] 28073/28073 (100%) | 224.7 it/s | ETA 0s
Done!
[SEAL] Test dataset ready: 56146 samples.
Total number of parameters is 43714
SortPooling k is set to 10

[SEAL Epoch 1/20] Run 1/1 - training...

  0%|                                         | 0/439 [00:00<?, ?it/s]C:\Users\UNITY\Desktop\ANH\Image-Processing-2026\source\baseline_models\link_prediction\SEAL_OGB\seal_link_pred.py:235: FutureWarning: `torch.cuda.amp.autocast(args...)` is deprecated. Please use `torch.amp.autocast('cuda', args...)` instead.
  with torch.cuda.amp.autocast(enabled=_use_amp):
C:\Users\UNITY\Desktop\ANH\Image-Processing-2026\source\baseline_models\link_prediction\SEAL_OGB\models.py:208: UserWarning: 'nn.glob.global_sort_pool' is deprecated, use 'nn.aggr.SortAggr' instead
  x = global_sort_pool(x, batch, self.k)

  0%|                                 | 1/439 [00:00<02:59,  2.45it/s]
  0%|1                                | 2/439 [00:00<01:41,  4.31it/s]
  1%|3                                | 4/439 [00:00<00:55,  7.81it/s]
  1%|4                                | 6/439 [00:00<00:41, 10.36it/s]
  2%|6                                | 8/439 [00:00<00:34, 12.34it/s]
  2%|7                               | 10/439 [00:01<00:31, 13.69it/s]
  3%|8                               | 12/439 [00:01<00:29, 14.64it/s]
  3%|#                               | 14/439 [00:01<00:27, 15.45it/s]
  4%|#1                              | 16/439 [00:01<00:26, 15.96it/s]
  4%|#3                              | 18/439 [00:01<00:25, 16.29it/s]
  5%|#4                              | 20/439 [00:01<00:25, 16.61it/s]
  5%|#6                              | 22/439 [00:01<00:24, 16.79it/s]
  5%|#7                              | 24/439 [00:01<00:24, 16.87it/s]
  6%|#8                              | 26/439 [00:01<00:24, 16.99it/s]
  6%|##                              | 28/439 [00:02<00:23, 17.13it/s]
  7%|##1                             | 30/439 [00:02<00:23, 17.23it/s]
  7%|##3                             | 32/439 [00:02<00:23, 17.19it/s]
  8%|##4                             | 34/439 [00:02<00:23, 17.24it/s]
  8%|##6                             | 36/439 [00:02<00:23, 17.33it/s]
  9%|##7                             | 38/439 [00:02<00:23, 16.80it/s]
  9%|##9                             | 40/439 [00:02<00:23, 17.05it/s]
 10%|###                             | 42/439 [00:02<00:23, 17.15it/s]
 10%|###2                            | 44/439 [00:02<00:22, 17.36it/s]
 10%|###3                            | 46/439 [00:03<00:22, 17.38it/s]
 11%|###4                            | 48/439 [00:03<00:22, 17.44it/s]
 11%|###6                            | 50/439 [00:03<00:22, 17.51it/s]
 12%|###7                            | 52/439 [00:03<00:21, 17.63it/s]
 12%|###9                            | 54/439 [00:03<00:21, 17.58it/s]
 13%|####                            | 56/439 [00:03<00:21, 17.56it/s]
 13%|####2                           | 58/439 [00:03<00:21, 17.57it/s]
 14%|####3                           | 60/439 [00:03<00:21, 17.53it/s]
 14%|####5                           | 62/439 [00:04<00:21, 17.48it/s]
 15%|####6                           | 64/439 [00:04<00:21, 17.52it/s]
 15%|####8                           | 66/439 [00:04<00:21, 17.52it/s]
 15%|####9                           | 68/439 [00:04<00:21, 17.60it/s]
 16%|#####1                          | 70/439 [00:04<00:20, 17.60it/s]
 16%|#####2                          | 72/439 [00:04<00:20, 17.62it/s]
 17%|#####3                          | 74/439 [00:04<00:20, 17.64it/s]
 17%|#####5                          | 76/439 [00:04<00:20, 17.63it/s]
 18%|#####6                          | 78/439 [00:04<00:20, 17.67it/s]
 18%|#####8                          | 80/439 [00:05<00:20, 17.64it/s]
 19%|#####9                          | 82/439 [00:05<00:20, 17.60it/s]
 19%|######1                         | 84/439 [00:05<00:20, 17.55it/s]
 20%|######2                         | 86/439 [00:05<00:20, 17.55it/s]
 20%|######4                         | 88/439 [00:05<00:20, 17.53it/s]
 21%|######5                         | 90/439 [00:05<00:19, 17.47it/s]
 21%|######7                         | 92/439 [00:05<00:19, 17.61it/s]
 21%|######8                         | 94/439 [00:05<00:19, 17.67it/s]
 22%|######9                         | 96/439 [00:05<00:19, 17.60it/s]
 22%|#######1                        | 98/439 [00:06<00:19, 17.59it/s]
 23%|#######                        | 100/439 [00:06<00:19, 17.69it/s]
 23%|#######2                       | 102/439 [00:06<00:18, 17.75it/s]
 24%|#######3                       | 104/439 [00:06<00:18, 17.70it/s]
 24%|#######4                       | 106/439 [00:06<00:18, 17.73it/s]
 25%|#######6                       | 108/439 [00:06<00:18, 17.63it/s]
 25%|#######7                       | 110/439 [00:06<00:18, 17.71it/s]
 26%|#######9                       | 112/439 [00:06<00:18, 17.63it/s]
 26%|########                       | 114/439 [00:06<00:18, 17.67it/s]
 26%|########1                      | 116/439 [00:07<00:18, 17.64it/s]
 27%|########3                      | 118/439 [00:07<00:18, 17.61it/s]
 27%|########4                      | 120/439 [00:07<00:18, 17.57it/s]
 28%|########6                      | 122/439 [00:07<00:18, 17.58it/s]
 28%|########7                      | 124/439 [00:07<00:17, 17.59it/s]
 29%|########8                      | 126/439 [00:07<00:17, 17.67it/s]
 29%|#########                      | 128/439 [00:07<00:17, 17.64it/s]
 30%|#########1                     | 130/439 [00:07<00:17, 17.63it/s]
 30%|#########3                     | 132/439 [00:07<00:17, 17.59it/s]
 31%|#########4                     | 134/439 [00:08<00:17, 17.64it/s]
 31%|#########6                     | 136/439 [00:08<00:17, 17.66it/s]
 31%|#########7                     | 138/439 [00:08<00:16, 17.73it/s]
 32%|#########8                     | 140/439 [00:08<00:16, 17.69it/s]
 32%|##########                     | 142/439 [00:08<00:16, 17.71it/s]
 33%|##########1                    | 144/439 [00:08<00:16, 17.73it/s]
 33%|##########3                    | 146/439 [00:08<00:16, 17.67it/s]
 34%|##########4                    | 148/439 [00:08<00:16, 17.63it/s]
 34%|##########5                    | 150/439 [00:08<00:16, 17.61it/s]
 35%|##########7                    | 152/439 [00:09<00:16, 17.55it/s]
 35%|##########8                    | 154/439 [00:09<00:16, 17.61it/s]
 36%|###########                    | 156/439 [00:09<00:16, 17.65it/s]
 36%|###########1                   | 158/439 [00:09<00:16, 17.55it/s]
 36%|###########2                   | 160/439 [00:09<00:16, 17.39it/s]
 37%|###########4                   | 162/439 [00:09<00:15, 17.43it/s]
 37%|###########5                   | 164/439 [00:09<00:15, 17.49it/s]
 38%|###########7                   | 166/439 [00:09<00:15, 17.56it/s]
 38%|###########8                   | 168/439 [00:10<00:15, 17.57it/s]
 39%|############                   | 170/439 [00:10<00:15, 17.64it/s]
 39%|############1                  | 172/439 [00:10<00:15, 17.44it/s]
 40%|############2                  | 174/439 [00:10<00:15, 17.58it/s]
 40%|############4                  | 176/439 [00:10<00:14, 17.64it/s]
 41%|############5                  | 178/439 [00:10<00:14, 17.62it/s]
 41%|############7                  | 180/439 [00:10<00:14, 17.62it/s]
 41%|############8                  | 182/439 [00:10<00:14, 17.59it/s]
 42%|############9                  | 184/439 [00:10<00:14, 17.62it/s]
 42%|#############1                 | 186/439 [00:11<00:14, 17.67it/s]
 43%|#############2                 | 188/439 [00:11<00:14, 17.69it/s]
 43%|#############4                 | 190/439 [00:11<00:14, 17.59it/s]
 44%|#############5                 | 192/439 [00:11<00:14, 17.64it/s]
 44%|#############6                 | 194/439 [00:11<00:13, 17.68it/s]
 45%|#############8                 | 196/439 [00:11<00:13, 17.71it/s]
 45%|#############9                 | 198/439 [00:11<00:13, 17.68it/s]
 46%|##############1                | 200/439 [00:11<00:13, 17.49it/s]
 46%|##############2                | 202/439 [00:11<00:13, 17.37it/s]
 46%|##############4                | 204/439 [00:12<00:13, 17.42it/s]
 47%|##############5                | 206/439 [00:12<00:13, 17.38it/s]
 47%|##############6                | 208/439 [00:12<00:13, 17.50it/s]
 48%|##############8                | 210/439 [00:12<00:13, 17.28it/s]
 48%|##############9                | 212/439 [00:12<00:13, 17.36it/s]
 49%|###############1               | 214/439 [00:12<00:12, 17.48it/s]
 49%|###############2               | 216/439 [00:12<00:12, 17.51it/s]
 50%|###############3               | 218/439 [00:12<00:12, 17.57it/s]
 50%|###############5               | 220/439 [00:12<00:12, 17.73it/s]
 51%|###############6               | 222/439 [00:13<00:12, 17.82it/s]
 51%|###############8               | 224/439 [00:13<00:12, 17.82it/s]
 51%|###############9               | 226/439 [00:13<00:12, 17.73it/s]
 52%|################1              | 228/439 [00:13<00:11, 17.75it/s]
 52%|################2              | 230/439 [00:13<00:11, 17.74it/s]
 53%|################3              | 232/439 [00:13<00:11, 17.70it/s]
 53%|################5              | 234/439 [00:13<00:11, 17.72it/s]
 54%|################6              | 236/439 [00:13<00:11, 17.77it/s]
 54%|################8              | 238/439 [00:13<00:11, 17.76it/s]
 55%|################9              | 240/439 [00:14<00:11, 17.77it/s]
 55%|#################              | 242/439 [00:14<00:11, 17.66it/s]
 56%|#################2             | 244/439 [00:14<00:11, 17.44it/s]
 56%|#################3             | 246/439 [00:14<00:11, 17.46it/s]
 56%|#################5             | 248/439 [00:14<00:10, 17.50it/s]
 57%|#################6             | 250/439 [00:14<00:10, 17.53it/s]
 57%|#################7             | 252/439 [00:14<00:10, 17.56it/s]
 58%|#################9             | 254/439 [00:14<00:10, 17.59it/s]
 58%|##################             | 256/439 [00:15<00:10, 17.51it/s]
 59%|##################2            | 258/439 [00:15<00:10, 17.52it/s]
 59%|##################3            | 260/439 [00:15<00:10, 17.53it/s]
 60%|##################5            | 262/439 [00:15<00:10, 17.50it/s]
 60%|##################6            | 264/439 [00:15<00:10, 16.32it/s]
 61%|##################7            | 266/439 [00:15<00:10, 16.73it/s]
 61%|##################9            | 268/439 [00:15<00:10, 17.00it/s]
 62%|###################            | 270/439 [00:15<00:10, 15.91it/s]
 62%|###################2           | 272/439 [00:15<00:10, 16.36it/s]
 62%|###################3           | 274/439 [00:16<00:09, 16.71it/s]
 63%|###################4           | 276/439 [00:16<00:09, 16.95it/s]
 63%|###################6           | 278/439 [00:16<00:09, 17.26it/s]
 64%|###################7           | 280/439 [00:16<00:09, 17.35it/s]
 64%|###################9           | 282/439 [00:16<00:08, 17.56it/s]
 65%|####################           | 284/439 [00:16<00:08, 17.56it/s]
 65%|####################1          | 286/439 [00:16<00:08, 17.32it/s]
 66%|####################3          | 288/439 [00:16<00:08, 17.36it/s]
 66%|####################4          | 290/439 [00:17<00:08, 17.43it/s]
 67%|####################6          | 292/439 [00:17<00:08, 17.53it/s]
 67%|####################7          | 294/439 [00:17<00:08, 17.56it/s]
 67%|####################9          | 296/439 [00:17<00:08, 17.58it/s]
 68%|#####################          | 298/439 [00:17<00:08, 17.54it/s]
 68%|#####################1         | 300/439 [00:17<00:07, 17.54it/s]
 69%|#####################3         | 302/439 [00:17<00:07, 17.59it/s]
 69%|#####################4         | 304/439 [00:17<00:07, 17.69it/s]
 70%|#####################6         | 306/439 [00:17<00:07, 16.96it/s]
 70%|#####################7         | 308/439 [00:18<00:07, 17.20it/s]
 71%|#####################8         | 310/439 [00:18<00:07, 17.29it/s]
 71%|######################         | 312/439 [00:18<00:07, 17.40it/s]
 72%|######################1        | 314/439 [00:18<00:07, 17.42it/s]
 72%|######################3        | 316/439 [00:18<00:07, 17.54it/s]
 72%|######################4        | 318/439 [00:18<00:06, 17.57it/s]
 73%|######################5        | 320/439 [00:18<00:06, 17.66it/s]
 73%|######################7        | 322/439 [00:18<00:06, 17.67it/s]
 74%|######################8        | 324/439 [00:18<00:06, 17.58it/s]
 74%|#######################        | 326/439 [00:19<00:06, 17.58it/s]
 75%|#######################1       | 328/439 [00:19<00:06, 17.48it/s]
 75%|#######################3       | 330/439 [00:19<00:06, 17.46it/s]
 76%|#######################4       | 332/439 [00:19<00:06, 17.51it/s]
 76%|#######################5       | 334/439 [00:19<00:05, 17.51it/s]
 77%|#######################7       | 336/439 [00:19<00:05, 17.57it/s]
 77%|#######################8       | 338/439 [00:19<00:05, 17.40it/s]
 77%|########################       | 340/439 [00:19<00:05, 17.18it/s]
 78%|########################1      | 342/439 [00:20<00:05, 17.05it/s]
 78%|########################2      | 344/439 [00:20<00:05, 16.93it/s]
 79%|########################4      | 346/439 [00:20<00:05, 16.87it/s]
 79%|########################5      | 348/439 [00:20<00:05, 16.88it/s]
 80%|########################7      | 350/439 [00:20<00:05, 16.81it/s]
 80%|########################8      | 352/439 [00:20<00:05, 16.94it/s]
 81%|########################9      | 354/439 [00:20<00:04, 17.18it/s]
 81%|#########################1     | 356/439 [00:20<00:04, 17.32it/s]
 82%|#########################2     | 358/439 [00:20<00:04, 17.42it/s]
 82%|#########################4     | 360/439 [00:21<00:04, 17.43it/s]
 82%|#########################5     | 362/439 [00:21<00:04, 17.45it/s]
 83%|#########################7     | 364/439 [00:21<00:04, 17.47it/s]
 83%|#########################8     | 366/439 [00:21<00:04, 17.59it/s]
 84%|#########################9     | 368/439 [00:21<00:04, 17.62it/s]
 84%|##########################1    | 370/439 [00:21<00:03, 17.51it/s]
 85%|##########################2    | 372/439 [00:21<00:03, 17.67it/s]
 85%|##########################4    | 374/439 [00:21<00:03, 17.64it/s]
 86%|##########################5    | 376/439 [00:21<00:03, 17.69it/s]
 86%|##########################6    | 378/439 [00:22<00:03, 17.62it/s]
 87%|##########################8    | 380/439 [00:22<00:03, 17.66it/s]
 87%|##########################9    | 382/439 [00:22<00:03, 17.64it/s]
 87%|###########################1   | 384/439 [00:22<00:03, 17.62it/s]
 88%|###########################2   | 386/439 [00:22<00:03, 17.59it/s]
 88%|###########################3   | 388/439 [00:22<00:02, 17.58it/s]
 89%|###########################5   | 390/439 [00:22<00:02, 17.64it/s]
 89%|###########################6   | 392/439 [00:22<00:02, 17.67it/s]
 90%|###########################8   | 394/439 [00:22<00:02, 17.59it/s]
 90%|###########################9   | 396/439 [00:23<00:02, 17.59it/s]
 91%|############################1  | 398/439 [00:23<00:02, 17.67it/s]
 91%|############################2  | 400/439 [00:23<00:02, 17.66it/s]
 92%|############################3  | 402/439 [00:23<00:02, 17.61it/s]
 92%|############################5  | 404/439 [00:23<00:01, 17.55it/s]
 92%|############################6  | 406/439 [00:23<00:01, 17.70it/s]
 93%|############################8  | 408/439 [00:23<00:01, 17.67it/s]
 93%|############################9  | 410/439 [00:23<00:01, 17.75it/s]
 94%|#############################  | 412/439 [00:24<00:01, 16.85it/s]
 94%|#############################2 | 414/439 [00:24<00:01, 17.15it/s]
 95%|#############################3 | 416/439 [00:24<00:01, 17.27it/s]
 95%|#############################5 | 418/439 [00:24<00:01, 16.72it/s]
 96%|#############################6 | 420/439 [00:24<00:01, 16.98it/s]
 96%|#############################7 | 422/439 [00:24<00:00, 17.26it/s]
 97%|#############################9 | 424/439 [00:24<00:00, 17.46it/s]
 97%|############################## | 426/439 [00:24<00:00, 17.55it/s]
 97%|##############################2| 428/439 [00:24<00:00, 17.59it/s]
 98%|##############################3| 430/439 [00:25<00:00, 17.66it/s]
 98%|##############################5| 432/439 [00:25<00:00, 17.69it/s]
 99%|##############################6| 434/439 [00:25<00:00, 17.69it/s]
 99%|##############################7| 436/439 [00:25<00:00, 17.78it/s]
100%|##############################9| 438/439 [00:25<00:00, 17.80it/s]
100%|###############################| 439/439 [00:25<00:00, 17.17it/s]
[SEAL Epoch 1] loss=0.6262

[SEAL Epoch 2/20] Run 1/1 - training...

  0%|                                         | 0/439 [00:00<?, ?it/s]
  0%|                                 | 1/439 [00:00<00:47,  9.16it/s]
  1%|2                                | 3/439 [00:00<00:31, 13.95it/s]
  1%|3                                | 5/439 [00:00<00:27, 15.68it/s]
  2%|5                                | 7/439 [00:00<00:26, 16.41it/s]
  2%|6                                | 9/439 [00:00<00:25, 16.97it/s]
  3%|8                               | 11/439 [00:00<00:24, 17.24it/s]
  3%|9                               | 13/439 [00:00<00:24, 17.47it/s]
  3%|#                               | 15/439 [00:00<00:24, 17.35it/s]
  4%|#2                              | 17/439 [00:01<00:24, 17.43it/s]
  4%|#3                              | 19/439 [00:01<00:24, 17.43it/s]
  5%|#5                              | 21/439 [00:01<00:23, 17.57it/s]
  5%|#6                              | 23/439 [00:01<00:23, 17.64it/s]
  6%|#8                              | 25/439 [00:01<00:23, 17.61it/s]
  6%|#9                              | 27/439 [00:01<00:23, 17.65it/s]
  7%|##1                             | 29/439 [00:01<00:23, 17.73it/s]
  7%|##2                             | 31/439 [00:01<00:22, 17.77it/s]
  8%|##4                             | 33/439 [00:01<00:22, 17.83it/s]
  8%|##5                             | 35/439 [00:02<00:22, 17.78it/s]
  8%|##6                             | 37/439 [00:02<00:22, 17.75it/s]
  9%|##8                             | 39/439 [00:02<00:22, 17.73it/s]
  9%|##9                             | 41/439 [00:02<00:22, 17.72it/s]
 10%|###1                            | 43/439 [00:02<00:22, 17.69it/s]
 10%|###2                            | 45/439 [00:02<00:22, 17.61it/s]
 11%|###4                            | 47/439 [00:02<00:22, 17.64it/s]
 11%|###5                            | 49/439 [00:02<00:22, 17.56it/s]
 12%|###7                            | 51/439 [00:02<00:22, 17.60it/s]
 12%|###8                            | 53/439 [00:03<00:21, 17.59it/s]
 13%|####                            | 55/439 [00:03<00:21, 17.53it/s]
 13%|####1                           | 57/439 [00:03<00:21, 17.53it/s]
 13%|####3                           | 59/439 [00:03<00:21, 17.59it/s]
 14%|####4                           | 61/439 [00:03<00:21, 17.69it/s]
 14%|####5                           | 63/439 [00:03<00:21, 17.71it/s]
 15%|####7                           | 65/439 [00:03<00:21, 17.62it/s]
 15%|####8                           | 67/439 [00:03<00:21, 17.61it/s]
 16%|#####                           | 69/439 [00:03<00:21, 17.52it/s]
 16%|#####1                          | 71/439 [00:04<00:20, 17.56it/s]
 17%|#####3                          | 73/439 [00:04<00:20, 17.48it/s]
 17%|#####4                          | 75/439 [00:04<00:20, 17.55it/s]
 18%|#####6                          | 77/439 [00:04<00:20, 17.52it/s]
 18%|#####7                          | 79/439 [00:04<00:20, 17.56it/s]
 18%|#####9                          | 81/439 [00:04<00:21, 16.99it/s]
 19%|######                          | 83/439 [00:04<00:20, 17.16it/s]
 19%|######1                         | 85/439 [00:04<00:20, 17.42it/s]
 20%|######3                         | 87/439 [00:04<00:20, 17.54it/s]
 20%|######4                         | 89/439 [00:05<00:19, 17.63it/s]
 21%|######6                         | 91/439 [00:05<00:19, 17.53it/s]
 21%|######7                         | 93/439 [00:05<00:19, 17.57it/s]
 22%|######9                         | 95/439 [00:05<00:19, 17.62it/s]
 22%|#######                         | 97/439 [00:05<00:19, 17.72it/s]
 23%|#######2                        | 99/439 [00:05<00:19, 17.75it/s]
 23%|#######1                       | 101/439 [00:05<00:19, 17.69it/s]
 23%|#######2                       | 103/439 [00:05<00:19, 17.68it/s]
 24%|#######4                       | 105/439 [00:06<00:18, 17.67it/s]
 24%|#######5                       | 107/439 [00:06<00:18, 17.62it/s]
 25%|#######6                       | 109/439 [00:06<00:18, 17.67it/s]
 25%|#######8                       | 111/439 [00:06<00:18, 17.68it/s]
 26%|#######9                       | 113/439 [00:06<00:18, 17.65it/s]
 26%|########1                      | 115/439 [00:06<00:18, 17.79it/s]
 27%|########2                      | 117/439 [00:06<00:18, 17.73it/s]
 27%|########4                      | 119/439 [00:06<00:18, 17.77it/s]
 28%|########5                      | 121/439 [00:06<00:17, 17.78it/s]
 28%|########6                      | 123/439 [00:07<00:17, 17.75it/s]
 28%|########8                      | 125/439 [00:07<00:17, 17.66it/s]
 29%|########9                      | 127/439 [00:07<00:17, 17.67it/s]
 29%|#########1                     | 129/439 [00:07<00:17, 17.67it/s]
 30%|#########2                     | 131/439 [00:07<00:17, 17.70it/s]
 30%|#########3                     | 133/439 [00:07<00:17, 17.67it/s]
 31%|#########5                     | 135/439 [00:07<00:17, 17.65it/s]
 31%|#########6                     | 137/439 [00:07<00:17, 17.65it/s]
 32%|#########8                     | 139/439 [00:07<00:17, 17.59it/s]
 32%|#########9                     | 141/439 [00:08<00:17, 17.37it/s]
 33%|##########                     | 143/439 [00:08<00:17, 16.61it/s]
 33%|##########2                    | 145/439 [00:08<00:17, 16.78it/s]
 33%|##########3                    | 147/439 [00:08<00:17, 16.93it/s]
 34%|##########5                    | 149/439 [00:08<00:17, 16.89it/s]
 34%|##########6                    | 151/439 [00:08<00:16, 17.09it/s]
 35%|##########8                    | 153/439 [00:08<00:16, 17.31it/s]
 35%|##########9                    | 155/439 [00:08<00:16, 17.28it/s]
 36%|###########                    | 157/439 [00:08<00:16, 17.39it/s]
 36%|###########2                   | 159/439 [00:09<00:16, 17.44it/s]
 37%|###########3                   | 161/439 [00:09<00:15, 17.53it/s]
 37%|###########5                   | 163/439 [00:09<00:15, 17.57it/s]
 38%|###########6                   | 165/439 [00:09<00:15, 17.52it/s]
 38%|###########7                   | 167/439 [00:09<00:15, 17.74it/s]
 38%|###########9                   | 169/439 [00:09<00:15, 17.77it/s]
 39%|############                   | 171/439 [00:09<00:15, 17.72it/s]
 39%|############2                  | 173/439 [00:09<00:15, 17.70it/s]
 40%|############3                  | 175/439 [00:10<00:14, 17.65it/s]
 40%|############4                  | 177/439 [00:10<00:14, 17.58it/s]
 41%|############6                  | 179/439 [00:10<00:14, 17.60it/s]
 41%|############7                  | 181/439 [00:10<00:14, 17.59it/s]
 42%|############9                  | 183/439 [00:10<00:14, 17.28it/s]
 42%|#############                  | 185/439 [00:10<00:14, 17.48it/s]
 43%|#############2                 | 187/439 [00:10<00:14, 17.52it/s]
 43%|#############3                 | 189/439 [00:10<00:14, 17.65it/s]
 44%|#############4                 | 191/439 [00:10<00:14, 17.70it/s]
 44%|#############6                 | 193/439 [00:11<00:13, 17.69it/s]
 44%|#############7                 | 195/439 [00:11<00:13, 17.62it/s]
 45%|#############9                 | 197/439 [00:11<00:13, 17.56it/s]
 45%|##############                 | 199/439 [00:11<00:13, 17.60it/s]
 46%|##############1                | 201/439 [00:11<00:13, 17.65it/s]
 46%|##############3                | 203/439 [00:11<00:13, 17.59it/s]
 47%|##############4                | 205/439 [00:11<00:13, 17.65it/s]
 47%|##############6                | 207/439 [00:11<00:13, 17.61it/s]
 48%|##############7                | 209/439 [00:11<00:13, 17.60it/s]
 48%|##############8                | 211/439 [00:12<00:12, 17.62it/s]
 49%|###############                | 213/439 [00:12<00:12, 17.69it/s]
 49%|###############1               | 215/439 [00:12<00:12, 17.77it/s]
 49%|###############3               | 217/439 [00:12<00:12, 17.77it/s]
 50%|###############4               | 219/439 [00:12<00:12, 17.02it/s]
 50%|###############6               | 221/439 [00:12<00:12, 17.23it/s]
 51%|###############7               | 223/439 [00:12<00:12, 17.42it/s]
 51%|###############8               | 225/439 [00:12<00:12, 17.37it/s]
 52%|################               | 227/439 [00:12<00:12, 17.46it/s]
 52%|################1              | 229/439 [00:13<00:12, 17.27it/s]
 53%|################3              | 231/439 [00:13<00:11, 17.36it/s]
 53%|################4              | 233/439 [00:13<00:11, 17.47it/s]
 54%|################5              | 235/439 [00:13<00:11, 17.49it/s]
 54%|################7              | 237/439 [00:13<00:11, 17.55it/s]
 54%|################8              | 239/439 [00:13<00:11, 17.57it/s]
 55%|#################              | 241/439 [00:13<00:11, 17.50it/s]
 55%|#################1             | 243/439 [00:13<00:11, 17.38it/s]
 56%|#################3             | 245/439 [00:14<00:11, 17.16it/s]
 56%|#################4             | 247/439 [00:14<00:11, 16.99it/s]
 57%|#################5             | 249/439 [00:14<00:11, 16.84it/s]
 57%|#################7             | 251/439 [00:14<00:11, 16.83it/s]
 58%|#################8             | 253/439 [00:14<00:11, 16.80it/s]
 58%|##################             | 255/439 [00:14<00:10, 16.75it/s]
 59%|##################1            | 257/439 [00:14<00:10, 16.70it/s]
 59%|##################2            | 259/439 [00:14<00:10, 16.80it/s]
 59%|##################4            | 261/439 [00:14<00:10, 16.80it/s]
 60%|##################5            | 263/439 [00:15<00:10, 17.12it/s]
 60%|##################7            | 265/439 [00:15<00:10, 17.26it/s]
 61%|##################8            | 267/439 [00:15<00:10, 17.15it/s]
 61%|##################9            | 269/439 [00:15<00:09, 17.31it/s]
 62%|###################1           | 271/439 [00:15<00:09, 17.36it/s]
 62%|###################2           | 273/439 [00:15<00:09, 17.45it/s]
 63%|###################4           | 275/439 [00:15<00:09, 17.52it/s]
 63%|###################5           | 277/439 [00:15<00:09, 17.68it/s]
 64%|###################7           | 279/439 [00:15<00:09, 17.62it/s]
 64%|###################8           | 281/439 [00:16<00:08, 17.62it/s]
 64%|###################9           | 283/439 [00:16<00:08, 17.60it/s]
 65%|####################1          | 285/439 [00:16<00:08, 17.65it/s]
 65%|####################2          | 287/439 [00:16<00:08, 17.64it/s]
 66%|####################4          | 289/439 [00:16<00:08, 17.65it/s]
 66%|####################5          | 291/439 [00:16<00:08, 17.63it/s]
 67%|####################6          | 293/439 [00:16<00:08, 17.70it/s]
 67%|####################8          | 295/439 [00:16<00:08, 17.66it/s]
 68%|####################9          | 297/439 [00:17<00:08, 17.59it/s]
 68%|#####################1         | 299/439 [00:17<00:08, 17.49it/s]
 69%|#####################2         | 301/439 [00:17<00:07, 17.57it/s]
 69%|#####################3         | 303/439 [00:17<00:07, 17.59it/s]
 69%|#####################5         | 305/439 [00:17<00:07, 17.58it/s]
 70%|#####################6         | 307/439 [00:17<00:07, 17.60it/s]
 70%|#####################8         | 309/439 [00:17<00:07, 17.64it/s]
 71%|#####################9         | 311/439 [00:17<00:07, 17.62it/s]
 71%|######################1        | 313/439 [00:17<00:07, 17.46it/s]
 72%|######################2        | 315/439 [00:18<00:07, 17.49it/s]
 72%|######################3        | 317/439 [00:18<00:06, 17.49it/s]
 73%|######################5        | 319/439 [00:18<00:06, 17.43it/s]
 73%|######################6        | 321/439 [00:18<00:06, 17.48it/s]
 74%|######################8        | 323/439 [00:18<00:06, 17.51it/s]
 74%|######################9        | 325/439 [00:18<00:06, 17.52it/s]
 74%|#######################        | 327/439 [00:18<00:06, 17.50it/s]
 75%|#######################2       | 329/439 [00:18<00:06, 17.46it/s]
 75%|#######################3       | 331/439 [00:18<00:06, 17.53it/s]
 76%|#######################5       | 333/439 [00:19<00:06, 17.58it/s]
 76%|#######################6       | 335/439 [00:19<00:05, 17.57it/s]
 77%|#######################7       | 337/439 [00:19<00:05, 17.55it/s]
 77%|#######################9       | 339/439 [00:19<00:05, 17.60it/s]
 78%|########################       | 341/439 [00:19<00:05, 17.55it/s]
 78%|########################2      | 343/439 [00:19<00:05, 17.54it/s]
 79%|########################3      | 345/439 [00:19<00:05, 17.58it/s]
 79%|########################5      | 347/439 [00:19<00:05, 17.65it/s]
 79%|########################6      | 349/439 [00:19<00:05, 17.67it/s]
 80%|########################7      | 351/439 [00:20<00:05, 17.48it/s]
 80%|########################9      | 353/439 [00:20<00:04, 17.55it/s]
 81%|#########################      | 355/439 [00:20<00:04, 17.60it/s]
 81%|#########################2     | 357/439 [00:20<00:04, 17.28it/s]
 82%|#########################3     | 359/439 [00:20<00:04, 17.37it/s]
 82%|#########################4     | 361/439 [00:20<00:04, 17.51it/s]
 83%|#########################6     | 363/439 [00:20<00:04, 17.62it/s]
 83%|#########################7     | 365/439 [00:20<00:04, 17.65it/s]
 84%|#########################9     | 367/439 [00:21<00:04, 17.64it/s]
 84%|##########################     | 369/439 [00:21<00:03, 17.52it/s]
 85%|##########################1    | 371/439 [00:21<00:03, 17.56it/s]
 85%|##########################3    | 373/439 [00:21<00:03, 17.59it/s]
 85%|##########################4    | 375/439 [00:21<00:03, 17.59it/s]
 86%|##########################6    | 377/439 [00:21<00:03, 17.65it/s]
 86%|##########################7    | 379/439 [00:21<00:03, 17.59it/s]
 87%|##########################9    | 381/439 [00:21<00:03, 17.64it/s]
 87%|###########################    | 383/439 [00:21<00:03, 17.60it/s]
 88%|###########################1   | 385/439 [00:22<00:03, 17.61it/s]
 88%|###########################3   | 387/439 [00:22<00:02, 17.76it/s]
 89%|###########################4   | 389/439 [00:22<00:02, 17.80it/s]
 89%|###########################6   | 391/439 [00:22<00:02, 17.80it/s]
 90%|###########################7   | 393/439 [00:22<00:02, 17.71it/s]
 90%|###########################8   | 395/439 [00:22<00:02, 17.71it/s]
 90%|############################   | 397/439 [00:22<00:02, 17.71it/s]
 91%|############################1  | 399/439 [00:22<00:02, 17.70it/s]
 91%|############################3  | 401/439 [00:22<00:02, 17.66it/s]
 92%|############################4  | 403/439 [00:23<00:02, 17.67it/s]
 92%|############################5  | 405/439 [00:23<00:02, 16.02it/s]
 93%|############################7  | 407/439 [00:23<00:02, 15.94it/s]
 93%|############################8  | 409/439 [00:23<00:01, 16.43it/s]
 94%|#############################  | 411/439 [00:23<00:01, 16.41it/s]
 94%|#############################1 | 413/439 [00:23<00:01, 16.73it/s]
 95%|#############################3 | 415/439 [00:23<00:01, 17.00it/s]
 95%|#############################4 | 417/439 [00:23<00:01, 17.16it/s]
 95%|#############################5 | 419/439 [00:24<00:01, 17.30it/s]
 96%|#############################7 | 421/439 [00:24<00:01, 17.34it/s]
 96%|#############################8 | 423/439 [00:24<00:00, 17.40it/s]
 97%|############################## | 425/439 [00:24<00:00, 17.49it/s]
 97%|##############################1| 427/439 [00:24<00:00, 17.63it/s]
 98%|##############################2| 429/439 [00:24<00:00, 17.65it/s]
 98%|##############################4| 431/439 [00:24<00:00, 17.63it/s]
 99%|##############################5| 433/439 [00:24<00:00, 17.68it/s]
 99%|##############################7| 435/439 [00:24<00:00, 17.63it/s]
100%|##############################8| 437/439 [00:25<00:00, 17.64it/s]
100%|###############################| 439/439 [00:25<00:00, 17.81it/s]
100%|###############################| 439/439 [00:25<00:00, 17.46it/s]
[SEAL Epoch 2] loss=0.5727

[SEAL Epoch 3/20] Run 1/1 - training...

  0%|                                         | 0/439 [00:00<?, ?it/s]
  0%|1                                | 2/439 [00:00<00:29, 15.01it/s]
  1%|3                                | 4/439 [00:00<00:26, 16.58it/s]
  1%|4                                | 6/439 [00:00<00:25, 17.01it/s]
  2%|6                                | 8/439 [00:00<00:24, 17.25it/s]
  2%|7                               | 10/439 [00:00<00:24, 17.35it/s]
  3%|8                               | 12/439 [00:00<00:24, 17.36it/s]
  3%|#                               | 14/439 [00:00<00:24, 17.46it/s]
  4%|#1                              | 16/439 [00:00<00:24, 17.58it/s]
  4%|#3                              | 18/439 [00:01<00:23, 17.58it/s]
  5%|#4                              | 20/439 [00:01<00:23, 17.55it/s]
  5%|#6                              | 22/439 [00:01<00:23, 17.70it/s]
  5%|#7                              | 24/439 [00:01<00:23, 17.71it/s]
  6%|#8                              | 26/439 [00:01<00:23, 17.70it/s]
  6%|##                              | 28/439 [00:01<00:23, 17.70it/s]
  7%|##1                             | 30/439 [00:01<00:23, 17.66it/s]
  7%|##3                             | 32/439 [00:01<00:22, 17.72it/s]
  8%|##4                             | 34/439 [00:01<00:22, 17.63it/s]
  8%|##6                             | 36/439 [00:02<00:22, 17.59it/s]
  9%|##7                             | 38/439 [00:02<00:22, 17.52it/s]
  9%|##9                             | 40/439 [00:02<00:22, 17.61it/s]
 10%|###                             | 42/439 [00:02<00:22, 17.62it/s]
 10%|###2                            | 44/439 [00:02<00:22, 17.32it/s]
 10%|###3                            | 46/439 [00:02<00:22, 17.14it/s]
 11%|###4                            | 48/439 [00:02<00:22, 17.01it/s]
 11%|###6                            | 50/439 [00:02<00:22, 17.01it/s]
 12%|###7                            | 52/439 [00:02<00:22, 17.23it/s]
 12%|###9                            | 54/439 [00:03<00:22, 17.32it/s]
 13%|####                            | 56/439 [00:03<00:21, 17.45it/s]
 13%|####2                           | 58/439 [00:03<00:21, 17.68it/s]
 14%|####3                           | 60/439 [00:03<00:21, 17.64it/s]
 14%|####5                           | 62/439 [00:03<00:21, 17.58it/s]
 15%|####6                           | 64/439 [00:03<00:21, 17.62it/s]
 15%|####8                           | 66/439 [00:03<00:21, 17.60it/s]
 15%|####9                           | 68/439 [00:03<00:21, 16.95it/s]
 16%|#####1                          | 70/439 [00:04<00:21, 17.17it/s]
 16%|#####2                          | 72/439 [00:04<00:21, 17.25it/s]
 17%|#####3                          | 74/439 [00:04<00:21, 17.38it/s]
 17%|#####5                          | 76/439 [00:04<00:20, 17.56it/s]
 18%|#####6                          | 78/439 [00:04<00:20, 17.62it/s]
 18%|#####8                          | 80/439 [00:04<00:20, 17.49it/s]
 19%|#####9                          | 82/439 [00:04<00:20, 17.41it/s]
 19%|######1                         | 84/439 [00:04<00:20, 17.45it/s]
 20%|######2                         | 86/439 [00:04<00:20, 17.48it/s]
 20%|######4                         | 88/439 [00:05<00:20, 17.50it/s]
 21%|######5                         | 90/439 [00:05<00:19, 17.49it/s]
 21%|######7                         | 92/439 [00:05<00:20, 16.70it/s]
 21%|######8                         | 94/439 [00:05<00:20, 16.85it/s]
 22%|######9                         | 96/439 [00:05<00:20, 17.07it/s]
 22%|#######1                        | 98/439 [00:06<00:57,  5.96it/s]
 23%|#######                        | 100/439 [00:06<00:45,  7.43it/s]
 23%|#######2                       | 102/439 [00:06<00:37,  8.96it/s]
 24%|#######3                       | 104/439 [00:06<00:32, 10.37it/s]
 24%|#######4                       | 106/439 [00:06<00:28, 11.67it/s]
 25%|#######6                       | 108/439 [00:06<00:25, 12.82it/s]
 25%|#######7                       | 110/439 [00:07<00:23, 13.79it/s]
 26%|#######9                       | 112/439 [00:07<00:22, 14.51it/s]
 26%|########                       | 114/439 [00:07<00:21, 15.14it/s]
 26%|########1                      | 116/439 [00:07<00:20, 15.59it/s]
 27%|########3                      | 118/439 [00:07<00:20, 15.88it/s]
 27%|########4                      | 120/439 [00:07<00:19, 16.17it/s]
 28%|########6                      | 122/439 [00:07<00:19, 16.17it/s]
 28%|########7                      | 124/439 [00:07<00:19, 16.05it/s]
 29%|########8                      | 126/439 [00:08<00:18, 16.53it/s]
 29%|#########                      | 128/439 [00:08<00:18, 16.65it/s]
 30%|#########1                     | 130/439 [00:08<00:18, 16.78it/s]
 30%|#########3                     | 132/439 [00:08<00:18, 16.96it/s]
 31%|#########4                     | 134/439 [00:08<00:17, 17.06it/s]
 31%|#########6                     | 136/439 [00:08<00:17, 17.25it/s]
 31%|#########7                     | 138/439 [00:08<00:17, 17.28it/s]
 32%|#########8                     | 140/439 [00:08<00:17, 17.41it/s]
 32%|##########                     | 142/439 [00:08<00:17, 17.43it/s]
 33%|##########1                    | 144/439 [00:09<00:16, 17.46it/s]
 33%|##########3                    | 146/439 [00:09<00:16, 17.48it/s]
 34%|##########4                    | 148/439 [00:09<00:16, 17.64it/s]
 34%|##########5                    | 150/439 [00:09<00:16, 17.56it/s]
 35%|##########7                    | 152/439 [00:09<00:16, 17.70it/s]
 35%|##########8                    | 154/439 [00:09<00:16, 17.56it/s]
 36%|###########                    | 156/439 [00:09<00:16, 17.50it/s]
 36%|###########1                   | 158/439 [00:09<00:16, 17.51it/s]
 36%|###########2                   | 160/439 [00:09<00:15, 17.52it/s]
 37%|###########4                   | 162/439 [00:10<00:15, 17.50it/s]
 37%|###########5                   | 164/439 [00:10<00:15, 17.59it/s]
 38%|###########7                   | 166/439 [00:10<00:15, 17.64it/s]
 38%|###########8                   | 168/439 [00:10<00:15, 17.52it/s]
 39%|############                   | 170/439 [00:10<00:15, 17.55it/s]
 39%|############1                  | 172/439 [00:10<00:15, 17.56it/s]
 40%|############2                  | 174/439 [00:10<00:15, 17.55it/s]
 40%|############4                  | 176/439 [00:10<00:15, 17.50it/s]
 41%|############5                  | 178/439 [00:11<00:14, 17.55it/s]
 41%|############7                  | 180/439 [00:11<00:14, 17.49it/s]
 41%|############8                  | 182/439 [00:11<00:14, 17.47it/s]
 42%|############9                  | 184/439 [00:11<00:14, 17.55it/s]
 42%|#############1                 | 186/439 [00:11<00:14, 17.54it/s]
 43%|#############2                 | 188/439 [00:11<00:14, 17.65it/s]
 43%|#############4                 | 190/439 [00:11<00:14, 17.59it/s]
 44%|#############5                 | 192/439 [00:11<00:14, 17.01it/s]
 44%|#############6                 | 194/439 [00:11<00:14, 17.18it/s]
 45%|#############8                 | 196/439 [00:12<00:14, 17.32it/s]
 45%|#############9                 | 198/439 [00:12<00:13, 17.32it/s]
 46%|##############1                | 200/439 [00:12<00:13, 17.44it/s]
 46%|##############2                | 202/439 [00:12<00:13, 17.51it/s]
 46%|##############4                | 204/439 [00:12<00:13, 17.51it/s]
 47%|##############5                | 206/439 [00:12<00:13, 17.63it/s]
 47%|##############6                | 208/439 [00:12<00:13, 17.51it/s]
 48%|##############8                | 210/439 [00:12<00:13, 17.57it/s]
 48%|##############9                | 212/439 [00:12<00:12, 17.50it/s]
 49%|###############1               | 214/439 [00:13<00:12, 17.51it/s]
 49%|###############2               | 216/439 [00:13<00:12, 17.56it/s]
 50%|###############3               | 218/439 [00:13<00:12, 17.49it/s]
 50%|###############5               | 220/439 [00:13<00:12, 17.46it/s]
 51%|###############6               | 222/439 [00:13<00:12, 17.40it/s]
 51%|###############8               | 224/439 [00:13<00:12, 17.41it/s]
 51%|###############9               | 226/439 [00:13<00:12, 17.49it/s]
 52%|################1              | 228/439 [00:13<00:12, 17.52it/s]
 52%|################2              | 230/439 [00:13<00:11, 17.51it/s]
 53%|################3              | 232/439 [00:14<00:11, 17.57it/s]
 53%|################5              | 234/439 [00:14<00:11, 17.58it/s]
 54%|################6              | 236/439 [00:14<00:12, 16.92it/s]
 54%|################8              | 238/439 [00:14<00:11, 17.11it/s]
 55%|################9              | 240/439 [00:14<00:11, 17.19it/s]
 55%|#################              | 242/439 [00:14<00:11, 17.26it/s]
 56%|#################2             | 244/439 [00:14<00:11, 17.33it/s]
 56%|#################3             | 246/439 [00:14<00:11, 17.43it/s]
 56%|#################5             | 248/439 [00:15<00:10, 17.42it/s]
 57%|#################6             | 250/439 [00:15<00:10, 17.29it/s]
 57%|#################7             | 252/439 [00:15<00:10, 17.42it/s]
 58%|#################9             | 254/439 [00:15<00:10, 17.55it/s]
 58%|##################             | 256/439 [00:15<00:10, 17.49it/s]
 59%|##################2            | 258/439 [00:15<00:10, 17.50it/s]
 59%|##################3            | 260/439 [00:15<00:10, 17.68it/s]
 60%|##################5            | 262/439 [00:15<00:09, 17.74it/s]
 60%|##################6            | 264/439 [00:15<00:09, 17.64it/s]
 61%|##################7            | 266/439 [00:16<00:09, 17.64it/s]
 61%|##################9            | 268/439 [00:16<00:09, 17.58it/s]
 62%|###################            | 270/439 [00:16<00:09, 17.56it/s]
 62%|###################2           | 272/439 [00:16<00:09, 17.63it/s]
 62%|###################3           | 274/439 [00:16<00:09, 17.58it/s]
 63%|###################4           | 276/439 [00:16<00:09, 17.62it/s]
 63%|###################6           | 278/439 [00:16<00:09, 17.69it/s]
 64%|###################7           | 280/439 [00:16<00:09, 17.65it/s]
 64%|###################9           | 282/439 [00:16<00:08, 17.62it/s]
 65%|####################           | 284/439 [00:17<00:08, 17.66it/s]
 65%|####################1          | 286/439 [00:17<00:08, 17.66it/s]
 66%|####################3          | 288/439 [00:17<00:08, 17.57it/s]
 66%|####################4          | 290/439 [00:17<00:08, 17.62it/s]
 67%|####################6          | 292/439 [00:17<00:08, 17.42it/s]
 67%|####################7          | 294/439 [00:17<00:08, 17.48it/s]
 67%|####################9          | 296/439 [00:17<00:08, 17.42it/s]
 68%|#####################          | 298/439 [00:17<00:08, 17.58it/s]
 68%|#####################1         | 300/439 [00:17<00:07, 17.59it/s]
 69%|#####################3         | 302/439 [00:18<00:07, 17.59it/s]
 69%|#####################4         | 304/439 [00:18<00:07, 17.60it/s]
 70%|#####################6         | 306/439 [00:18<00:07, 17.63it/s]
 70%|#####################7         | 308/439 [00:18<00:07, 17.60it/s]
 71%|#####################8         | 310/439 [00:18<00:07, 17.62it/s]
 71%|######################         | 312/439 [00:18<00:07, 17.67it/s]
 72%|######################1        | 314/439 [00:18<00:07, 17.61it/s]
 72%|######################3        | 316/439 [00:18<00:06, 17.79it/s]
 72%|######################4        | 318/439 [00:19<00:06, 17.73it/s]
 73%|######################5        | 320/439 [00:19<00:06, 17.73it/s]
 73%|######################7        | 322/439 [00:19<00:06, 17.66it/s]
 74%|######################8        | 324/439 [00:19<00:06, 17.71it/s]
 74%|#######################        | 326/439 [00:19<00:06, 17.67it/s]
 75%|#######################1       | 328/439 [00:19<00:06, 17.65it/s]
 75%|#######################3       | 330/439 [00:19<00:06, 17.60it/s]
 76%|#######################4       | 332/439 [00:19<00:06, 17.56it/s]
 76%|#######################5       | 334/439 [00:19<00:05, 17.54it/s]
 77%|#######################7       | 336/439 [00:20<00:05, 17.50it/s]
 77%|#######################8       | 338/439 [00:20<00:05, 17.52it/s]
 77%|########################       | 340/439 [00:20<00:05, 17.49it/s]
 78%|########################1      | 342/439 [00:20<00:05, 17.53it/s]
 78%|########################2      | 344/439 [00:20<00:05, 17.55it/s]
 79%|########################4      | 346/439 [00:20<00:05, 17.44it/s]
 79%|########################5      | 348/439 [00:20<00:05, 17.50it/s]
 80%|########################7      | 350/439 [00:20<00:05, 17.59it/s]
 80%|########################8      | 352/439 [00:20<00:04, 17.62it/s]
 81%|########################9      | 354/439 [00:21<00:04, 17.64it/s]
 81%|#########################1     | 356/439 [00:21<00:04, 16.91it/s]
 82%|#########################2     | 358/439 [00:21<00:04, 17.23it/s]
 82%|#########################4     | 360/439 [00:21<00:04, 16.68it/s]
 82%|#########################5     | 362/439 [00:21<00:04, 16.90it/s]
 83%|#########################7     | 364/439 [00:21<00:04, 17.14it/s]
 83%|#########################8     | 366/439 [00:21<00:04, 17.34it/s]
 84%|#########################9     | 368/439 [00:21<00:04, 17.41it/s]
 84%|##########################1    | 370/439 [00:21<00:03, 17.47it/s]
 85%|##########################2    | 372/439 [00:22<00:03, 17.58it/s]
 85%|##########################4    | 374/439 [00:22<00:03, 17.42it/s]
 86%|##########################5    | 376/439 [00:22<00:03, 17.45it/s]
 86%|##########################6    | 378/439 [00:22<00:03, 17.48it/s]
 87%|##########################8    | 380/439 [00:22<00:03, 17.53it/s]
 87%|##########################9    | 382/439 [00:22<00:03, 17.51it/s]
 87%|###########################1   | 384/439 [00:22<00:03, 17.55it/s]
 88%|###########################2   | 386/439 [00:22<00:03, 17.59it/s]
 88%|###########################3   | 388/439 [00:23<00:02, 17.60it/s]
 89%|###########################5   | 390/439 [00:23<00:02, 17.66it/s]
 89%|###########################6   | 392/439 [00:23<00:02, 17.62it/s]
 90%|###########################8   | 394/439 [00:23<00:02, 17.69it/s]
 90%|###########################9   | 396/439 [00:23<00:02, 17.62it/s]
 91%|############################1  | 398/439 [00:23<00:02, 17.57it/s]
 91%|############################2  | 400/439 [00:23<00:02, 17.54it/s]
 92%|############################3  | 402/439 [00:23<00:02, 17.21it/s]
 92%|############################5  | 404/439 [00:23<00:02, 16.96it/s]
 92%|############################6  | 406/439 [00:24<00:01, 16.93it/s]
 93%|############################8  | 408/439 [00:24<00:01, 17.15it/s]
 93%|############################9  | 410/439 [00:24<00:01, 17.31it/s]
 94%|#############################  | 412/439 [00:24<00:01, 17.48it/s]
 94%|#############################2 | 414/439 [00:24<00:01, 17.53it/s]
 95%|#############################3 | 416/439 [00:24<00:01, 17.56it/s]
 95%|#############################5 | 418/439 [00:24<00:01, 16.87it/s]
 96%|#############################6 | 420/439 [00:24<00:01, 17.03it/s]
 96%|#############################7 | 422/439 [00:24<00:00, 17.20it/s]
 97%|#############################9 | 424/439 [00:25<00:00, 17.28it/s]
 97%|############################## | 426/439 [00:25<00:00, 17.48it/s]
 97%|##############################2| 428/439 [00:25<00:00, 17.45it/s]
 98%|##############################3| 430/439 [00:25<00:00, 17.53it/s]
 98%|##############################5| 432/439 [00:25<00:00, 16.85it/s]
 99%|##############################6| 434/439 [00:25<00:00, 17.02it/s]
 99%|##############################7| 436/439 [00:25<00:00, 17.25it/s]
100%|##############################9| 438/439 [00:25<00:00, 17.41it/s]
100%|###############################| 439/439 [00:25<00:00, 16.91it/s]
[SEAL Epoch 3] loss=0.5654

[SEAL Epoch 4/20] Run 1/1 - training...

  0%|                                         | 0/439 [00:00<?, ?it/s]
  0%|1                                | 2/439 [00:00<00:26, 16.20it/s]
  1%|3                                | 4/439 [00:00<00:25, 17.26it/s]
  1%|4                                | 6/439 [00:00<00:25, 17.32it/s]
  2%|6                                | 8/439 [00:00<00:24, 17.41it/s]
  2%|7                               | 10/439 [00:00<00:24, 17.60it/s]
  3%|8                               | 12/439 [00:00<00:24, 17.61it/s]
  3%|#                               | 14/439 [00:00<00:24, 17.51it/s]
  4%|#1                              | 16/439 [00:00<00:24, 17.54it/s]
  4%|#3                              | 18/439 [00:01<00:23, 17.59it/s]
  5%|#4                              | 20/439 [00:01<00:24, 17.38it/s]
  5%|#6                              | 22/439 [00:01<00:23, 17.54it/s]
  5%|#7                              | 24/439 [00:01<00:23, 17.47it/s]
  6%|#8                              | 26/439 [00:01<00:23, 17.52it/s]
  6%|##                              | 28/439 [00:01<00:23, 17.40it/s]
  7%|##1                             | 30/439 [00:01<00:23, 17.50it/s]
  7%|##3                             | 32/439 [00:01<00:23, 17.65it/s]
  8%|##4                             | 34/439 [00:01<00:22, 17.65it/s]
  8%|##6                             | 36/439 [00:02<00:22, 17.59it/s]
  9%|##7                             | 38/439 [00:02<00:22, 17.57it/s]
  9%|##9                             | 40/439 [00:02<00:22, 17.74it/s]
 10%|###                             | 42/439 [00:02<00:22, 17.77it/s]
 10%|###2                            | 44/439 [00:02<00:22, 17.67it/s]
 10%|###3                            | 46/439 [00:02<00:22, 17.73it/s]
 11%|###4                            | 48/439 [00:02<00:22, 17.77it/s]
 11%|###6                            | 50/439 [00:02<00:22, 17.67it/s]
 12%|###7                            | 52/439 [00:02<00:21, 17.70it/s]
 12%|###9                            | 54/439 [00:03<00:21, 17.74it/s]
 13%|####                            | 56/439 [00:03<00:21, 17.71it/s]
 13%|####2                           | 58/439 [00:03<00:21, 17.61it/s]
 14%|####3                           | 60/439 [00:03<00:21, 17.76it/s]
 14%|####5                           | 62/439 [00:03<00:21, 17.56it/s]
 15%|####6                           | 64/439 [00:03<00:21, 17.45it/s]
 15%|####8                           | 66/439 [00:03<00:21, 17.50it/s]
 15%|####9                           | 68/439 [00:03<00:21, 17.58it/s]
 16%|#####1                          | 70/439 [00:03<00:20, 17.66it/s]
 16%|#####2                          | 72/439 [00:04<00:20, 17.77it/s]
 17%|#####3                          | 74/439 [00:04<00:20, 17.74it/s]
 17%|#####5                          | 76/439 [00:04<00:20, 17.65it/s]
 18%|#####6                          | 78/439 [00:04<00:20, 17.45it/s]
 18%|#####8                          | 80/439 [00:04<00:20, 17.51it/s]
 19%|#####9                          | 82/439 [00:04<00:20, 17.56it/s]
 19%|######1                         | 84/439 [00:04<00:20, 17.59it/s]
 20%|######2                         | 86/439 [00:04<00:19, 17.67it/s]
 20%|######4                         | 88/439 [00:05<00:19, 17.69it/s]
 21%|######5                         | 90/439 [00:05<00:19, 17.69it/s]
 21%|######7                         | 92/439 [00:05<00:19, 17.64it/s]
 21%|######8                         | 94/439 [00:05<00:19, 17.70it/s]
 22%|######9                         | 96/439 [00:05<00:19, 17.62it/s]
 22%|#######1                        | 98/439 [00:05<00:19, 17.62it/s]
 23%|#######                        | 100/439 [00:05<00:19, 17.63it/s]
 23%|#######2                       | 102/439 [00:05<00:19, 17.60it/s]
 24%|#######3                       | 104/439 [00:05<00:18, 17.64it/s]
 24%|#######4                       | 106/439 [00:06<00:18, 17.53it/s]
 25%|#######6                       | 108/439 [00:06<00:18, 17.54it/s]
 25%|#######7                       | 110/439 [00:06<00:18, 17.45it/s]
 26%|#######9                       | 112/439 [00:06<00:18, 17.48it/s]
 26%|########                       | 114/439 [00:06<00:18, 17.55it/s]
 26%|########1                      | 116/439 [00:06<00:18, 17.63it/s]
 27%|########3                      | 118/439 [00:06<00:18, 17.62it/s]
 27%|########4                      | 120/439 [00:06<00:18, 17.51it/s]
 28%|########6                      | 122/439 [00:06<00:18, 17.48it/s]
 28%|########7                      | 124/439 [00:07<00:18, 17.37it/s]
 29%|########8                      | 126/439 [00:07<00:17, 17.41it/s]
 29%|#########                      | 128/439 [00:07<00:17, 17.41it/s]
 30%|#########1                     | 130/439 [00:07<00:17, 17.44it/s]
 30%|#########3                     | 132/439 [00:07<00:17, 17.40it/s]
 31%|#########4                     | 134/439 [00:07<00:17, 17.09it/s]
 31%|#########6                     | 136/439 [00:07<00:17, 17.02it/s]
 31%|#########7                     | 138/439 [00:07<00:17, 17.14it/s]
 32%|#########8                     | 140/439 [00:07<00:17, 17.20it/s]
 32%|##########                     | 142/439 [00:08<00:17, 17.31it/s]
 33%|##########1                    | 144/439 [00:08<00:16, 17.39it/s]
 33%|##########3                    | 146/439 [00:08<00:16, 17.47it/s]
 34%|##########4                    | 148/439 [00:08<00:16, 17.47it/s]
 34%|##########5                    | 150/439 [00:08<00:16, 17.40it/s]
 35%|##########7                    | 152/439 [00:08<00:16, 17.36it/s]
 35%|##########8                    | 154/439 [00:08<00:16, 17.40it/s]
 36%|###########                    | 156/439 [00:08<00:16, 17.44it/s]
 36%|###########1                   | 158/439 [00:09<00:16, 17.45it/s]
 36%|###########2                   | 160/439 [00:09<00:15, 17.49it/s]
 37%|###########4                   | 162/439 [00:09<00:16, 17.26it/s]
 37%|###########5                   | 164/439 [00:09<00:15, 17.23it/s]
 38%|###########7                   | 166/439 [00:09<00:15, 17.26it/s]
 38%|###########8                   | 168/439 [00:09<00:15, 17.31it/s]
 39%|############                   | 170/439 [00:09<00:15, 17.38it/s]
 39%|############1                  | 172/439 [00:09<00:16, 16.19it/s]
 40%|############2                  | 174/439 [00:09<00:15, 16.57it/s]
 40%|############4                  | 176/439 [00:10<00:15, 16.89it/s]
 41%|############5                  | 178/439 [00:10<00:15, 17.11it/s]
 41%|############7                  | 180/439 [00:10<00:15, 17.25it/s]
 41%|############8                  | 182/439 [00:10<00:14, 17.36it/s]
 42%|############9                  | 184/439 [00:10<00:14, 17.38it/s]
 42%|#############1                 | 186/439 [00:10<00:14, 17.62it/s]
 43%|#############2                 | 188/439 [00:10<00:14, 17.63it/s]
 43%|#############4                 | 190/439 [00:10<00:14, 17.55it/s]
 44%|#############5                 | 192/439 [00:10<00:14, 17.61it/s]
 44%|#############6                 | 194/439 [00:11<00:13, 17.67it/s]
 45%|#############8                 | 196/439 [00:11<00:13, 17.62it/s]
 45%|#############9                 | 198/439 [00:11<00:13, 17.60it/s]
 46%|##############1                | 200/439 [00:11<00:13, 17.67it/s]
 46%|##############2                | 202/439 [00:11<00:13, 17.68it/s]
 46%|##############4                | 204/439 [00:11<00:13, 17.48it/s]
 47%|##############5                | 206/439 [00:11<00:13, 17.50it/s]
 47%|##############6                | 208/439 [00:11<00:13, 17.45it/s]
 48%|##############8                | 210/439 [00:12<00:13, 17.47it/s]
 48%|##############9                | 212/439 [00:12<00:12, 17.52it/s]
 49%|###############1               | 214/439 [00:12<00:12, 17.57it/s]
 49%|###############2               | 216/439 [00:12<00:12, 17.52it/s]
 50%|###############3               | 218/439 [00:12<00:12, 17.50it/s]
 50%|###############5               | 220/439 [00:12<00:12, 17.48it/s]
 51%|###############6               | 222/439 [00:12<00:12, 17.49it/s]
 51%|###############8               | 224/439 [00:12<00:12, 17.66it/s]
 51%|###############9               | 226/439 [00:12<00:12, 17.56it/s]
 52%|################1              | 228/439 [00:13<00:12, 17.58it/s]
 52%|################2              | 230/439 [00:13<00:11, 17.67it/s]
 53%|################3              | 232/439 [00:13<00:11, 17.61it/s]
 53%|################5              | 234/439 [00:13<00:11, 17.67it/s]
 54%|################6              | 236/439 [00:13<00:11, 17.51it/s]
 54%|################8              | 238/439 [00:13<00:11, 17.50it/s]
 55%|################9              | 240/439 [00:13<00:11, 17.47it/s]
 55%|#################              | 242/439 [00:13<00:11, 17.61it/s]
 56%|#################2             | 244/439 [00:13<00:11, 16.90it/s]
 56%|#################3             | 246/439 [00:14<00:11, 17.10it/s]
 56%|#################5             | 248/439 [00:14<00:11, 17.25it/s]
 57%|#################6             | 250/439 [00:14<00:10, 17.37it/s]
 57%|#################7             | 252/439 [00:14<00:10, 17.46it/s]
 58%|#################9             | 254/439 [00:14<00:10, 17.45it/s]
 58%|##################             | 256/439 [00:14<00:10, 17.22it/s]
 59%|##################2            | 258/439 [00:14<00:10, 17.44it/s]
 59%|##################3            | 260/439 [00:14<00:10, 17.49it/s]
 60%|##################5            | 262/439 [00:14<00:10, 17.56it/s]
 60%|##################6            | 264/439 [00:15<00:09, 17.61it/s]
 61%|##################7            | 266/439 [00:15<00:10, 16.88it/s]
 61%|##################9            | 268/439 [00:15<00:10, 17.05it/s]
 62%|###################            | 270/439 [00:15<00:10, 16.47it/s]
 62%|###################2           | 272/439 [00:15<00:09, 16.83it/s]
 62%|###################3           | 274/439 [00:15<00:09, 17.05it/s]
 63%|###################4           | 276/439 [00:15<00:09, 17.35it/s]
 63%|###################6           | 278/439 [00:15<00:09, 16.63it/s]
 64%|###################7           | 280/439 [00:16<00:09, 16.92it/s]
 64%|###################9           | 282/439 [00:16<00:09, 16.42it/s]
 65%|####################           | 284/439 [00:16<00:09, 15.57it/s]
 65%|####################1          | 286/439 [00:16<00:09, 16.11it/s]
 66%|####################3          | 288/439 [00:16<00:09, 16.48it/s]
 66%|####################4          | 290/439 [00:16<00:09, 16.26it/s]
 67%|####################6          | 292/439 [00:16<00:08, 16.46it/s]
 67%|####################7          | 294/439 [00:16<00:08, 16.77it/s]
 67%|####################9          | 296/439 [00:17<00:08, 16.95it/s]
 68%|#####################          | 298/439 [00:17<00:08, 17.14it/s]
 68%|#####################1         | 300/439 [00:17<00:08, 17.29it/s]
 69%|#####################3         | 302/439 [00:17<00:07, 17.38it/s]
 69%|#####################4         | 304/439 [00:17<00:07, 17.40it/s]
 70%|#####################6         | 306/439 [00:17<00:07, 17.38it/s]
 70%|#####################7         | 308/439 [00:17<00:07, 17.44it/s]
 71%|#####################8         | 310/439 [00:17<00:07, 17.28it/s]
 71%|######################         | 312/439 [00:17<00:07, 17.26it/s]
 72%|######################1        | 314/439 [00:18<00:07, 17.39it/s]
 72%|######################3        | 316/439 [00:18<00:07, 17.43it/s]
 72%|######################4        | 318/439 [00:18<00:06, 17.52it/s]
 73%|######################5        | 320/439 [00:18<00:06, 17.47it/s]
 73%|######################7        | 322/439 [00:18<00:06, 17.39it/s]
 74%|######################8        | 324/439 [00:18<00:06, 17.40it/s]
 74%|#######################        | 326/439 [00:18<00:06, 17.47it/s]
 75%|#######################1       | 328/439 [00:18<00:06, 16.81it/s]
 75%|#######################3       | 330/439 [00:18<00:06, 17.01it/s]
 76%|#######################4       | 332/439 [00:19<00:06, 17.19it/s]
 76%|#######################5       | 334/439 [00:19<00:06, 16.68it/s]
 77%|#######################7       | 336/439 [00:19<00:06, 16.92it/s]
 77%|#######################8       | 338/439 [00:19<00:05, 17.24it/s]
 77%|########################       | 340/439 [00:19<00:05, 17.32it/s]
 78%|########################1      | 342/439 [00:19<00:05, 17.40it/s]
 78%|########################2      | 344/439 [00:19<00:05, 17.52it/s]
 79%|########################4      | 346/439 [00:19<00:05, 17.02it/s]
 79%|########################5      | 348/439 [00:20<00:05, 17.21it/s]
 80%|########################7      | 350/439 [00:20<00:05, 17.35it/s]
 80%|########################8      | 352/439 [00:20<00:04, 17.50it/s]
 81%|########################9      | 354/439 [00:20<00:04, 17.54it/s]
 81%|#########################1     | 356/439 [00:20<00:04, 17.59it/s]
 82%|#########################2     | 358/439 [00:20<00:04, 17.42it/s]
 82%|#########################4     | 360/439 [00:20<00:04, 17.46it/s]
 82%|#########################5     | 362/439 [00:20<00:04, 17.50it/s]
 83%|#########################7     | 364/439 [00:20<00:04, 17.48it/s]
 83%|#########################8     | 366/439 [00:21<00:04, 17.56it/s]
 84%|#########################9     | 368/439 [00:21<00:04, 17.66it/s]
 84%|##########################1    | 370/439 [00:21<00:03, 17.65it/s]
 85%|##########################2    | 372/439 [00:21<00:03, 17.54it/s]
 85%|##########################4    | 374/439 [00:21<00:03, 17.66it/s]
 86%|##########################5    | 376/439 [00:21<00:03, 17.70it/s]
 86%|##########################6    | 378/439 [00:21<00:03, 17.73it/s]
 87%|##########################8    | 380/439 [00:21<00:03, 17.73it/s]
 87%|##########################9    | 382/439 [00:21<00:03, 17.72it/s]
 87%|###########################1   | 384/439 [00:22<00:03, 17.73it/s]
 88%|###########################2   | 386/439 [00:22<00:02, 17.72it/s]
 88%|###########################3   | 388/439 [00:22<00:02, 17.67it/s]
 89%|###########################5   | 390/439 [00:22<00:02, 17.63it/s]
 89%|###########################6   | 392/439 [00:22<00:02, 17.62it/s]
 90%|###########################8   | 394/439 [00:22<00:02, 17.59it/s]
 90%|###########################9   | 396/439 [00:22<00:02, 17.65it/s]
 91%|############################1  | 398/439 [00:22<00:02, 17.72it/s]
 91%|############################2  | 400/439 [00:22<00:02, 17.53it/s]
 92%|############################3  | 402/439 [00:23<00:02, 17.47it/s]
 92%|############################5  | 404/439 [00:23<00:01, 17.60it/s]
 92%|############################6  | 406/439 [00:23<00:01, 17.62it/s]
 93%|############################8  | 408/439 [00:23<00:01, 17.62it/s]
 93%|############################9  | 410/439 [00:23<00:01, 17.64it/s]
 94%|#############################  | 412/439 [00:23<00:01, 17.67it/s]
 94%|#############################2 | 414/439 [00:23<00:01, 17.64it/s]
 95%|#############################3 | 416/439 [00:23<00:01, 17.56it/s]
 95%|#############################5 | 418/439 [00:24<00:01, 17.51it/s]
 96%|#############################6 | 420/439 [00:24<00:01, 17.46it/s]
 96%|#############################7 | 422/439 [00:24<00:00, 17.51it/s]
 97%|#############################9 | 424/439 [00:24<00:00, 17.52it/s]
 97%|############################## | 426/439 [00:24<00:00, 17.48it/s]
 97%|##############################2| 428/439 [00:24<00:00, 17.42it/s]
 98%|##############################3| 430/439 [00:24<00:00, 17.40it/s]
 98%|##############################5| 432/439 [00:24<00:00, 17.39it/s]
 99%|##############################6| 434/439 [00:24<00:00, 17.47it/s]
 99%|##############################7| 436/439 [00:25<00:00, 16.87it/s]
100%|##############################9| 438/439 [00:25<00:00, 17.16it/s]
100%|###############################| 439/439 [00:25<00:00, 17.40it/s]
[SEAL Epoch 4] loss=0.5634

[SEAL Epoch 5/20] Run 1/1 - training...

  0%|                                         | 0/439 [00:00<?, ?it/s]
  0%|1                                | 2/439 [00:00<00:27, 15.70it/s]
  1%|3                                | 4/439 [00:00<00:26, 16.40it/s]
  1%|4                                | 6/439 [00:00<00:25, 16.85it/s]
  2%|6                                | 8/439 [00:00<00:25, 17.01it/s]
  2%|7                               | 10/439 [00:00<00:25, 17.15it/s]
  3%|8                               | 12/439 [00:00<00:24, 17.32it/s]
  3%|#                               | 14/439 [00:01<01:17,  5.49it/s]
  4%|#1                              | 16/439 [00:01<01:00,  7.03it/s]
  4%|#3                              | 18/439 [00:01<00:48,  8.65it/s]
  5%|#4                              | 20/439 [00:01<00:41, 10.07it/s]
  5%|#6                              | 22/439 [00:02<00:35, 11.63it/s]
  5%|#7                              | 24/439 [00:02<00:32, 12.89it/s]
  6%|#8                              | 26/439 [00:02<00:29, 14.00it/s]
  6%|##                              | 28/439 [00:02<00:27, 14.86it/s]
  7%|##1                             | 30/439 [00:02<00:26, 15.54it/s]
  7%|##3                             | 32/439 [00:02<00:25, 16.15it/s]
  8%|##4                             | 34/439 [00:02<00:24, 16.61it/s]
  8%|##6                             | 36/439 [00:02<00:23, 16.97it/s]
  9%|##7                             | 38/439 [00:02<00:23, 17.19it/s]
  9%|##9                             | 40/439 [00:03<00:22, 17.41it/s]
 10%|###                             | 42/439 [00:03<00:22, 17.52it/s]
 10%|###2                            | 44/439 [00:03<00:22, 17.55it/s]
 10%|###3                            | 46/439 [00:03<00:22, 17.55it/s]
 11%|###4                            | 48/439 [00:03<00:22, 17.54it/s]
 11%|###6                            | 50/439 [00:03<00:22, 17.53it/s]
 12%|###7                            | 52/439 [00:03<00:22, 16.97it/s]
 12%|###9                            | 54/439 [00:03<00:22, 17.09it/s]
 13%|####                            | 56/439 [00:03<00:22, 17.21it/s]
 13%|####2                           | 58/439 [00:04<00:21, 17.33it/s]
 14%|####3                           | 60/439 [00:04<00:21, 17.34it/s]
 14%|####5                           | 62/439 [00:04<00:21, 17.41it/s]
 15%|####6                           | 64/439 [00:04<00:21, 17.37it/s]
 15%|####8                           | 66/439 [00:04<00:22, 16.77it/s]
 15%|####9                           | 68/439 [00:04<00:21, 16.97it/s]
 16%|#####1                          | 70/439 [00:04<00:21, 17.05it/s]
 16%|#####2                          | 72/439 [00:04<00:21, 17.11it/s]
 17%|#####3                          | 74/439 [00:05<00:21, 17.15it/s]
 17%|#####5                          | 76/439 [00:05<00:21, 17.20it/s]
 18%|#####6                          | 78/439 [00:05<00:20, 17.42it/s]
 18%|#####8                          | 80/439 [00:05<00:20, 17.47it/s]
 19%|#####9                          | 82/439 [00:05<00:20, 17.54it/s]
 19%|######1                         | 84/439 [00:05<00:20, 17.50it/s]
 20%|######2                         | 86/439 [00:05<00:20, 17.56it/s]
 20%|######4                         | 88/439 [00:05<00:20, 17.52it/s]
 21%|######5                         | 90/439 [00:05<00:19, 17.50it/s]
 21%|######7                         | 92/439 [00:06<00:19, 17.50it/s]
 21%|######8                         | 94/439 [00:06<00:19, 17.50it/s]
 22%|######9                         | 96/439 [00:06<00:19, 17.60it/s]
 22%|#######1                        | 98/439 [00:06<00:19, 17.61it/s]
 23%|#######                        | 100/439 [00:06<00:19, 17.50it/s]
 23%|#######2                       | 102/439 [00:06<00:19, 17.49it/s]
 24%|#######3                       | 104/439 [00:06<00:19, 17.55it/s]
 24%|#######4                       | 106/439 [00:06<00:18, 17.57it/s]
 25%|#######6                       | 108/439 [00:06<00:18, 17.57it/s]
 25%|#######7                       | 110/439 [00:07<00:18, 17.53it/s]
 26%|#######9                       | 112/439 [00:07<00:18, 17.50it/s]
 26%|########                       | 114/439 [00:07<00:18, 17.59it/s]
 26%|########1                      | 116/439 [00:07<00:18, 17.62it/s]
 27%|########3                      | 118/439 [00:07<00:18, 17.58it/s]
 27%|########4                      | 120/439 [00:07<00:18, 17.69it/s]
 28%|########6                      | 122/439 [00:07<00:17, 17.62it/s]
 28%|########7                      | 124/439 [00:07<00:17, 17.58it/s]
 29%|########8                      | 126/439 [00:08<00:17, 17.59it/s]
 29%|#########                      | 128/439 [00:08<00:17, 17.59it/s]
 30%|#########1                     | 130/439 [00:08<00:17, 17.56it/s]
 30%|#########3                     | 132/439 [00:08<00:17, 17.51it/s]
 31%|#########4                     | 134/439 [00:08<00:17, 17.45it/s]
 31%|#########6                     | 136/439 [00:08<00:17, 17.57it/s]
 31%|#########7                     | 138/439 [00:08<00:17, 17.59it/s]
 32%|#########8                     | 140/439 [00:08<00:16, 17.60it/s]
 32%|##########                     | 142/439 [00:08<00:16, 17.66it/s]
 33%|##########1                    | 144/439 [00:09<00:16, 17.63it/s]
 33%|##########3                    | 146/439 [00:09<00:16, 17.59it/s]
 34%|##########4                    | 148/439 [00:09<00:16, 17.63it/s]
 34%|##########5                    | 150/439 [00:09<00:16, 17.55it/s]
 35%|##########7                    | 152/439 [00:09<00:16, 17.63it/s]
 35%|##########8                    | 154/439 [00:09<00:16, 17.64it/s]
 36%|###########                    | 156/439 [00:09<00:16, 17.65it/s]
 36%|###########1                   | 158/439 [00:09<00:15, 17.67it/s]
 36%|###########2                   | 160/439 [00:09<00:15, 17.71it/s]
 37%|###########4                   | 162/439 [00:10<00:15, 17.74it/s]
 37%|###########5                   | 164/439 [00:10<00:15, 17.79it/s]
 38%|###########7                   | 166/439 [00:10<00:15, 17.79it/s]
 38%|###########8                   | 168/439 [00:10<00:15, 17.73it/s]
 39%|############                   | 170/439 [00:10<00:15, 17.63it/s]
 39%|############1                  | 172/439 [00:10<00:15, 17.59it/s]
 40%|############2                  | 174/439 [00:10<00:15, 17.64it/s]
 40%|############4                  | 176/439 [00:10<00:14, 17.66it/s]
 41%|############5                  | 178/439 [00:10<00:14, 17.62it/s]
 41%|############7                  | 180/439 [00:11<00:14, 17.59it/s]
 41%|############8                  | 182/439 [00:11<00:14, 17.47it/s]
 42%|############9                  | 184/439 [00:11<00:14, 17.50it/s]
 42%|#############1                 | 186/439 [00:11<00:14, 17.49it/s]
 43%|#############2                 | 188/439 [00:11<00:14, 17.44it/s]
 43%|#############4                 | 190/439 [00:11<00:14, 17.48it/s]
 44%|#############5                 | 192/439 [00:11<00:14, 17.40it/s]
 44%|#############6                 | 194/439 [00:11<00:14, 17.23it/s]
 45%|#############8                 | 196/439 [00:11<00:14, 17.09it/s]
 45%|#############9                 | 198/439 [00:12<00:14, 17.08it/s]
 46%|##############1                | 200/439 [00:12<00:14, 16.98it/s]
 46%|##############2                | 202/439 [00:12<00:13, 16.95it/s]
 46%|##############4                | 204/439 [00:12<00:13, 17.00it/s]
 47%|##############5                | 206/439 [00:12<00:13, 17.10it/s]
 47%|##############6                | 208/439 [00:12<00:13, 17.12it/s]
 48%|##############8                | 210/439 [00:12<00:13, 17.06it/s]
 48%|##############9                | 212/439 [00:12<00:13, 17.10it/s]
 49%|###############1               | 214/439 [00:13<00:13, 16.93it/s]
 49%|###############2               | 216/439 [00:13<00:13, 17.07it/s]
 50%|###############3               | 218/439 [00:13<00:12, 17.23it/s]
 50%|###############5               | 220/439 [00:13<00:12, 17.31it/s]
 51%|###############6               | 222/439 [00:13<00:12, 17.37it/s]
 51%|###############8               | 224/439 [00:13<00:12, 17.29it/s]
 51%|###############9               | 226/439 [00:13<00:12, 17.45it/s]
 52%|################1              | 228/439 [00:13<00:12, 17.47it/s]
 52%|################2              | 230/439 [00:13<00:11, 17.56it/s]
 53%|################3              | 232/439 [00:14<00:11, 17.57it/s]
 53%|################5              | 234/439 [00:14<00:11, 17.61it/s]
 54%|################6              | 236/439 [00:14<00:11, 17.65it/s]
 54%|################8              | 238/439 [00:14<00:11, 17.66it/s]
 55%|################9              | 240/439 [00:14<00:11, 17.63it/s]
 55%|#################              | 242/439 [00:14<00:11, 17.73it/s]
 56%|#################2             | 244/439 [00:14<00:10, 17.75it/s]
 56%|#################3             | 246/439 [00:14<00:10, 17.72it/s]
 56%|#################5             | 248/439 [00:14<00:10, 17.75it/s]
 57%|#################6             | 250/439 [00:15<00:10, 17.78it/s]
 57%|#################7             | 252/439 [00:15<00:10, 17.80it/s]
 58%|#################9             | 254/439 [00:15<00:10, 17.72it/s]
 58%|##################             | 256/439 [00:15<00:10, 17.39it/s]
 59%|##################2            | 258/439 [00:15<00:10, 17.45it/s]
 59%|##################3            | 260/439 [00:15<00:10, 17.43it/s]
 60%|##################5            | 262/439 [00:15<00:10, 17.60it/s]
 60%|##################6            | 264/439 [00:15<00:09, 17.60it/s]
 61%|##################7            | 266/439 [00:16<00:09, 17.60it/s]
 61%|##################9            | 268/439 [00:16<00:09, 17.64it/s]
 62%|###################            | 270/439 [00:16<00:09, 17.71it/s]
 62%|###################2           | 272/439 [00:16<00:09, 17.69it/s]
 62%|###################3           | 274/439 [00:16<00:09, 17.78it/s]
 63%|###################4           | 276/439 [00:16<00:09, 17.71it/s]
 63%|###################6           | 278/439 [00:16<00:09, 17.72it/s]
 64%|###################7           | 280/439 [00:16<00:08, 17.78it/s]
 64%|###################9           | 282/439 [00:16<00:08, 17.67it/s]
 65%|####################           | 284/439 [00:17<00:08, 17.69it/s]
 65%|####################1          | 286/439 [00:17<00:08, 17.66it/s]
 66%|####################3          | 288/439 [00:17<00:08, 17.70it/s]
 66%|####################4          | 290/439 [00:17<00:08, 17.62it/s]
 67%|####################6          | 292/439 [00:17<00:08, 17.57it/s]
 67%|####################7          | 294/439 [00:17<00:08, 17.58it/s]
 67%|####################9          | 296/439 [00:17<00:08, 17.59it/s]
 68%|#####################          | 298/439 [00:17<00:08, 17.28it/s]
 68%|#####################1         | 300/439 [00:17<00:07, 17.45it/s]
 69%|#####################3         | 302/439 [00:18<00:07, 17.52it/s]
 69%|#####################4         | 304/439 [00:18<00:07, 17.68it/s]
 70%|#####################6         | 306/439 [00:18<00:07, 17.60it/s]
 70%|#####################7         | 308/439 [00:18<00:07, 17.53it/s]
 71%|#####################8         | 310/439 [00:18<00:07, 17.53it/s]
 71%|######################         | 312/439 [00:18<00:07, 17.58it/s]
 72%|######################1        | 314/439 [00:18<00:07, 17.67it/s]
 72%|######################3        | 316/439 [00:18<00:06, 17.63it/s]
 72%|######################4        | 318/439 [00:18<00:06, 17.77it/s]
 73%|######################5        | 320/439 [00:19<00:06, 17.79it/s]
 73%|######################7        | 322/439 [00:19<00:06, 17.68it/s]
 74%|######################8        | 324/439 [00:19<00:06, 17.70it/s]
 74%|#######################        | 326/439 [00:19<00:06, 17.73it/s]
 75%|#######################1       | 328/439 [00:19<00:06, 17.68it/s]
 75%|#######################3       | 330/439 [00:19<00:06, 17.67it/s]
 76%|#######################4       | 332/439 [00:19<00:06, 17.63it/s]
 76%|#######################5       | 334/439 [00:19<00:05, 17.59it/s]
 77%|#######################7       | 336/439 [00:19<00:05, 17.42it/s]
 77%|#######################8       | 338/439 [00:20<00:05, 17.49it/s]
 77%|########################       | 340/439 [00:20<00:05, 17.42it/s]
 78%|########################1      | 342/439 [00:20<00:05, 17.48it/s]
 78%|########################2      | 344/439 [00:20<00:05, 16.90it/s]
 79%|########################4      | 346/439 [00:20<00:05, 17.06it/s]
 79%|########################5      | 348/439 [00:20<00:05, 17.22it/s]
 80%|########################7      | 350/439 [00:20<00:05, 17.40it/s]
 80%|########################8      | 352/439 [00:20<00:04, 17.50it/s]
 81%|########################9      | 354/439 [00:21<00:04, 17.45it/s]
 81%|#########################1     | 356/439 [00:21<00:04, 17.38it/s]
 82%|#########################2     | 358/439 [00:21<00:04, 17.28it/s]
 82%|#########################4     | 360/439 [00:21<00:04, 17.27it/s]
 82%|#########################5     | 362/439 [00:21<00:04, 17.30it/s]
 83%|#########################7     | 364/439 [00:21<00:04, 17.22it/s]
 83%|#########################8     | 366/439 [00:21<00:04, 17.16it/s]
 84%|#########################9     | 368/439 [00:21<00:04, 17.17it/s]
 84%|##########################1    | 370/439 [00:21<00:04, 17.18it/s]
 85%|##########################2    | 372/439 [00:22<00:03, 17.06it/s]
 85%|##########################4    | 374/439 [00:22<00:03, 17.08it/s]
 86%|##########################5    | 376/439 [00:22<00:03, 16.88it/s]
 86%|##########################6    | 378/439 [00:22<00:03, 16.92it/s]
 87%|##########################8    | 380/439 [00:22<00:03, 16.91it/s]
 87%|##########################9    | 382/439 [00:22<00:03, 16.81it/s]
 87%|###########################1   | 384/439 [00:22<00:03, 17.02it/s]
 88%|###########################2   | 386/439 [00:22<00:03, 17.22it/s]
 88%|###########################3   | 388/439 [00:23<00:02, 17.31it/s]
 89%|###########################5   | 390/439 [00:23<00:02, 17.33it/s]
 89%|###########################6   | 392/439 [00:23<00:02, 17.39it/s]
 90%|###########################8   | 394/439 [00:23<00:02, 17.42it/s]
 90%|###########################9   | 396/439 [00:23<00:02, 17.51it/s]
 91%|############################1  | 398/439 [00:23<00:02, 17.51it/s]
 91%|############################2  | 400/439 [00:23<00:02, 17.50it/s]
 92%|############################3  | 402/439 [00:23<00:02, 17.46it/s]
 92%|############################5  | 404/439 [00:23<00:02, 17.44it/s]
 92%|############################6  | 406/439 [00:24<00:01, 17.44it/s]
 93%|############################8  | 408/439 [00:24<00:01, 17.55it/s]
 93%|############################9  | 410/439 [00:24<00:01, 17.52it/s]
 94%|#############################  | 412/439 [00:24<00:01, 17.65it/s]
 94%|#############################2 | 414/439 [00:24<00:01, 17.61it/s]
 95%|#############################3 | 416/439 [00:24<00:01, 17.59it/s]
 95%|#############################5 | 418/439 [00:24<00:01, 17.53it/s]
 96%|#############################6 | 420/439 [00:24<00:01, 17.52it/s]
 96%|#############################7 | 422/439 [00:24<00:00, 17.47it/s]
 97%|#############################9 | 424/439 [00:25<00:00, 17.45it/s]
 97%|############################## | 426/439 [00:25<00:00, 17.68it/s]
 97%|##############################2| 428/439 [00:25<00:00, 17.71it/s]
 98%|##############################3| 430/439 [00:25<00:00, 17.63it/s]
 98%|##############################5| 432/439 [00:25<00:00, 17.56it/s]
 99%|##############################6| 434/439 [00:25<00:00, 17.53it/s]
 99%|##############################7| 436/439 [00:25<00:00, 16.81it/s]
100%|##############################9| 438/439 [00:25<00:00, 17.01it/s]
100%|###############################| 439/439 [00:25<00:00, 16.93it/s]
[SEAL Epoch 5] loss=0.5626

[SEAL Epoch 6/20] Run 1/1 - training...

  0%|                                         | 0/439 [00:00<?, ?it/s]
  0%|                                 | 1/439 [00:00<00:45,  9.70it/s]
  1%|2                                | 3/439 [00:00<00:30, 14.14it/s]
  1%|3                                | 5/439 [00:00<00:28, 15.07it/s]
  2%|5                                | 7/439 [00:00<00:27, 15.76it/s]
  2%|6                                | 9/439 [00:00<00:26, 16.30it/s]
  3%|8                               | 11/439 [00:00<00:26, 15.90it/s]
  3%|9                               | 13/439 [00:00<00:26, 16.25it/s]
  3%|#                               | 15/439 [00:00<00:25, 16.46it/s]
  4%|#2                              | 17/439 [00:01<00:25, 16.64it/s]
  4%|#3                              | 19/439 [00:01<00:25, 16.78it/s]
  5%|#5                              | 21/439 [00:01<00:24, 16.74it/s]
  5%|#6                              | 23/439 [00:01<00:24, 16.92it/s]
  6%|#8                              | 25/439 [00:01<00:24, 16.95it/s]
  6%|#9                              | 27/439 [00:01<00:24, 17.02it/s]
  7%|##1                             | 29/439 [00:01<00:23, 17.12it/s]
  7%|##2                             | 31/439 [00:01<00:23, 17.27it/s]
  8%|##4                             | 33/439 [00:01<00:23, 17.22it/s]
  8%|##5                             | 35/439 [00:02<00:23, 17.38it/s]
  8%|##6                             | 37/439 [00:02<00:23, 17.37it/s]
  9%|##8                             | 39/439 [00:02<00:23, 17.24it/s]
  9%|##9                             | 41/439 [00:02<00:23, 17.30it/s]
 10%|###1                            | 43/439 [00:02<00:22, 17.36it/s]
 10%|###2                            | 45/439 [00:02<00:22, 17.40it/s]
 11%|###4                            | 47/439 [00:02<00:23, 16.86it/s]
 11%|###5                            | 49/439 [00:02<00:22, 17.00it/s]
 12%|###7                            | 51/439 [00:03<00:22, 17.11it/s]
 12%|###8                            | 53/439 [00:03<00:22, 17.18it/s]
 13%|####                            | 55/439 [00:03<00:22, 17.31it/s]
 13%|####1                           | 57/439 [00:03<00:21, 17.44it/s]
 13%|####3                           | 59/439 [00:03<00:21, 17.50it/s]
 14%|####4                           | 61/439 [00:03<00:21, 17.49it/s]
 14%|####5                           | 63/439 [00:03<00:21, 17.53it/s]
 15%|####7                           | 65/439 [00:03<00:21, 17.59it/s]
 15%|####8                           | 67/439 [00:03<00:21, 17.58it/s]
 16%|#####                           | 69/439 [00:04<00:21, 17.55it/s]
 16%|#####1                          | 71/439 [00:04<00:20, 17.56it/s]
 17%|#####3                          | 73/439 [00:04<00:20, 17.51it/s]
 17%|#####4                          | 75/439 [00:04<00:20, 17.51it/s]
 18%|#####6                          | 77/439 [00:04<00:20, 17.60it/s]
 18%|#####7                          | 79/439 [00:04<00:20, 17.58it/s]
 18%|#####9                          | 81/439 [00:04<00:20, 17.44it/s]
 19%|######                          | 83/439 [00:04<00:20, 17.31it/s]
 19%|######1                         | 85/439 [00:04<00:20, 17.26it/s]
 20%|######3                         | 87/439 [00:05<00:20, 17.18it/s]
 20%|######4                         | 89/439 [00:05<00:20, 17.11it/s]
 21%|######6                         | 91/439 [00:05<00:20, 17.10it/s]
 21%|######7                         | 93/439 [00:05<00:20, 17.04it/s]
 22%|######9                         | 95/439 [00:05<00:20, 16.95it/s]
 22%|#######                         | 97/439 [00:05<00:20, 16.90it/s]
 23%|#######2                        | 99/439 [00:05<00:21, 15.80it/s]
 23%|#######1                       | 101/439 [00:05<00:20, 16.18it/s]
 23%|#######2                       | 103/439 [00:06<00:20, 16.47it/s]
 24%|#######4                       | 105/439 [00:06<00:19, 16.74it/s]
 24%|#######5                       | 107/439 [00:06<00:19, 16.88it/s]
 25%|#######6                       | 109/439 [00:06<00:19, 16.98it/s]
 25%|#######8                       | 111/439 [00:06<00:19, 17.07it/s]
 26%|#######9                       | 113/439 [00:06<00:18, 17.27it/s]
 26%|########1                      | 115/439 [00:06<00:18, 17.32it/s]
 27%|########2                      | 117/439 [00:06<00:18, 17.24it/s]
 27%|########4                      | 119/439 [00:06<00:18, 17.38it/s]
 28%|########5                      | 121/439 [00:07<00:18, 17.53it/s]
 28%|########6                      | 123/439 [00:07<00:17, 17.59it/s]
 28%|########8                      | 125/439 [00:07<00:17, 17.56it/s]
 29%|########9                      | 127/439 [00:07<00:17, 17.53it/s]
 29%|#########1                     | 129/439 [00:07<00:17, 17.49it/s]
 30%|#########2                     | 131/439 [00:07<00:17, 17.51it/s]
 30%|#########3                     | 133/439 [00:07<00:17, 17.49it/s]
 31%|#########5                     | 135/439 [00:07<00:17, 17.50it/s]
 31%|#########6                     | 137/439 [00:08<00:17, 17.52it/s]
 32%|#########8                     | 139/439 [00:08<00:17, 17.57it/s]
 32%|#########9                     | 141/439 [00:08<00:16, 17.56it/s]
 33%|##########                     | 143/439 [00:08<00:16, 17.55it/s]
 33%|##########2                    | 145/439 [00:08<00:16, 17.60it/s]
 33%|##########3                    | 147/439 [00:08<00:17, 16.93it/s]
 34%|##########5                    | 149/439 [00:08<00:16, 17.15it/s]
 34%|##########6                    | 151/439 [00:08<00:17, 16.54it/s]
 35%|##########8                    | 153/439 [00:08<00:17, 16.72it/s]
 35%|##########9                    | 155/439 [00:09<00:16, 16.86it/s]
 36%|###########                    | 157/439 [00:09<00:17, 15.69it/s]
 36%|###########2                   | 159/439 [00:09<00:17, 15.63it/s]
 37%|###########3                   | 161/439 [00:09<00:17, 16.18it/s]
 37%|###########5                   | 163/439 [00:09<00:16, 16.48it/s]
 38%|###########6                   | 165/439 [00:09<00:16, 16.63it/s]
 38%|###########7                   | 167/439 [00:09<00:16, 16.90it/s]
 38%|###########9                   | 169/439 [00:09<00:15, 17.06it/s]
 39%|############                   | 171/439 [00:10<00:15, 17.21it/s]
 39%|############2                  | 173/439 [00:10<00:15, 17.35it/s]
 40%|############3                  | 175/439 [00:10<00:15, 17.43it/s]
 40%|############4                  | 177/439 [00:10<00:15, 16.80it/s]
 41%|############6                  | 179/439 [00:10<00:15, 17.06it/s]
 41%|############7                  | 181/439 [00:10<00:15, 17.20it/s]
 42%|############9                  | 183/439 [00:10<00:14, 17.32it/s]
 42%|#############                  | 185/439 [00:10<00:14, 17.47it/s]
 43%|#############2                 | 187/439 [00:10<00:14, 17.53it/s]
 43%|#############3                 | 189/439 [00:11<00:14, 17.55it/s]
 44%|#############4                 | 191/439 [00:11<00:14, 17.46it/s]
 44%|#############6                 | 193/439 [00:11<00:14, 17.45it/s]
 44%|#############7                 | 195/439 [00:11<00:14, 17.36it/s]
 45%|#############9                 | 197/439 [00:11<00:13, 17.29it/s]
 45%|##############                 | 199/439 [00:11<00:13, 17.36it/s]
 46%|##############1                | 201/439 [00:11<00:13, 17.43it/s]
 46%|##############3                | 203/439 [00:11<00:13, 17.56it/s]
 47%|##############4                | 205/439 [00:12<00:13, 17.58it/s]
 47%|##############6                | 207/439 [00:12<00:13, 17.78it/s]
 48%|##############7                | 209/439 [00:12<00:12, 17.75it/s]
 48%|##############8                | 211/439 [00:12<00:12, 17.66it/s]
 49%|###############                | 213/439 [00:12<00:12, 17.63it/s]
 49%|###############1               | 215/439 [00:12<00:12, 17.64it/s]
 49%|###############3               | 217/439 [00:12<00:12, 17.63it/s]
 50%|###############4               | 219/439 [00:12<00:12, 17.65it/s]
 50%|###############6               | 221/439 [00:12<00:12, 17.49it/s]
 51%|###############7               | 223/439 [00:13<00:12, 17.56it/s]
 51%|###############8               | 225/439 [00:13<00:12, 17.65it/s]
 52%|################               | 227/439 [00:13<00:12, 17.60it/s]
 52%|################1              | 229/439 [00:13<00:12, 17.12it/s]
 53%|################3              | 231/439 [00:13<00:12, 17.02it/s]
 53%|################4              | 233/439 [00:13<00:12, 16.98it/s]
 54%|################5              | 235/439 [00:13<00:12, 16.96it/s]
 54%|################7              | 237/439 [00:13<00:11, 16.96it/s]
 54%|################8              | 239/439 [00:13<00:11, 16.90it/s]
 55%|#################              | 241/439 [00:14<00:11, 17.09it/s]
 55%|#################1             | 243/439 [00:14<00:11, 17.28it/s]
 56%|#################3             | 245/439 [00:14<00:11, 17.40it/s]
 56%|#################4             | 247/439 [00:14<00:10, 17.49it/s]
 57%|#################5             | 249/439 [00:14<00:10, 17.57it/s]
 57%|#################7             | 251/439 [00:14<00:10, 17.57it/s]
 58%|#################8             | 253/439 [00:14<00:10, 17.64it/s]
 58%|##################             | 255/439 [00:14<00:10, 17.63it/s]
 59%|##################1            | 257/439 [00:14<00:10, 17.82it/s]
 59%|##################2            | 259/439 [00:15<00:10, 17.82it/s]
 59%|##################4            | 261/439 [00:15<00:10, 17.75it/s]
 60%|##################5            | 263/439 [00:15<00:09, 17.71it/s]
 60%|##################7            | 265/439 [00:15<00:09, 17.76it/s]
 61%|##################8            | 267/439 [00:15<00:09, 17.75it/s]
 61%|##################9            | 269/439 [00:15<00:09, 17.68it/s]
 62%|###################1           | 271/439 [00:15<00:09, 17.54it/s]
 62%|###################2           | 273/439 [00:15<00:09, 17.49it/s]
 63%|###################4           | 275/439 [00:16<00:09, 17.62it/s]
 63%|###################5           | 277/439 [00:16<00:09, 17.49it/s]
 64%|###################7           | 279/439 [00:16<00:09, 17.51it/s]
 64%|###################8           | 281/439 [00:16<00:09, 17.49it/s]
 64%|###################9           | 283/439 [00:16<00:08, 17.54it/s]
 65%|####################1          | 285/439 [00:16<00:09, 16.91it/s]
 65%|####################2          | 287/439 [00:16<00:08, 17.11it/s]
 66%|####################4          | 289/439 [00:16<00:08, 16.70it/s]
 66%|####################5          | 291/439 [00:16<00:08, 16.95it/s]
 67%|####################6          | 293/439 [00:17<00:08, 17.09it/s]
 67%|####################8          | 295/439 [00:17<00:08, 17.23it/s]
 68%|####################9          | 297/439 [00:17<00:08, 17.30it/s]
 68%|#####################1         | 299/439 [00:17<00:08, 17.45it/s]
 69%|#####################2         | 301/439 [00:17<00:07, 17.54it/s]
 69%|#####################3         | 303/439 [00:17<00:07, 17.56it/s]
 69%|#####################5         | 305/439 [00:17<00:07, 17.56it/s]
 70%|#####################6         | 307/439 [00:17<00:07, 17.54it/s]
 70%|#####################8         | 309/439 [00:17<00:07, 17.57it/s]
 71%|#####################9         | 311/439 [00:18<00:07, 17.66it/s]
 71%|######################1        | 313/439 [00:18<00:07, 17.69it/s]
 72%|######################2        | 315/439 [00:18<00:07, 17.69it/s]
 72%|######################3        | 317/439 [00:18<00:06, 17.68it/s]
 73%|######################5        | 319/439 [00:18<00:06, 17.63it/s]
 73%|######################6        | 321/439 [00:18<00:06, 17.63it/s]
 74%|######################8        | 323/439 [00:18<00:06, 17.60it/s]
 74%|######################9        | 325/439 [00:18<00:06, 17.33it/s]
 74%|#######################        | 327/439 [00:18<00:06, 17.26it/s]
 75%|#######################2       | 329/439 [00:19<00:06, 17.25it/s]
 75%|#######################3       | 331/439 [00:19<00:06, 17.36it/s]
 76%|#######################5       | 333/439 [00:19<00:06, 17.28it/s]
 76%|#######################6       | 335/439 [00:19<00:06, 17.19it/s]
 77%|#######################7       | 337/439 [00:19<00:05, 17.08it/s]
 77%|#######################9       | 339/439 [00:19<00:05, 17.08it/s]
 78%|########################       | 341/439 [00:19<00:05, 17.10it/s]
 78%|########################2      | 343/439 [00:19<00:05, 17.10it/s]
 79%|########################3      | 345/439 [00:20<00:05, 17.11it/s]
 79%|########################5      | 347/439 [00:20<00:05, 17.12it/s]
 79%|########################6      | 349/439 [00:20<00:05, 17.07it/s]
 80%|########################7      | 351/439 [00:20<00:05, 17.06it/s]
 80%|########################9      | 353/439 [00:20<00:05, 17.13it/s]
 81%|#########################      | 355/439 [00:20<00:04, 17.31it/s]
 81%|#########################2     | 357/439 [00:20<00:04, 17.21it/s]
 82%|#########################3     | 359/439 [00:20<00:04, 17.15it/s]
 82%|#########################4     | 361/439 [00:20<00:04, 17.16it/s]
 83%|#########################6     | 363/439 [00:21<00:04, 17.13it/s]
 83%|#########################7     | 365/439 [00:21<00:04, 16.83it/s]
 84%|#########################9     | 367/439 [00:21<00:04, 17.09it/s]
 84%|##########################     | 369/439 [00:21<00:04, 16.02it/s]
 85%|##########################1    | 371/439 [00:21<00:04, 16.46it/s]
 85%|##########################3    | 373/439 [00:21<00:03, 16.73it/s]
 85%|##########################4    | 375/439 [00:21<00:03, 16.84it/s]
 86%|##########################6    | 377/439 [00:21<00:03, 16.98it/s]
 86%|##########################7    | 379/439 [00:22<00:03, 17.10it/s]
 87%|##########################9    | 381/439 [00:22<00:03, 17.16it/s]
 87%|###########################    | 383/439 [00:22<00:03, 17.25it/s]
 88%|###########################1   | 385/439 [00:22<00:03, 16.68it/s]
 88%|###########################3   | 387/439 [00:22<00:03, 17.01it/s]
 89%|###########################4   | 389/439 [00:22<00:02, 16.94it/s]
 89%|###########################6   | 391/439 [00:22<00:02, 16.80it/s]
 90%|###########################7   | 393/439 [00:22<00:02, 16.77it/s]
 90%|###########################8   | 395/439 [00:23<00:02, 16.69it/s]
 90%|############################   | 397/439 [00:23<00:02, 16.66it/s]
 91%|############################1  | 399/439 [00:23<00:02, 16.58it/s]
 91%|############################3  | 401/439 [00:23<00:02, 16.74it/s]
 92%|############################4  | 403/439 [00:23<00:02, 16.98it/s]
 92%|############################5  | 405/439 [00:23<00:01, 17.13it/s]
 93%|############################7  | 407/439 [00:23<00:01, 17.09it/s]
 93%|############################8  | 409/439 [00:23<00:01, 17.29it/s]
 94%|#############################  | 411/439 [00:23<00:01, 17.44it/s]
 94%|#############################1 | 413/439 [00:24<00:01, 17.44it/s]
 95%|#############################3 | 415/439 [00:24<00:01, 17.43it/s]
 95%|#############################4 | 417/439 [00:24<00:01, 17.40it/s]
 95%|#############################5 | 419/439 [00:24<00:01, 17.46it/s]
 96%|#############################7 | 421/439 [00:24<00:01, 17.56it/s]
 96%|#############################8 | 423/439 [00:24<00:00, 17.59it/s]
 97%|############################## | 425/439 [00:24<00:00, 17.58it/s]
 97%|##############################1| 427/439 [00:24<00:00, 17.50it/s]
 98%|##############################2| 429/439 [00:24<00:00, 17.54it/s]
 98%|##############################4| 431/439 [00:25<00:00, 17.45it/s]
 99%|##############################5| 433/439 [00:25<00:00, 17.47it/s]
 99%|##############################7| 435/439 [00:25<00:00, 16.89it/s]
100%|##############################8| 437/439 [00:25<00:00, 17.11it/s]
100%|###############################| 439/439 [00:25<00:00, 17.42it/s]
100%|###############################| 439/439 [00:25<00:00, 17.19it/s]
[SEAL Epoch 6] loss=0.5620

[SEAL Epoch 7/20] Run 1/1 - training...

  0%|                                         | 0/439 [00:00<?, ?it/s]
  0%|1                                | 2/439 [00:00<00:26, 16.19it/s]
  1%|3                                | 4/439 [00:00<00:25, 16.96it/s]
  1%|4                                | 6/439 [00:00<00:25, 17.27it/s]
  2%|6                                | 8/439 [00:00<00:24, 17.39it/s]
  2%|7                               | 10/439 [00:00<00:24, 17.51it/s]
  3%|8                               | 12/439 [00:00<00:24, 17.57it/s]
  3%|#                               | 14/439 [00:00<00:24, 17.48it/s]
  4%|#1                              | 16/439 [00:00<00:24, 17.36it/s]
  4%|#3                              | 18/439 [00:01<00:23, 17.57it/s]
  5%|#4                              | 20/439 [00:01<00:23, 17.65it/s]
  5%|#6                              | 22/439 [00:01<00:23, 17.65it/s]
  5%|#7                              | 24/439 [00:01<00:23, 17.60it/s]
  6%|#8                              | 26/439 [00:01<00:23, 17.62it/s]
  6%|##                              | 28/439 [00:01<00:23, 17.62it/s]
  7%|##1                             | 30/439 [00:01<00:23, 17.69it/s]
  7%|##3                             | 32/439 [00:01<00:23, 17.65it/s]
  8%|##4                             | 34/439 [00:01<00:22, 17.81it/s]
  8%|##6                             | 36/439 [00:02<00:22, 17.77it/s]
  9%|##7                             | 38/439 [00:02<00:22, 17.73it/s]
  9%|##9                             | 40/439 [00:02<00:22, 17.64it/s]
 10%|###                             | 42/439 [00:02<00:22, 17.66it/s]
 10%|###2                            | 44/439 [00:02<00:22, 17.61it/s]
 10%|###3                            | 46/439 [00:02<00:22, 17.68it/s]
 11%|###4                            | 48/439 [00:02<00:22, 17.68it/s]
 11%|###6                            | 50/439 [00:02<00:21, 17.68it/s]
 12%|###7                            | 52/439 [00:02<00:22, 17.52it/s]
 12%|###9                            | 54/439 [00:03<00:21, 17.64it/s]
 13%|####                            | 56/439 [00:03<00:21, 17.55it/s]
 13%|####2                           | 58/439 [00:03<00:21, 17.54it/s]
 14%|####3                           | 60/439 [00:03<00:21, 17.59it/s]
 14%|####5                           | 62/439 [00:03<00:21, 17.62it/s]
 15%|####6                           | 64/439 [00:03<00:21, 17.65it/s]
 15%|####8                           | 66/439 [00:03<00:21, 17.59it/s]
 15%|####9                           | 68/439 [00:03<00:21, 17.53it/s]
 16%|#####1                          | 70/439 [00:03<00:21, 17.52it/s]
 16%|#####2                          | 72/439 [00:04<00:20, 17.61it/s]
 17%|#####3                          | 74/439 [00:04<00:20, 17.60it/s]
 17%|#####5                          | 76/439 [00:04<00:21, 17.00it/s]
 18%|#####6                          | 78/439 [00:04<00:20, 17.22it/s]
 18%|#####8                          | 80/439 [00:04<00:20, 17.32it/s]
 19%|#####9                          | 82/439 [00:04<00:20, 17.44it/s]
 19%|######1                         | 84/439 [00:04<00:20, 17.54it/s]
 20%|######2                         | 86/439 [00:04<00:20, 17.59it/s]
 20%|######4                         | 88/439 [00:05<00:19, 17.72it/s]
 21%|######5                         | 90/439 [00:05<00:19, 17.56it/s]
 21%|######7                         | 92/439 [00:05<00:19, 17.68it/s]
 21%|######8                         | 94/439 [00:05<00:19, 17.62it/s]
 22%|######9                         | 96/439 [00:05<00:19, 17.59it/s]
 22%|#######1                        | 98/439 [00:05<00:19, 17.61it/s]
 23%|#######                        | 100/439 [00:05<00:19, 17.58it/s]
 23%|#######2                       | 102/439 [00:05<00:19, 17.60it/s]
 24%|#######3                       | 104/439 [00:05<00:19, 17.50it/s]
 24%|#######4                       | 106/439 [00:06<00:18, 17.54it/s]
 25%|#######6                       | 108/439 [00:06<00:18, 17.54it/s]
 25%|#######7                       | 110/439 [00:06<00:18, 17.58it/s]
 26%|#######9                       | 112/439 [00:06<00:18, 17.61it/s]
 26%|########                       | 114/439 [00:06<00:18, 17.64it/s]
 26%|########1                      | 116/439 [00:06<00:18, 17.66it/s]
 27%|########3                      | 118/439 [00:06<00:18, 17.53it/s]
 27%|########4                      | 120/439 [00:06<00:18, 17.61it/s]
 28%|########6                      | 122/439 [00:06<00:18, 17.59it/s]
 28%|########7                      | 124/439 [00:07<00:17, 17.60it/s]
 29%|########8                      | 126/439 [00:07<00:18, 17.36it/s]
 29%|#########                      | 128/439 [00:07<00:17, 17.59it/s]
 30%|#########1                     | 130/439 [00:07<00:17, 17.64it/s]
 30%|#########3                     | 132/439 [00:07<00:17, 17.59it/s]
 31%|#########4                     | 134/439 [00:07<00:17, 17.62it/s]
 31%|#########6                     | 136/439 [00:07<00:17, 17.58it/s]
 31%|#########7                     | 138/439 [00:07<00:17, 17.60it/s]
 32%|#########8                     | 140/439 [00:07<00:16, 17.61it/s]
 32%|##########                     | 142/439 [00:08<00:16, 17.73it/s]
 33%|##########1                    | 144/439 [00:08<00:16, 17.74it/s]
 33%|##########3                    | 146/439 [00:08<00:16, 17.62it/s]
 34%|##########4                    | 148/439 [00:08<00:16, 17.70it/s]
 34%|##########5                    | 150/439 [00:08<00:16, 17.67it/s]
 35%|##########7                    | 152/439 [00:08<00:16, 17.63it/s]
 35%|##########8                    | 154/439 [00:08<00:16, 17.67it/s]
 36%|###########                    | 156/439 [00:08<00:16, 17.68it/s]
 36%|###########1                   | 158/439 [00:08<00:15, 17.80it/s]
 36%|###########2                   | 160/439 [00:09<00:15, 17.78it/s]
 37%|###########4                   | 162/439 [00:09<00:15, 17.65it/s]
 37%|###########5                   | 164/439 [00:09<00:15, 17.69it/s]
 38%|###########7                   | 166/439 [00:09<00:15, 17.64it/s]
 38%|###########8                   | 168/439 [00:09<00:15, 17.63it/s]
 39%|############                   | 170/439 [00:09<00:15, 17.66it/s]
 39%|############1                  | 172/439 [00:09<00:15, 16.92it/s]
 40%|############2                  | 174/439 [00:09<00:15, 17.18it/s]
 40%|############4                  | 176/439 [00:10<00:15, 16.68it/s]
 41%|############5                  | 178/439 [00:10<00:15, 16.90it/s]
 41%|############7                  | 180/439 [00:10<00:15, 16.96it/s]
 41%|############8                  | 182/439 [00:10<00:15, 16.61it/s]
 42%|############9                  | 184/439 [00:10<00:15, 16.92it/s]
 42%|#############1                 | 186/439 [00:10<00:14, 17.10it/s]
 43%|#############2                 | 188/439 [00:10<00:14, 17.29it/s]
 43%|#############4                 | 190/439 [00:10<00:14, 17.43it/s]
 44%|#############5                 | 192/439 [00:10<00:14, 17.55it/s]
 44%|#############6                 | 194/439 [00:11<00:13, 17.69it/s]
 45%|#############8                 | 196/439 [00:11<00:13, 17.70it/s]
 45%|#############9                 | 198/439 [00:11<00:13, 17.67it/s]
 46%|##############1                | 200/439 [00:11<00:13, 17.78it/s]
 46%|##############2                | 202/439 [00:11<00:13, 17.82it/s]
 46%|##############4                | 204/439 [00:11<00:13, 17.84it/s]
 47%|##############5                | 206/439 [00:11<00:13, 17.76it/s]
 47%|##############6                | 208/439 [00:11<00:13, 17.74it/s]
 48%|##############8                | 210/439 [00:11<00:12, 17.70it/s]
 48%|##############9                | 212/439 [00:12<00:12, 17.67it/s]
 49%|###############1               | 214/439 [00:12<00:12, 17.71it/s]
 49%|###############2               | 216/439 [00:12<00:12, 17.65it/s]
 50%|###############3               | 218/439 [00:12<00:12, 17.62it/s]
 50%|###############5               | 220/439 [00:12<00:12, 17.61it/s]
 51%|###############6               | 222/439 [00:12<00:12, 17.60it/s]
 51%|###############8               | 224/439 [00:12<00:12, 17.66it/s]
 51%|###############9               | 226/439 [00:12<00:12, 17.58it/s]
 52%|################1              | 228/439 [00:12<00:11, 17.64it/s]
 52%|################2              | 230/439 [00:13<00:11, 17.63it/s]
 53%|################3              | 232/439 [00:13<00:11, 17.60it/s]
 53%|################5              | 234/439 [00:13<00:11, 17.64it/s]
 54%|################6              | 236/439 [00:13<00:11, 17.63it/s]
 54%|################8              | 238/439 [00:13<00:11, 17.59it/s]
 55%|################9              | 240/439 [00:13<00:11, 17.60it/s]
 55%|#################              | 242/439 [00:13<00:11, 17.56it/s]
 56%|#################2             | 244/439 [00:13<00:11, 17.52it/s]
 56%|#################3             | 246/439 [00:14<00:11, 17.51it/s]
 56%|#################5             | 248/439 [00:14<00:11, 16.87it/s]
 57%|#################6             | 250/439 [00:14<00:11, 17.06it/s]
 57%|#################7             | 252/439 [00:14<00:10, 17.11it/s]
 58%|#################9             | 254/439 [00:14<00:10, 17.27it/s]
 58%|##################             | 256/439 [00:14<00:10, 17.47it/s]
 59%|##################2            | 258/439 [00:14<00:10, 17.54it/s]
 59%|##################3            | 260/439 [00:14<00:10, 17.55it/s]
 60%|##################5            | 262/439 [00:14<00:10, 17.52it/s]
 60%|##################6            | 264/439 [00:15<00:09, 17.55it/s]
 61%|##################7            | 266/439 [00:15<00:09, 17.50it/s]
 61%|##################9            | 268/439 [00:15<00:09, 17.51it/s]
 62%|###################            | 270/439 [00:15<00:09, 17.53it/s]
 62%|###################2           | 272/439 [00:15<00:09, 17.50it/s]
 62%|###################3           | 274/439 [00:15<00:09, 17.71it/s]
 63%|###################4           | 276/439 [00:15<00:09, 17.75it/s]
 63%|###################6           | 278/439 [00:15<00:09, 17.72it/s]
 64%|###################7           | 280/439 [00:15<00:08, 17.71it/s]
 64%|###################9           | 282/439 [00:16<00:08, 17.71it/s]
 65%|####################           | 284/439 [00:16<00:08, 17.82it/s]
 65%|####################1          | 286/439 [00:16<00:08, 17.84it/s]
 66%|####################3          | 288/439 [00:16<00:08, 17.05it/s]
 66%|####################4          | 290/439 [00:16<00:08, 17.25it/s]
 67%|####################6          | 292/439 [00:16<00:08, 17.52it/s]
 67%|####################7          | 294/439 [00:16<00:08, 17.62it/s]
 67%|####################9          | 296/439 [00:16<00:08, 17.64it/s]
 68%|#####################          | 298/439 [00:16<00:07, 17.67it/s]
 68%|#####################1         | 300/439 [00:17<00:07, 17.67it/s]
 69%|#####################3         | 302/439 [00:17<00:07, 17.64it/s]
 69%|#####################4         | 304/439 [00:17<00:07, 17.59it/s]
 70%|#####################6         | 306/439 [00:17<00:07, 17.64it/s]
 70%|#####################7         | 308/439 [00:17<00:07, 17.66it/s]
 71%|#####################8         | 310/439 [00:17<00:07, 17.02it/s]
 71%|######################         | 312/439 [00:17<00:07, 17.33it/s]
 72%|######################1        | 314/439 [00:17<00:07, 17.40it/s]
 72%|######################3        | 316/439 [00:18<00:07, 17.47it/s]
 72%|######################4        | 318/439 [00:18<00:06, 17.58it/s]
 73%|######################5        | 320/439 [00:18<00:06, 17.58it/s]
 73%|######################7        | 322/439 [00:18<00:06, 17.62it/s]
 74%|######################8        | 324/439 [00:18<00:06, 17.71it/s]
 74%|#######################        | 326/439 [00:18<00:06, 17.76it/s]
 75%|#######################1       | 328/439 [00:18<00:06, 17.81it/s]
 75%|#######################3       | 330/439 [00:18<00:06, 17.96it/s]
 76%|#######################4       | 332/439 [00:18<00:05, 17.87it/s]
 76%|#######################5       | 334/439 [00:19<00:05, 17.88it/s]
 77%|#######################7       | 336/439 [00:19<00:05, 17.85it/s]
 77%|#######################8       | 338/439 [00:19<00:05, 17.75it/s]
 77%|########################       | 340/439 [00:19<00:05, 17.70it/s]
 78%|########################1      | 342/439 [00:19<00:05, 17.63it/s]
 78%|########################2      | 344/439 [00:19<00:05, 17.56it/s]
 79%|########################4      | 346/439 [00:19<00:05, 17.42it/s]
 79%|########################5      | 348/439 [00:19<00:05, 17.27it/s]
 80%|########################7      | 350/439 [00:19<00:05, 17.43it/s]
 80%|########################8      | 352/439 [00:20<00:04, 17.58it/s]
 81%|########################9      | 354/439 [00:20<00:04, 17.65it/s]
 81%|#########################1     | 356/439 [00:20<00:04, 17.66it/s]
 82%|#########################2     | 358/439 [00:20<00:04, 17.58it/s]
 82%|#########################4     | 360/439 [00:20<00:04, 17.52it/s]
 82%|#########################5     | 362/439 [00:20<00:04, 17.50it/s]
 83%|#########################7     | 364/439 [00:20<00:04, 17.52it/s]
 83%|#########################8     | 366/439 [00:20<00:04, 17.70it/s]
 84%|#########################9     | 368/439 [00:20<00:04, 17.68it/s]
 84%|##########################1    | 370/439 [00:21<00:03, 17.84it/s]
 85%|##########################2    | 372/439 [00:21<00:03, 17.72it/s]
 85%|##########################4    | 374/439 [00:21<00:03, 17.69it/s]
 86%|##########################5    | 376/439 [00:21<00:03, 17.63it/s]
 86%|##########################6    | 378/439 [00:21<00:03, 17.57it/s]
 87%|##########################8    | 380/439 [00:21<00:03, 17.61it/s]
 87%|##########################9    | 382/439 [00:21<00:03, 17.65it/s]
 87%|###########################1   | 384/439 [00:21<00:03, 17.63it/s]
 88%|###########################2   | 386/439 [00:21<00:02, 17.69it/s]
 88%|###########################3   | 388/439 [00:22<00:02, 17.53it/s]
 89%|###########################5   | 390/439 [00:22<00:02, 17.26it/s]
 89%|###########################6   | 392/439 [00:22<00:02, 17.43it/s]
 90%|###########################8   | 394/439 [00:22<00:02, 17.51it/s]
 90%|###########################9   | 396/439 [00:22<00:02, 17.55it/s]
 91%|############################1  | 398/439 [00:22<00:02, 17.60it/s]
 91%|############################2  | 400/439 [00:22<00:02, 17.39it/s]
 92%|############################3  | 402/439 [00:22<00:02, 17.46it/s]
 92%|############################5  | 404/439 [00:23<00:02, 17.46it/s]
 92%|############################6  | 406/439 [00:23<00:01, 16.75it/s]
 93%|############################8  | 408/439 [00:23<00:01, 17.04it/s]
 93%|############################9  | 410/439 [00:23<00:01, 16.66it/s]
 94%|#############################  | 412/439 [00:23<00:01, 16.97it/s]
 94%|#############################2 | 414/439 [00:23<00:01, 17.28it/s]
 95%|#############################3 | 416/439 [00:23<00:01, 17.39it/s]
 95%|#############################5 | 418/439 [00:23<00:01, 17.49it/s]
 96%|#############################6 | 420/439 [00:23<00:01, 17.51it/s]
 96%|#############################7 | 422/439 [00:24<00:00, 17.63it/s]
 97%|#############################9 | 424/439 [00:24<00:00, 17.67it/s]
 97%|############################## | 426/439 [00:24<00:00, 17.69it/s]
 97%|##############################2| 428/439 [00:24<00:00, 17.71it/s]
 98%|##############################3| 430/439 [00:24<00:00, 17.69it/s]
 98%|##############################5| 432/439 [00:24<00:00, 17.62it/s]
 99%|##############################6| 434/439 [00:24<00:00, 17.67it/s]
 99%|##############################7| 436/439 [00:24<00:00, 17.61it/s]
100%|##############################9| 438/439 [00:24<00:00, 17.56it/s]
100%|###############################| 439/439 [00:25<00:00, 17.54it/s]
[SEAL Epoch 7] loss=0.5617

[SEAL Epoch 8/20] Run 1/1 - training...

  0%|                                         | 0/439 [00:00<?, ?it/s]
  0%|1                                | 2/439 [00:00<00:27, 15.76it/s]
  1%|3                                | 4/439 [00:00<00:26, 16.60it/s]
  1%|4                                | 6/439 [00:00<00:25, 17.03it/s]
  2%|6                                | 8/439 [00:00<00:24, 17.25it/s]
  2%|7                               | 10/439 [00:00<00:24, 17.38it/s]
  3%|8                               | 12/439 [00:00<00:24, 17.48it/s]
  3%|#                               | 14/439 [00:00<00:24, 17.56it/s]
  4%|#1                              | 16/439 [00:00<00:23, 17.64it/s]
  4%|#3                              | 18/439 [00:01<00:23, 17.79it/s]
  5%|#4                              | 20/439 [00:01<00:23, 17.86it/s]
  5%|#6                              | 22/439 [00:01<00:23, 17.86it/s]
  5%|#7                              | 24/439 [00:01<00:23, 17.86it/s]
  6%|#8                              | 26/439 [00:01<00:23, 17.76it/s]
  6%|##                              | 28/439 [00:02<01:09,  5.92it/s]
  7%|##1                             | 30/439 [00:02<00:55,  7.38it/s]
  7%|##3                             | 32/439 [00:02<00:45,  8.95it/s]
  8%|##4                             | 34/439 [00:02<00:38, 10.39it/s]
  8%|##6                             | 36/439 [00:02<00:34, 11.82it/s]
  9%|##7                             | 38/439 [00:02<00:30, 13.11it/s]
  9%|##9                             | 40/439 [00:03<00:28, 14.17it/s]
 10%|###                             | 42/439 [00:03<00:26, 15.08it/s]
 10%|###2                            | 44/439 [00:03<00:25, 15.75it/s]
 10%|###3                            | 46/439 [00:03<00:24, 16.21it/s]
 11%|###4                            | 48/439 [00:03<00:23, 16.59it/s]
 11%|###6                            | 50/439 [00:03<00:23, 16.84it/s]
 12%|###7                            | 52/439 [00:03<00:22, 17.07it/s]
 12%|###9                            | 54/439 [00:03<00:22, 17.17it/s]
 13%|####                            | 56/439 [00:03<00:22, 17.31it/s]
 13%|####2                           | 58/439 [00:04<00:21, 17.38it/s]
 14%|####3                           | 60/439 [00:04<00:21, 17.40it/s]
 14%|####5                           | 62/439 [00:04<00:22, 16.79it/s]
 15%|####6                           | 64/439 [00:04<00:22, 16.98it/s]
 15%|####8                           | 66/439 [00:04<00:22, 16.88it/s]
 15%|####9                           | 68/439 [00:04<00:21, 16.96it/s]
 16%|#####1                          | 70/439 [00:04<00:21, 17.16it/s]
 16%|#####2                          | 72/439 [00:04<00:21, 17.24it/s]
 17%|#####3                          | 74/439 [00:04<00:20, 17.42it/s]
 17%|#####5                          | 76/439 [00:05<00:20, 17.43it/s]
 18%|#####6                          | 78/439 [00:05<00:20, 17.37it/s]
 18%|#####8                          | 80/439 [00:05<00:20, 17.38it/s]
 19%|#####9                          | 82/439 [00:05<00:20, 17.47it/s]
 19%|######1                         | 84/439 [00:05<00:20, 17.49it/s]
 20%|######2                         | 86/439 [00:05<00:20, 17.54it/s]
 20%|######4                         | 88/439 [00:05<00:20, 17.55it/s]
 21%|######5                         | 90/439 [00:05<00:19, 17.49it/s]
 21%|######7                         | 92/439 [00:06<00:19, 17.48it/s]
 21%|######8                         | 94/439 [00:06<00:19, 17.52it/s]
 22%|######9                         | 96/439 [00:06<00:19, 17.52it/s]
 22%|#######1                        | 98/439 [00:06<00:19, 17.52it/s]
 23%|#######                        | 100/439 [00:06<00:19, 17.53it/s]
 23%|#######2                       | 102/439 [00:06<00:19, 17.54it/s]
 24%|#######3                       | 104/439 [00:06<00:19, 17.57it/s]
 24%|#######4                       | 106/439 [00:06<00:19, 17.45it/s]
 25%|#######6                       | 108/439 [00:06<00:18, 17.50it/s]
 25%|#######7                       | 110/439 [00:07<00:19, 16.77it/s]
 26%|#######9                       | 112/439 [00:07<00:19, 16.96it/s]
 26%|########                       | 114/439 [00:07<00:19, 17.09it/s]
 26%|########1                      | 116/439 [00:07<00:18, 17.13it/s]
 27%|########3                      | 118/439 [00:07<00:18, 17.03it/s]
 27%|########4                      | 120/439 [00:07<00:18, 17.14it/s]
 28%|########6                      | 122/439 [00:07<00:18, 17.23it/s]
 28%|########7                      | 124/439 [00:07<00:18, 17.34it/s]
 29%|########8                      | 126/439 [00:07<00:18, 17.32it/s]
 29%|#########                      | 128/439 [00:08<00:18, 17.27it/s]
 30%|#########1                     | 130/439 [00:08<00:17, 17.32it/s]
 30%|#########3                     | 132/439 [00:08<00:17, 17.29it/s]
 31%|#########4                     | 134/439 [00:08<00:17, 17.25it/s]
 31%|#########6                     | 136/439 [00:08<00:17, 17.26it/s]
 31%|#########7                     | 138/439 [00:08<00:17, 17.39it/s]
 32%|#########8                     | 140/439 [00:08<00:17, 17.45it/s]
 32%|##########                     | 142/439 [00:08<00:17, 17.46it/s]
 33%|##########1                    | 144/439 [00:09<00:16, 17.44it/s]
 33%|##########3                    | 146/439 [00:09<00:16, 17.49it/s]
 34%|##########4                    | 148/439 [00:09<00:16, 17.60it/s]
 34%|##########5                    | 150/439 [00:09<00:16, 17.57it/s]
 35%|##########7                    | 152/439 [00:09<00:16, 17.53it/s]
 35%|##########8                    | 154/439 [00:09<00:16, 17.54it/s]
 36%|###########                    | 156/439 [00:09<00:16, 17.55it/s]
 36%|###########1                   | 158/439 [00:09<00:16, 17.55it/s]
 36%|###########2                   | 160/439 [00:09<00:16, 17.33it/s]
 37%|###########4                   | 162/439 [00:10<00:15, 17.35it/s]
 37%|###########5                   | 164/439 [00:10<00:15, 17.38it/s]
 38%|###########7                   | 166/439 [00:10<00:15, 17.47it/s]
 38%|###########8                   | 168/439 [00:10<00:15, 17.42it/s]
 39%|############                   | 170/439 [00:10<00:15, 17.60it/s]
 39%|############1                  | 172/439 [00:10<00:15, 17.54it/s]
 40%|############2                  | 174/439 [00:10<00:15, 17.47it/s]
 40%|############4                  | 176/439 [00:10<00:14, 17.55it/s]
 41%|############5                  | 178/439 [00:10<00:14, 17.49it/s]
 41%|############7                  | 180/439 [00:11<00:14, 17.45it/s]
 41%|############8                  | 182/439 [00:11<00:14, 17.47it/s]
 42%|############9                  | 184/439 [00:11<00:14, 17.45it/s]
 42%|#############1                 | 186/439 [00:11<00:14, 17.45it/s]
 43%|#############2                 | 188/439 [00:11<00:14, 17.45it/s]
 43%|#############4                 | 190/439 [00:11<00:14, 17.48it/s]
 44%|#############5                 | 192/439 [00:11<00:14, 17.46it/s]
 44%|#############6                 | 194/439 [00:11<00:14, 17.43it/s]
 45%|#############8                 | 196/439 [00:11<00:13, 17.58it/s]
 45%|#############9                 | 198/439 [00:12<00:13, 17.55it/s]
 46%|##############1                | 200/439 [00:12<00:13, 17.57it/s]
 46%|##############2                | 202/439 [00:12<00:13, 17.49it/s]
 46%|##############4                | 204/439 [00:12<00:13, 17.33it/s]
 47%|##############5                | 206/439 [00:12<00:13, 17.33it/s]
 47%|##############6                | 208/439 [00:12<00:13, 16.81it/s]
 48%|##############8                | 210/439 [00:12<00:13, 17.00it/s]
 48%|##############9                | 212/439 [00:12<00:13, 17.16it/s]
 49%|###############1               | 214/439 [00:13<00:13, 17.29it/s]
 49%|###############2               | 216/439 [00:13<00:12, 17.36it/s]
 50%|###############3               | 218/439 [00:13<00:12, 17.36it/s]
 50%|###############5               | 220/439 [00:13<00:12, 17.37it/s]
 51%|###############6               | 222/439 [00:13<00:12, 17.52it/s]
 51%|###############8               | 224/439 [00:13<00:12, 17.59it/s]
 51%|###############9               | 226/439 [00:13<00:12, 17.48it/s]
 52%|################1              | 228/439 [00:13<00:11, 17.59it/s]
 52%|################2              | 230/439 [00:13<00:11, 17.61it/s]
 53%|################3              | 232/439 [00:14<00:12, 16.91it/s]
 53%|################5              | 234/439 [00:14<00:12, 17.02it/s]
 54%|################6              | 236/439 [00:14<00:11, 17.20it/s]
 54%|################8              | 238/439 [00:14<00:12, 16.72it/s]
 55%|################9              | 240/439 [00:14<00:11, 16.92it/s]
 55%|#################              | 242/439 [00:14<00:11, 17.04it/s]
 56%|#################2             | 244/439 [00:14<00:11, 17.17it/s]
 56%|#################3             | 246/439 [00:14<00:11, 17.25it/s]
 56%|#################5             | 248/439 [00:15<00:11, 17.30it/s]
 57%|#################6             | 250/439 [00:15<00:10, 17.37it/s]
 57%|#################7             | 252/439 [00:15<00:10, 17.45it/s]
 58%|#################9             | 254/439 [00:15<00:10, 17.51it/s]
 58%|##################             | 256/439 [00:15<00:10, 17.56it/s]
 59%|##################2            | 258/439 [00:15<00:10, 17.54it/s]
 59%|##################3            | 260/439 [00:15<00:10, 17.68it/s]
 60%|##################5            | 262/439 [00:15<00:10, 17.69it/s]
 60%|##################6            | 264/439 [00:15<00:09, 17.78it/s]
 61%|##################7            | 266/439 [00:16<00:09, 17.71it/s]
 61%|##################9            | 268/439 [00:16<00:09, 17.68it/s]
 62%|###################            | 270/439 [00:16<00:09, 17.63it/s]
 62%|###################2           | 272/439 [00:16<00:09, 17.49it/s]
 62%|###################3           | 274/439 [00:16<00:09, 17.56it/s]
 63%|###################4           | 276/439 [00:16<00:09, 17.64it/s]
 63%|###################6           | 278/439 [00:16<00:09, 17.60it/s]
 64%|###################7           | 280/439 [00:16<00:09, 17.57it/s]
 64%|###################9           | 282/439 [00:16<00:08, 17.57it/s]
 65%|####################           | 284/439 [00:17<00:08, 17.67it/s]
 65%|####################1          | 286/439 [00:17<00:08, 17.55it/s]
 66%|####################3          | 288/439 [00:17<00:08, 17.53it/s]
 66%|####################4          | 290/439 [00:17<00:08, 17.57it/s]
 67%|####################6          | 292/439 [00:17<00:08, 17.54it/s]
 67%|####################7          | 294/439 [00:17<00:08, 17.58it/s]
 67%|####################9          | 296/439 [00:17<00:08, 17.59it/s]
 68%|#####################          | 298/439 [00:17<00:07, 17.63it/s]
 68%|#####################1         | 300/439 [00:17<00:07, 17.65it/s]
 69%|#####################3         | 302/439 [00:18<00:07, 17.61it/s]
 69%|#####################4         | 304/439 [00:18<00:07, 17.63it/s]
 70%|#####################6         | 306/439 [00:18<00:07, 17.57it/s]
 70%|#####################7         | 308/439 [00:18<00:07, 17.62it/s]
 71%|#####################8         | 310/439 [00:18<00:07, 16.96it/s]
 71%|######################         | 312/439 [00:18<00:07, 17.08it/s]
 72%|######################1        | 314/439 [00:18<00:07, 17.19it/s]
 72%|######################3        | 316/439 [00:18<00:07, 17.40it/s]
 72%|######################4        | 318/439 [00:19<00:06, 17.43it/s]
 73%|######################5        | 320/439 [00:19<00:06, 17.51it/s]
 73%|######################7        | 322/439 [00:19<00:06, 17.58it/s]
 74%|######################8        | 324/439 [00:19<00:06, 17.57it/s]
 74%|#######################        | 326/439 [00:19<00:06, 17.62it/s]
 75%|#######################1       | 328/439 [00:19<00:06, 17.59it/s]
 75%|#######################3       | 330/439 [00:19<00:06, 17.56it/s]
 76%|#######################4       | 332/439 [00:19<00:06, 17.60it/s]
 76%|#######################5       | 334/439 [00:19<00:06, 17.48it/s]
 77%|#######################7       | 336/439 [00:20<00:05, 17.54it/s]
 77%|#######################8       | 338/439 [00:20<00:05, 17.55it/s]
 77%|########################       | 340/439 [00:20<00:05, 17.57it/s]
 78%|########################1      | 342/439 [00:20<00:05, 17.58it/s]
 78%|########################2      | 344/439 [00:20<00:05, 17.61it/s]
 79%|########################4      | 346/439 [00:20<00:05, 17.58it/s]
 79%|########################5      | 348/439 [00:20<00:05, 17.59it/s]
 80%|########################7      | 350/439 [00:20<00:05, 16.87it/s]
 80%|########################8      | 352/439 [00:20<00:05, 17.18it/s]
 81%|########################9      | 354/439 [00:21<00:04, 17.32it/s]
 81%|#########################1     | 356/439 [00:21<00:05, 16.07it/s]
 82%|#########################2     | 358/439 [00:21<00:04, 16.42it/s]
 82%|#########################4     | 360/439 [00:21<00:04, 15.99it/s]
 82%|#########################5     | 362/439 [00:21<00:04, 16.44it/s]
 83%|#########################7     | 364/439 [00:21<00:04, 16.79it/s]
 83%|#########################8     | 366/439 [00:21<00:04, 17.02it/s]
 84%|#########################9     | 368/439 [00:21<00:04, 17.15it/s]
 84%|##########################1    | 370/439 [00:22<00:04, 17.24it/s]
 85%|##########################2    | 372/439 [00:22<00:04, 16.10it/s]
 85%|##########################4    | 374/439 [00:22<00:03, 16.56it/s]
 86%|##########################5    | 376/439 [00:22<00:03, 16.84it/s]
 86%|##########################6    | 378/439 [00:22<00:03, 16.50it/s]
 87%|##########################8    | 380/439 [00:22<00:03, 16.77it/s]
 87%|##########################9    | 382/439 [00:22<00:03, 17.08it/s]
 87%|###########################1   | 384/439 [00:22<00:03, 17.30it/s]
 88%|###########################2   | 386/439 [00:22<00:03, 17.45it/s]
 88%|###########################3   | 388/439 [00:23<00:02, 17.46it/s]
 89%|###########################5   | 390/439 [00:23<00:02, 17.56it/s]
 89%|###########################6   | 392/439 [00:23<00:02, 17.61it/s]
 90%|###########################8   | 394/439 [00:23<00:02, 17.53it/s]
 90%|###########################9   | 396/439 [00:23<00:02, 17.55it/s]
 91%|############################1  | 398/439 [00:23<00:02, 17.58it/s]
 91%|############################2  | 400/439 [00:23<00:02, 17.61it/s]
 92%|############################3  | 402/439 [00:23<00:02, 17.52it/s]
 92%|############################5  | 404/439 [00:23<00:01, 17.67it/s]
 92%|############################6  | 406/439 [00:24<00:01, 17.74it/s]
 93%|############################8  | 408/439 [00:24<00:01, 17.65it/s]
 93%|############################9  | 410/439 [00:24<00:01, 17.63it/s]
 94%|#############################  | 412/439 [00:24<00:01, 17.59it/s]
 94%|#############################2 | 414/439 [00:24<00:01, 17.55it/s]
 95%|#############################3 | 416/439 [00:24<00:01, 17.54it/s]
 95%|#############################5 | 418/439 [00:24<00:01, 17.53it/s]
 96%|#############################6 | 420/439 [00:24<00:01, 17.51it/s]
 96%|#############################7 | 422/439 [00:25<00:00, 17.70it/s]
 97%|#############################9 | 424/439 [00:25<00:00, 17.70it/s]
 97%|############################## | 426/439 [00:25<00:00, 17.54it/s]
 97%|##############################2| 428/439 [00:25<00:00, 17.58it/s]
 98%|##############################3| 430/439 [00:25<00:00, 17.67it/s]
 98%|##############################5| 432/439 [00:25<00:00, 17.66it/s]
 99%|##############################6| 434/439 [00:25<00:00, 17.62it/s]
 99%|##############################7| 436/439 [00:25<00:00, 17.49it/s]
100%|##############################9| 438/439 [00:25<00:00, 17.44it/s]
100%|###############################| 439/439 [00:25<00:00, 16.89it/s]
[SEAL Epoch 8] loss=0.5615

[SEAL Epoch 9/20] Run 1/1 - training...

  0%|                                         | 0/439 [00:00<?, ?it/s]
  0%|1                                | 2/439 [00:00<00:27, 16.14it/s]
  1%|3                                | 4/439 [00:00<00:25, 16.73it/s]
  1%|4                                | 6/439 [00:00<00:25, 17.05it/s]
  2%|6                                | 8/439 [00:00<00:24, 17.30it/s]
  2%|7                               | 10/439 [00:00<00:24, 17.47it/s]
  3%|8                               | 12/439 [00:00<00:24, 17.44it/s]
  3%|#                               | 14/439 [00:00<00:24, 17.49it/s]
  4%|#1                              | 16/439 [00:00<00:24, 17.29it/s]
  4%|#3                              | 18/439 [00:01<00:24, 17.16it/s]
  5%|#4                              | 20/439 [00:01<00:24, 17.20it/s]
  5%|#6                              | 22/439 [00:01<00:23, 17.43it/s]
  5%|#7                              | 24/439 [00:01<00:23, 17.47it/s]
  6%|#8                              | 26/439 [00:01<00:23, 17.53it/s]
  6%|##                              | 28/439 [00:01<00:23, 17.53it/s]
  7%|##1                             | 30/439 [00:01<00:23, 17.50it/s]
  7%|##3                             | 32/439 [00:01<00:23, 17.56it/s]
  8%|##4                             | 34/439 [00:01<00:22, 17.61it/s]
  8%|##6                             | 36/439 [00:02<00:22, 17.66it/s]
  9%|##7                             | 38/439 [00:02<00:22, 17.65it/s]
  9%|##9                             | 40/439 [00:02<00:22, 17.73it/s]
 10%|###                             | 42/439 [00:02<00:22, 17.73it/s]
 10%|###2                            | 44/439 [00:02<00:22, 17.72it/s]
 10%|###3                            | 46/439 [00:02<00:22, 17.63it/s]
 11%|###4                            | 48/439 [00:02<00:22, 17.67it/s]
 11%|###6                            | 50/439 [00:02<00:22, 17.01it/s]
 12%|###7                            | 52/439 [00:02<00:22, 17.16it/s]
 12%|###9                            | 54/439 [00:03<00:22, 17.24it/s]
 13%|####                            | 56/439 [00:03<00:22, 17.23it/s]
 13%|####2                           | 58/439 [00:03<00:22, 17.19it/s]
 14%|####3                           | 60/439 [00:03<00:22, 17.19it/s]
 14%|####5                           | 62/439 [00:03<00:21, 17.41it/s]
 15%|####6                           | 64/439 [00:03<00:21, 17.47it/s]
 15%|####8                           | 66/439 [00:03<00:21, 17.49it/s]
 15%|####9                           | 68/439 [00:03<00:21, 16.92it/s]
 16%|#####1                          | 70/439 [00:04<00:21, 17.12it/s]
 16%|#####2                          | 72/439 [00:04<00:21, 17.28it/s]
 17%|#####3                          | 74/439 [00:04<00:21, 17.31it/s]
 17%|#####5                          | 76/439 [00:04<00:22, 16.25it/s]
 18%|#####6                          | 78/439 [00:04<00:21, 16.66it/s]
 18%|#####8                          | 80/439 [00:04<00:21, 16.93it/s]
 19%|#####9                          | 82/439 [00:04<00:20, 17.12it/s]
 19%|######1                         | 84/439 [00:04<00:20, 17.30it/s]
 20%|######2                         | 86/439 [00:04<00:20, 17.36it/s]
 20%|######4                         | 88/439 [00:05<00:20, 17.48it/s]
 21%|######5                         | 90/439 [00:05<00:20, 16.87it/s]
 21%|######7                         | 92/439 [00:05<00:20, 17.24it/s]
 21%|######8                         | 94/439 [00:05<00:19, 17.37it/s]
 22%|######9                         | 96/439 [00:05<00:19, 17.49it/s]
 22%|#######1                        | 98/439 [00:05<00:19, 17.55it/s]
 23%|#######                        | 100/439 [00:05<00:19, 17.63it/s]
 23%|#######2                       | 102/439 [00:05<00:19, 17.48it/s]
 24%|#######3                       | 104/439 [00:06<00:19, 17.52it/s]
 24%|#######4                       | 106/439 [00:06<00:18, 17.56it/s]
 25%|#######6                       | 108/439 [00:06<00:18, 17.57it/s]
 25%|#######7                       | 110/439 [00:06<00:18, 17.71it/s]
 26%|#######9                       | 112/439 [00:06<00:18, 17.73it/s]
 26%|########                       | 114/439 [00:06<00:18, 17.64it/s]
 26%|########1                      | 116/439 [00:06<00:18, 17.59it/s]
 27%|########3                      | 118/439 [00:06<00:18, 17.59it/s]
 27%|########4                      | 120/439 [00:06<00:18, 17.54it/s]
 28%|########6                      | 122/439 [00:07<00:18, 17.54it/s]
 28%|########7                      | 124/439 [00:07<00:17, 17.57it/s]
 29%|########8                      | 126/439 [00:07<00:17, 17.57it/s]
 29%|#########                      | 128/439 [00:07<00:17, 17.60it/s]
 30%|#########1                     | 130/439 [00:07<00:17, 17.72it/s]
 30%|#########3                     | 132/439 [00:07<00:17, 17.80it/s]
 31%|#########4                     | 134/439 [00:07<00:17, 17.80it/s]
 31%|#########6                     | 136/439 [00:07<00:17, 17.79it/s]
 31%|#########7                     | 138/439 [00:07<00:17, 17.70it/s]
 32%|#########8                     | 140/439 [00:08<00:16, 17.68it/s]
 32%|##########                     | 142/439 [00:08<00:16, 17.73it/s]
 33%|##########1                    | 144/439 [00:08<00:16, 17.67it/s]
 33%|##########3                    | 146/439 [00:08<00:16, 17.55it/s]
 34%|##########4                    | 148/439 [00:08<00:16, 17.65it/s]
 34%|##########5                    | 150/439 [00:08<00:16, 17.63it/s]
 35%|##########7                    | 152/439 [00:08<00:16, 17.64it/s]
 35%|##########8                    | 154/439 [00:08<00:16, 17.68it/s]
 36%|###########                    | 156/439 [00:08<00:15, 17.76it/s]
 36%|###########1                   | 158/439 [00:09<00:15, 17.74it/s]
 36%|###########2                   | 160/439 [00:09<00:15, 17.62it/s]
 37%|###########4                   | 162/439 [00:09<00:15, 17.60it/s]
 37%|###########5                   | 164/439 [00:09<00:15, 17.59it/s]
 38%|###########7                   | 166/439 [00:09<00:15, 17.82it/s]
 38%|###########8                   | 168/439 [00:09<00:15, 17.80it/s]
 39%|############                   | 170/439 [00:09<00:15, 17.81it/s]
 39%|############1                  | 172/439 [00:09<00:14, 17.85it/s]
 40%|############2                  | 174/439 [00:09<00:14, 17.92it/s]
 40%|############4                  | 176/439 [00:10<00:14, 17.85it/s]
 41%|############5                  | 178/439 [00:10<00:14, 17.76it/s]
 41%|############7                  | 180/439 [00:10<00:14, 17.78it/s]
 41%|############8                  | 182/439 [00:10<00:14, 17.81it/s]
 42%|############9                  | 184/439 [00:10<00:14, 17.73it/s]
 42%|#############1                 | 186/439 [00:10<00:14, 17.77it/s]
 43%|#############2                 | 188/439 [00:10<00:14, 17.70it/s]
 43%|#############4                 | 190/439 [00:10<00:14, 17.66it/s]
 44%|#############5                 | 192/439 [00:10<00:14, 17.62it/s]
 44%|#############6                 | 194/439 [00:11<00:13, 17.63it/s]
 45%|#############8                 | 196/439 [00:11<00:13, 17.68it/s]
 45%|#############9                 | 198/439 [00:11<00:13, 17.67it/s]
 46%|##############1                | 200/439 [00:11<00:13, 17.68it/s]
 46%|##############2                | 202/439 [00:11<00:13, 17.68it/s]
 46%|##############4                | 204/439 [00:11<00:13, 17.85it/s]
 47%|##############5                | 206/439 [00:11<00:13, 17.78it/s]
 47%|##############6                | 208/439 [00:11<00:13, 17.69it/s]
 48%|##############8                | 210/439 [00:11<00:12, 17.66it/s]
 48%|##############9                | 212/439 [00:12<00:12, 17.68it/s]
 49%|###############1               | 214/439 [00:12<00:12, 17.76it/s]
 49%|###############2               | 216/439 [00:12<00:12, 17.69it/s]
 50%|###############3               | 218/439 [00:12<00:12, 17.76it/s]
 50%|###############5               | 220/439 [00:12<00:12, 17.69it/s]
 51%|###############6               | 222/439 [00:12<00:12, 17.66it/s]
 51%|###############8               | 224/439 [00:12<00:12, 17.64it/s]
 51%|###############9               | 226/439 [00:12<00:12, 17.57it/s]
 52%|################1              | 228/439 [00:13<00:11, 17.66it/s]
 52%|################2              | 230/439 [00:13<00:11, 17.65it/s]
 53%|################3              | 232/439 [00:13<00:11, 17.58it/s]
 53%|################5              | 234/439 [00:13<00:11, 17.58it/s]
 54%|################6              | 236/439 [00:13<00:11, 17.55it/s]
 54%|################8              | 238/439 [00:13<00:11, 17.55it/s]
 55%|################9              | 240/439 [00:13<00:11, 17.56it/s]
 55%|#################              | 242/439 [00:13<00:11, 17.60it/s]
 56%|#################2             | 244/439 [00:13<00:11, 17.65it/s]
 56%|#################3             | 246/439 [00:14<00:10, 17.61it/s]
 56%|#################5             | 248/439 [00:14<00:10, 17.59it/s]
 57%|#################6             | 250/439 [00:14<00:10, 17.58it/s]
 57%|#################7             | 252/439 [00:14<00:10, 17.60it/s]
 58%|#################9             | 254/439 [00:14<00:10, 17.65it/s]
 58%|##################             | 256/439 [00:14<00:10, 17.65it/s]
 59%|##################2            | 258/439 [00:14<00:10, 17.54it/s]
 59%|##################3            | 260/439 [00:14<00:10, 17.65it/s]
 60%|##################5            | 262/439 [00:14<00:10, 17.67it/s]
 60%|##################6            | 264/439 [00:15<00:09, 17.72it/s]
 61%|##################7            | 266/439 [00:15<00:09, 17.71it/s]
 61%|##################9            | 268/439 [00:15<00:09, 17.73it/s]
 62%|###################            | 270/439 [00:15<00:09, 17.71it/s]
 62%|###################2           | 272/439 [00:15<00:09, 17.64it/s]
 62%|###################3           | 274/439 [00:15<00:09, 17.60it/s]
 63%|###################4           | 276/439 [00:15<00:09, 17.61it/s]
 63%|###################6           | 278/439 [00:15<00:09, 17.76it/s]
 64%|###################7           | 280/439 [00:15<00:08, 17.74it/s]
 64%|###################9           | 282/439 [00:16<00:08, 17.74it/s]
 65%|####################           | 284/439 [00:16<00:08, 17.70it/s]
 65%|####################1          | 286/439 [00:16<00:08, 17.69it/s]
 66%|####################3          | 288/439 [00:16<00:08, 17.68it/s]
 66%|####################4          | 290/439 [00:16<00:08, 17.73it/s]
 67%|####################6          | 292/439 [00:16<00:08, 17.70it/s]
 67%|####################7          | 294/439 [00:16<00:08, 17.70it/s]
 67%|####################9          | 296/439 [00:16<00:08, 17.64it/s]
 68%|#####################          | 298/439 [00:16<00:07, 17.66it/s]
 68%|#####################1         | 300/439 [00:17<00:07, 17.68it/s]
 69%|#####################3         | 302/439 [00:17<00:07, 17.65it/s]
 69%|#####################4         | 304/439 [00:17<00:07, 17.67it/s]
 70%|#####################6         | 306/439 [00:17<00:07, 17.66it/s]
 70%|#####################7         | 308/439 [00:17<00:07, 17.71it/s]
 71%|#####################8         | 310/439 [00:17<00:07, 17.66it/s]
 71%|######################         | 312/439 [00:17<00:07, 17.43it/s]
 72%|######################1        | 314/439 [00:17<00:07, 17.54it/s]
 72%|######################3        | 316/439 [00:17<00:07, 17.51it/s]
 72%|######################4        | 318/439 [00:18<00:06, 17.49it/s]
 73%|######################5        | 320/439 [00:18<00:06, 17.49it/s]
 73%|######################7        | 322/439 [00:18<00:06, 17.50it/s]
 74%|######################8        | 324/439 [00:19<00:19,  5.93it/s]
 74%|#######################        | 326/439 [00:19<00:15,  7.39it/s]
 75%|#######################1       | 328/439 [00:19<00:12,  8.96it/s]
 75%|#######################3       | 330/439 [00:19<00:10, 10.53it/s]
 76%|#######################4       | 332/439 [00:19<00:08, 11.99it/s]
 76%|#######################5       | 334/439 [00:19<00:07, 13.28it/s]
 77%|#######################7       | 336/439 [00:19<00:07, 14.36it/s]
 77%|#######################8       | 338/439 [00:19<00:06, 15.32it/s]
 77%|########################       | 340/439 [00:20<00:06, 15.23it/s]
 78%|########################1      | 342/439 [00:20<00:06, 15.69it/s]
 78%|########################2      | 344/439 [00:20<00:05, 15.91it/s]
 79%|########################4      | 346/439 [00:20<00:05, 16.17it/s]
 79%|########################5      | 348/439 [00:20<00:05, 16.34it/s]
 80%|########################7      | 350/439 [00:20<00:05, 16.42it/s]
 80%|########################8      | 352/439 [00:20<00:05, 16.54it/s]
 81%|########################9      | 354/439 [00:20<00:05, 16.64it/s]
 81%|#########################1     | 356/439 [00:21<00:04, 16.86it/s]
 82%|#########################2     | 358/439 [00:21<00:04, 17.00it/s]
 82%|#########################4     | 360/439 [00:21<00:04, 17.23it/s]
 82%|#########################5     | 362/439 [00:21<00:04, 17.42it/s]
 83%|#########################7     | 364/439 [00:21<00:04, 17.48it/s]
 83%|#########################8     | 366/439 [00:21<00:04, 17.51it/s]
 84%|#########################9     | 368/439 [00:21<00:04, 17.60it/s]
 84%|##########################1    | 370/439 [00:21<00:03, 17.59it/s]
 85%|##########################2    | 372/439 [00:21<00:03, 17.66it/s]
 85%|##########################4    | 374/439 [00:22<00:03, 17.57it/s]
 86%|##########################5    | 376/439 [00:22<00:03, 17.57it/s]
 86%|##########################6    | 378/439 [00:22<00:03, 17.57it/s]
 87%|##########################8    | 380/439 [00:22<00:03, 17.60it/s]
 87%|##########################9    | 382/439 [00:22<00:03, 17.61it/s]
 87%|###########################1   | 384/439 [00:22<00:03, 17.61it/s]
 88%|###########################2   | 386/439 [00:22<00:02, 17.71it/s]
 88%|###########################3   | 388/439 [00:22<00:02, 17.72it/s]
 89%|###########################5   | 390/439 [00:22<00:02, 17.62it/s]
 89%|###########################6   | 392/439 [00:23<00:02, 17.64it/s]
 90%|###########################8   | 394/439 [00:23<00:02, 17.63it/s]
 90%|###########################9   | 396/439 [00:23<00:02, 17.55it/s]
 91%|############################1  | 398/439 [00:23<00:02, 17.48it/s]
 91%|############################2  | 400/439 [00:23<00:02, 17.56it/s]
 92%|############################3  | 402/439 [00:23<00:02, 17.60it/s]
 92%|############################5  | 404/439 [00:23<00:01, 17.55it/s]
 92%|############################6  | 406/439 [00:23<00:01, 17.56it/s]
 93%|############################8  | 408/439 [00:24<00:01, 17.43it/s]
 93%|############################9  | 410/439 [00:24<00:01, 17.52it/s]
 94%|#############################  | 412/439 [00:24<00:01, 17.48it/s]
 94%|#############################2 | 414/439 [00:24<00:01, 17.38it/s]
 95%|#############################3 | 416/439 [00:24<00:01, 17.44it/s]
 95%|#############################5 | 418/439 [00:24<00:01, 17.46it/s]
 96%|#############################6 | 420/439 [00:24<00:01, 17.47it/s]
 96%|#############################7 | 422/439 [00:24<00:00, 17.52it/s]
 97%|#############################9 | 424/439 [00:24<00:00, 17.45it/s]
 97%|############################## | 426/439 [00:25<00:00, 17.39it/s]
 97%|##############################2| 428/439 [00:25<00:00, 17.61it/s]
 98%|##############################3| 430/439 [00:25<00:00, 17.51it/s]
 98%|##############################5| 432/439 [00:25<00:00, 17.37it/s]
 99%|##############################6| 434/439 [00:25<00:00, 17.45it/s]
 99%|##############################7| 436/439 [00:25<00:00, 16.89it/s]
100%|##############################9| 438/439 [00:25<00:00, 16.98it/s]
100%|###############################| 439/439 [00:25<00:00, 17.01it/s]
[SEAL Epoch 9] loss=0.5611

[SEAL Epoch 10/20] Run 1/1 - training...

  0%|                                         | 0/439 [00:00<?, ?it/s]
  0%|1                                | 2/439 [00:00<00:34, 12.72it/s]
  1%|3                                | 4/439 [00:00<00:29, 14.96it/s]
  1%|4                                | 6/439 [00:00<00:26, 16.08it/s]
  2%|6                                | 8/439 [00:00<00:25, 16.69it/s]
  2%|7                               | 10/439 [00:00<00:25, 16.99it/s]
  3%|8                               | 12/439 [00:00<00:24, 17.25it/s]
  3%|#                               | 14/439 [00:00<00:24, 17.40it/s]
  4%|#1                              | 16/439 [00:00<00:24, 17.51it/s]
  4%|#3                              | 18/439 [00:01<00:24, 17.52it/s]
  5%|#4                              | 20/439 [00:01<00:23, 17.57it/s]
  5%|#6                              | 22/439 [00:01<00:23, 17.51it/s]
  5%|#7                              | 24/439 [00:01<00:23, 17.52it/s]
  6%|#8                              | 26/439 [00:01<00:23, 17.55it/s]
  6%|##                              | 28/439 [00:01<00:23, 17.58it/s]
  7%|##1                             | 30/439 [00:01<00:23, 17.63it/s]
  7%|##3                             | 32/439 [00:01<00:23, 17.66it/s]
  8%|##4                             | 34/439 [00:01<00:22, 17.62it/s]
  8%|##6                             | 36/439 [00:02<00:22, 17.65it/s]
  9%|##7                             | 38/439 [00:02<00:22, 17.73it/s]
  9%|##9                             | 40/439 [00:02<00:22, 17.65it/s]
 10%|###                             | 42/439 [00:02<00:22, 17.69it/s]
 10%|###2                            | 44/439 [00:02<00:22, 17.72it/s]
 10%|###3                            | 46/439 [00:02<00:22, 17.71it/s]
 11%|###4                            | 48/439 [00:02<00:22, 17.65it/s]
 11%|###6                            | 50/439 [00:02<00:22, 17.68it/s]
 12%|###7                            | 52/439 [00:02<00:21, 17.73it/s]
 12%|###9                            | 54/439 [00:03<00:21, 17.66it/s]
 13%|####                            | 56/439 [00:03<00:21, 17.65it/s]
 13%|####2                           | 58/439 [00:03<00:21, 17.65it/s]
 14%|####3                           | 60/439 [00:03<00:21, 17.69it/s]
 14%|####5                           | 62/439 [00:03<00:21, 17.76it/s]
 15%|####6                           | 64/439 [00:03<00:21, 17.73it/s]
 15%|####8                           | 66/439 [00:03<00:21, 17.71it/s]
 15%|####9                           | 68/439 [00:03<00:20, 17.75it/s]
 16%|#####1                          | 70/439 [00:04<00:20, 17.69it/s]
 16%|#####2                          | 72/439 [00:04<00:20, 17.50it/s]
 17%|#####3                          | 74/439 [00:04<00:20, 17.47it/s]
 17%|#####5                          | 76/439 [00:04<00:20, 17.50it/s]
 18%|#####6                          | 78/439 [00:04<00:20, 17.53it/s]
 18%|#####8                          | 80/439 [00:04<00:21, 17.07it/s]
 19%|#####9                          | 82/439 [00:04<00:20, 17.24it/s]
 19%|######1                         | 84/439 [00:04<00:20, 17.31it/s]
 20%|######2                         | 86/439 [00:04<00:20, 17.40it/s]
 20%|######4                         | 88/439 [00:05<00:20, 17.47it/s]
 21%|######5                         | 90/439 [00:05<00:19, 17.53it/s]
 21%|######7                         | 92/439 [00:05<00:19, 17.58it/s]
 21%|######8                         | 94/439 [00:05<00:19, 17.58it/s]
 22%|######9                         | 96/439 [00:05<00:19, 17.59it/s]
 22%|#######1                        | 98/439 [00:05<00:19, 17.54it/s]
 23%|#######                        | 100/439 [00:05<00:19, 17.56it/s]
 23%|#######2                       | 102/439 [00:05<00:19, 17.60it/s]
 24%|#######3                       | 104/439 [00:05<00:18, 17.63it/s]
 24%|#######4                       | 106/439 [00:06<00:18, 17.66it/s]
 25%|#######6                       | 108/439 [00:06<00:18, 17.72it/s]
 25%|#######7                       | 110/439 [00:06<00:18, 17.62it/s]
 26%|#######9                       | 112/439 [00:06<00:18, 17.59it/s]
 26%|########                       | 114/439 [00:06<00:18, 17.58it/s]
 26%|########1                      | 116/439 [00:06<00:18, 17.56it/s]
 27%|########3                      | 118/439 [00:06<00:18, 17.63it/s]
 27%|########4                      | 120/439 [00:06<00:18, 17.62it/s]
 28%|########6                      | 122/439 [00:06<00:18, 17.60it/s]
 28%|########7                      | 124/439 [00:07<00:17, 17.53it/s]
 29%|########8                      | 126/439 [00:07<00:17, 17.56it/s]
 29%|#########                      | 128/439 [00:07<00:17, 17.70it/s]
 30%|#########1                     | 130/439 [00:07<00:17, 17.72it/s]
 30%|#########3                     | 132/439 [00:07<00:17, 17.67it/s]
 31%|#########4                     | 134/439 [00:07<00:17, 17.60it/s]
 31%|#########6                     | 136/439 [00:07<00:17, 17.73it/s]
 31%|#########7                     | 138/439 [00:07<00:17, 16.97it/s]
 32%|#########8                     | 140/439 [00:08<00:17, 17.10it/s]
 32%|##########                     | 142/439 [00:08<00:17, 17.23it/s]
 33%|##########1                    | 144/439 [00:08<00:16, 17.42it/s]
 33%|##########3                    | 146/439 [00:08<00:16, 17.52it/s]
 34%|##########4                    | 148/439 [00:08<00:16, 17.53it/s]
 34%|##########5                    | 150/439 [00:08<00:16, 17.56it/s]
 35%|##########7                    | 152/439 [00:08<00:16, 17.66it/s]
 35%|##########8                    | 154/439 [00:08<00:16, 17.73it/s]
 36%|###########                    | 156/439 [00:08<00:16, 17.66it/s]
 36%|###########1                   | 158/439 [00:09<00:15, 17.62it/s]
 36%|###########2                   | 160/439 [00:09<00:15, 17.60it/s]
 37%|###########4                   | 162/439 [00:09<00:15, 17.66it/s]
 37%|###########5                   | 164/439 [00:09<00:15, 17.67it/s]
 38%|###########7                   | 166/439 [00:09<00:15, 17.63it/s]
 38%|###########8                   | 168/439 [00:09<00:15, 17.61it/s]
 39%|############                   | 170/439 [00:09<00:15, 17.62it/s]
 39%|############1                  | 172/439 [00:09<00:15, 17.78it/s]
 40%|############2                  | 174/439 [00:09<00:14, 17.85it/s]
 40%|############4                  | 176/439 [00:10<00:14, 17.77it/s]
 41%|############5                  | 178/439 [00:10<00:14, 17.68it/s]
 41%|############7                  | 180/439 [00:10<00:14, 17.67it/s]
 41%|############8                  | 182/439 [00:10<00:14, 17.64it/s]
 42%|############9                  | 184/439 [00:10<00:14, 17.82it/s]
 42%|#############1                 | 186/439 [00:10<00:14, 17.90it/s]
 43%|#############2                 | 188/439 [00:10<00:14, 17.76it/s]
 43%|#############4                 | 190/439 [00:10<00:14, 17.71it/s]
 44%|#############5                 | 192/439 [00:10<00:13, 17.78it/s]
 44%|#############6                 | 194/439 [00:11<00:13, 17.71it/s]
 45%|#############8                 | 196/439 [00:11<00:13, 17.79it/s]
 45%|#############9                 | 198/439 [00:11<00:13, 17.73it/s]
 46%|##############1                | 200/439 [00:11<00:13, 17.70it/s]
 46%|##############2                | 202/439 [00:11<00:13, 17.08it/s]
 46%|##############4                | 204/439 [00:11<00:14, 16.63it/s]
 47%|##############5                | 206/439 [00:11<00:13, 16.79it/s]
 47%|##############6                | 208/439 [00:11<00:14, 15.76it/s]
 48%|##############8                | 210/439 [00:12<00:14, 16.23it/s]
 48%|##############9                | 212/439 [00:12<00:13, 16.67it/s]
 49%|###############1               | 214/439 [00:12<00:13, 16.88it/s]
 49%|###############2               | 216/439 [00:12<00:13, 17.03it/s]
 50%|###############3               | 218/439 [00:12<00:12, 17.18it/s]
 50%|###############5               | 220/439 [00:12<00:12, 17.30it/s]
 51%|###############6               | 222/439 [00:12<00:12, 16.82it/s]
 51%|###############8               | 224/439 [00:12<00:12, 17.00it/s]
 51%|###############9               | 226/439 [00:12<00:12, 17.13it/s]
 52%|################1              | 228/439 [00:13<00:12, 17.25it/s]
 52%|################2              | 230/439 [00:13<00:12, 17.32it/s]
 53%|################3              | 232/439 [00:13<00:11, 17.40it/s]
 53%|################5              | 234/439 [00:13<00:11, 17.40it/s]
 54%|################6              | 236/439 [00:13<00:11, 17.45it/s]
 54%|################8              | 238/439 [00:13<00:11, 17.55it/s]
 55%|################9              | 240/439 [00:13<00:11, 17.58it/s]
 55%|#################              | 242/439 [00:13<00:11, 17.63it/s]
 56%|#################2             | 244/439 [00:13<00:11, 17.60it/s]
 56%|#################3             | 246/439 [00:14<00:11, 17.52it/s]
 56%|#################5             | 248/439 [00:14<00:10, 17.52it/s]
 57%|#################6             | 250/439 [00:14<00:10, 17.59it/s]
 57%|#################7             | 252/439 [00:14<00:10, 17.30it/s]
 58%|#################9             | 254/439 [00:14<00:10, 17.43it/s]
 58%|##################             | 256/439 [00:14<00:10, 17.55it/s]
 59%|##################2            | 258/439 [00:14<00:10, 17.56it/s]
 59%|##################3            | 260/439 [00:14<00:10, 17.61it/s]
 60%|##################5            | 262/439 [00:15<00:10, 17.58it/s]
 60%|##################6            | 264/439 [00:15<00:09, 17.56it/s]
 61%|##################7            | 266/439 [00:15<00:09, 17.62it/s]
 61%|##################9            | 268/439 [00:15<00:09, 17.56it/s]
 62%|###################            | 270/439 [00:15<00:09, 17.73it/s]
 62%|###################2           | 272/439 [00:15<00:09, 17.77it/s]
 62%|###################3           | 274/439 [00:15<00:09, 17.74it/s]
 63%|###################4           | 276/439 [00:15<00:09, 17.75it/s]
 63%|###################6           | 278/439 [00:15<00:09, 17.74it/s]
 64%|###################7           | 280/439 [00:16<00:08, 17.79it/s]
 64%|###################9           | 282/439 [00:16<00:08, 17.76it/s]
 65%|####################           | 284/439 [00:16<00:08, 17.82it/s]
 65%|####################1          | 286/439 [00:16<00:08, 17.75it/s]
 66%|####################3          | 288/439 [00:16<00:08, 17.67it/s]
 66%|####################4          | 290/439 [00:16<00:08, 17.73it/s]
 67%|####################6          | 292/439 [00:16<00:08, 17.69it/s]
 67%|####################7          | 294/439 [00:16<00:08, 17.42it/s]
 67%|####################9          | 296/439 [00:16<00:08, 17.50it/s]
 68%|#####################          | 298/439 [00:17<00:08, 17.56it/s]
 68%|#####################1         | 300/439 [00:17<00:07, 17.38it/s]
 69%|#####################3         | 302/439 [00:17<00:07, 17.43it/s]
 69%|#####################4         | 304/439 [00:17<00:07, 17.49it/s]
 70%|#####################6         | 306/439 [00:17<00:07, 17.53it/s]
 70%|#####################7         | 308/439 [00:17<00:07, 17.54it/s]
 71%|#####################8         | 310/439 [00:17<00:07, 17.52it/s]
 71%|######################         | 312/439 [00:17<00:07, 17.52it/s]
 72%|######################1        | 314/439 [00:17<00:07, 17.56it/s]
 72%|######################3        | 316/439 [00:18<00:06, 17.64it/s]
 72%|######################4        | 318/439 [00:18<00:06, 17.68it/s]
 73%|######################5        | 320/439 [00:18<00:06, 17.81it/s]
 73%|######################7        | 322/439 [00:18<00:06, 17.88it/s]
 74%|######################8        | 324/439 [00:18<00:06, 17.86it/s]
 74%|#######################        | 326/439 [00:18<00:06, 17.80it/s]
 75%|#######################1       | 328/439 [00:18<00:06, 17.78it/s]
 75%|#######################3       | 330/439 [00:18<00:06, 17.81it/s]
 76%|#######################4       | 332/439 [00:18<00:06, 17.82it/s]
 76%|#######################5       | 334/439 [00:19<00:05, 17.89it/s]
 77%|#######################7       | 336/439 [00:19<00:05, 17.60it/s]
 77%|#######################8       | 338/439 [00:19<00:05, 17.64it/s]
 77%|########################       | 340/439 [00:19<00:05, 17.67it/s]
 78%|########################1      | 342/439 [00:19<00:05, 17.65it/s]
 78%|########################2      | 344/439 [00:19<00:05, 17.62it/s]
 79%|########################4      | 346/439 [00:19<00:05, 17.58it/s]
 79%|########################5      | 348/439 [00:19<00:05, 17.59it/s]
 80%|########################7      | 350/439 [00:19<00:05, 17.53it/s]
 80%|########################8      | 352/439 [00:20<00:04, 17.58it/s]
 81%|########################9      | 354/439 [00:20<00:04, 17.65it/s]
 81%|#########################1     | 356/439 [00:20<00:04, 17.76it/s]
 82%|#########################2     | 358/439 [00:20<00:04, 17.73it/s]
 82%|#########################4     | 360/439 [00:20<00:04, 17.73it/s]
 82%|#########################5     | 362/439 [00:20<00:04, 17.81it/s]
 83%|#########################7     | 364/439 [00:20<00:04, 17.77it/s]
 83%|#########################8     | 366/439 [00:20<00:04, 17.72it/s]
 84%|#########################9     | 368/439 [00:21<00:04, 17.67it/s]
 84%|##########################1    | 370/439 [00:21<00:03, 17.73it/s]
 85%|##########################2    | 372/439 [00:21<00:03, 17.77it/s]
 85%|##########################4    | 374/439 [00:21<00:03, 17.89it/s]
 86%|##########################5    | 376/439 [00:21<00:03, 17.79it/s]
 86%|##########################6    | 378/439 [00:21<00:03, 17.68it/s]
 87%|##########################8    | 380/439 [00:21<00:03, 16.99it/s]
 87%|##########################9    | 382/439 [00:21<00:03, 17.13it/s]
 87%|###########################1   | 384/439 [00:21<00:03, 17.19it/s]
 88%|###########################2   | 386/439 [00:22<00:03, 17.25it/s]
 88%|###########################3   | 388/439 [00:22<00:02, 17.51it/s]
 89%|###########################5   | 390/439 [00:22<00:02, 17.58it/s]
 89%|###########################6   | 392/439 [00:22<00:02, 17.75it/s]
 90%|###########################8   | 394/439 [00:22<00:02, 17.74it/s]
 90%|###########################9   | 396/439 [00:22<00:02, 17.75it/s]
 91%|############################1  | 398/439 [00:22<00:02, 17.76it/s]
 91%|############################2  | 400/439 [00:22<00:02, 17.75it/s]
 92%|############################3  | 402/439 [00:22<00:02, 17.75it/s]
 92%|############################5  | 404/439 [00:23<00:01, 17.79it/s]
 92%|############################6  | 406/439 [00:23<00:01, 17.73it/s]
 93%|############################8  | 408/439 [00:23<00:01, 17.75it/s]
 93%|############################9  | 410/439 [00:23<00:01, 17.79it/s]
 94%|#############################  | 412/439 [00:23<00:01, 17.85it/s]
 94%|#############################2 | 414/439 [00:23<00:01, 17.67it/s]
 95%|#############################3 | 416/439 [00:23<00:01, 17.61it/s]
 95%|#############################5 | 418/439 [00:23<00:01, 17.64it/s]
 96%|#############################6 | 420/439 [00:23<00:01, 17.57it/s]
 96%|#############################7 | 422/439 [00:24<00:00, 17.58it/s]
 97%|#############################9 | 424/439 [00:24<00:00, 17.64it/s]
 97%|############################## | 426/439 [00:24<00:00, 17.59it/s]
 97%|##############################2| 428/439 [00:24<00:00, 17.71it/s]
 98%|##############################3| 430/439 [00:24<00:00, 17.71it/s]
 98%|##############################5| 432/439 [00:24<00:00, 17.70it/s]
 99%|##############################6| 434/439 [00:24<00:00, 17.66it/s]
 99%|##############################7| 436/439 [00:24<00:00, 17.69it/s]
100%|##############################9| 438/439 [00:24<00:00, 17.63it/s]
100%|###############################| 439/439 [00:25<00:00, 17.54it/s]
[SEAL Epoch 10] loss=0.5609
[SEAL Epoch 10] Evaluating...

  0%|                                          | 0/55 [00:00<?, ?it/s]
  4%|#2                                | 2/55 [00:00<00:04, 11.66it/s]
  7%|##4                               | 4/55 [00:00<00:04, 11.74it/s]
 11%|###7                              | 6/55 [00:00<00:04, 11.59it/s]
 15%|####9                             | 8/55 [00:00<00:04, 11.55it/s]
 18%|######                           | 10/55 [00:00<00:03, 11.59it/s]
 22%|#######2                         | 12/55 [00:01<00:03, 11.56it/s]
 25%|########3                        | 14/55 [00:01<00:03, 11.59it/s]
 29%|#########6                       | 16/55 [00:01<00:03, 11.61it/s]
 33%|##########8                      | 18/55 [00:01<00:03, 11.61it/s]
 36%|############                     | 20/55 [00:01<00:03, 11.60it/s]
 40%|#############2                   | 22/55 [00:01<00:02, 11.59it/s]
 44%|##############4                  | 24/55 [00:02<00:02, 11.56it/s]
 47%|###############6                 | 26/55 [00:02<00:02, 11.56it/s]
 51%|################7                | 28/55 [00:02<00:02, 11.56it/s]
 55%|##################               | 30/55 [00:02<00:02, 11.49it/s]
 58%|###################2             | 32/55 [00:02<00:02, 11.40it/s]
 62%|####################4            | 34/55 [00:02<00:01, 11.42it/s]
 65%|#####################6           | 36/55 [00:03<00:01, 11.41it/s]
 69%|######################8          | 38/55 [00:03<00:01, 11.35it/s]
 73%|########################         | 40/55 [00:03<00:01, 11.36it/s]
 76%|#########################2       | 42/55 [00:03<00:01, 11.35it/s]
 80%|##########################4      | 44/55 [00:03<00:00, 11.32it/s]
 84%|###########################6     | 46/55 [00:04<00:00, 11.35it/s]
 87%|############################8    | 48/55 [00:04<00:00, 11.35it/s]
 91%|##############################   | 50/55 [00:04<00:00, 11.35it/s]
 95%|###############################2 | 52/55 [00:04<00:00, 11.37it/s]
 98%|################################4| 54/55 [00:04<00:00, 11.38it/s]
100%|#################################| 55/55 [00:04<00:00, 11.47it/s]

  0%|                                          | 0/55 [00:00<?, ?it/s]
  4%|#2                                | 2/55 [00:00<00:04, 11.57it/s]
  7%|##4                               | 4/55 [00:00<00:04, 11.62it/s]
 11%|###7                              | 6/55 [00:01<00:13,  3.59it/s]
 15%|####9                             | 8/55 [00:01<00:09,  4.95it/s]
 18%|######                           | 10/55 [00:01<00:07,  6.23it/s]
 22%|#######2                         | 12/55 [00:01<00:05,  7.38it/s]
 25%|########3                        | 14/55 [00:02<00:04,  8.40it/s]
 29%|#########6                       | 16/55 [00:02<00:04,  9.22it/s]
 33%|##########8                      | 18/55 [00:02<00:03,  9.80it/s]
 36%|############                     | 20/55 [00:02<00:03, 10.26it/s]
 40%|#############2                   | 22/55 [00:02<00:03, 10.62it/s]
 44%|##############4                  | 24/55 [00:02<00:02, 10.88it/s]
 47%|###############6                 | 26/55 [00:03<00:02, 11.12it/s]
 51%|################7                | 28/55 [00:03<00:02, 11.16it/s]
 55%|##################               | 30/55 [00:03<00:02, 11.20it/s]
 58%|###################2             | 32/55 [00:03<00:02, 11.25it/s]
 62%|####################4            | 34/55 [00:03<00:01, 11.29it/s]
 65%|#####################6           | 36/55 [00:03<00:01, 11.35it/s]
 69%|######################8          | 38/55 [00:04<00:01, 11.39it/s]
 73%|########################         | 40/55 [00:04<00:01, 11.42it/s]
 76%|#########################2       | 42/55 [00:04<00:01, 11.43it/s]
 80%|##########################4      | 44/55 [00:04<00:00, 11.37it/s]
 84%|###########################6     | 46/55 [00:04<00:00, 11.34it/s]
 87%|############################8    | 48/55 [00:05<00:00, 11.19it/s]
 91%|##############################   | 50/55 [00:05<00:00, 11.21it/s]
 95%|###############################2 | 52/55 [00:05<00:00, 11.11it/s]
 98%|################################4| 54/55 [00:05<00:00, 11.14it/s]
100%|#################################| 55/55 [00:05<00:00,  9.75it/s]
AUC
Run: 01, Epoch: 10, Loss: 0.5609, Train: 77.47%, Valid: 77.88%, Test: 77.69%

[SEAL Epoch 11/20] Run 1/1 - training...

  0%|                                         | 0/439 [00:00<?, ?it/s]C:\Users\UNITY\Desktop\ANH\Image-Processing-2026\source\baseline_models\link_prediction\SEAL_OGB\seal_link_pred.py:235: FutureWarning: `torch.cuda.amp.autocast(args...)` is deprecated. Please use `torch.amp.autocast('cuda', args...)` instead.
  with torch.cuda.amp.autocast(enabled=_use_amp):
C:\Users\UNITY\Desktop\ANH\Image-Processing-2026\source\baseline_models\link_prediction\SEAL_OGB\models.py:208: UserWarning: 'nn.glob.global_sort_pool' is deprecated, use 'nn.aggr.SortAggr' instead
  x = global_sort_pool(x, batch, self.k)

  0%|                                 | 1/439 [00:00<00:45,  9.56it/s]
  1%|2                                | 3/439 [00:00<00:30, 14.29it/s]
  1%|3                                | 5/439 [00:00<00:28, 15.42it/s]
  2%|5                                | 7/439 [00:00<00:26, 16.32it/s]
  2%|6                                | 9/439 [00:00<00:25, 16.61it/s]
  3%|8                               | 11/439 [00:00<00:25, 16.82it/s]
  3%|9                               | 13/439 [00:00<00:25, 16.92it/s]
  3%|#                               | 15/439 [00:00<00:24, 17.02it/s]
  4%|#2                              | 17/439 [00:01<00:25, 16.80it/s]
  4%|#3                              | 19/439 [00:01<00:25, 16.65it/s]
  5%|#5                              | 21/439 [00:01<00:25, 16.55it/s]
  5%|#6                              | 23/439 [00:01<00:25, 16.48it/s]
  6%|#8                              | 25/439 [00:01<00:26, 15.88it/s]
  6%|#9                              | 27/439 [00:01<00:25, 16.23it/s]
  7%|##1                             | 29/439 [00:01<00:24, 16.49it/s]
  7%|##2                             | 31/439 [00:01<00:24, 16.64it/s]
  8%|##4                             | 33/439 [00:02<00:25, 16.22it/s]
  8%|##5                             | 35/439 [00:02<00:24, 16.50it/s]
  8%|##6                             | 37/439 [00:02<00:24, 16.73it/s]
  9%|##8                             | 39/439 [00:02<00:23, 16.86it/s]
  9%|##9                             | 41/439 [00:02<00:23, 16.95it/s]
 10%|###1                            | 43/439 [00:02<00:23, 17.05it/s]
 10%|###2                            | 45/439 [00:02<00:22, 17.14it/s]
 11%|###4                            | 47/439 [00:02<00:22, 17.21it/s]
 11%|###5                            | 49/439 [00:02<00:22, 17.26it/s]
 12%|###7                            | 51/439 [00:03<00:22, 17.24it/s]
 12%|###8                            | 53/439 [00:03<00:22, 17.16it/s]
 13%|####                            | 55/439 [00:03<00:22, 17.20it/s]
 13%|####1                           | 57/439 [00:03<00:22, 17.32it/s]
 13%|####3                           | 59/439 [00:03<00:21, 17.35it/s]
 14%|####4                           | 61/439 [00:03<00:21, 17.28it/s]
 14%|####5                           | 63/439 [00:03<00:21, 17.29it/s]
 15%|####7                           | 65/439 [00:03<00:21, 17.24it/s]
 15%|####8                           | 67/439 [00:03<00:21, 17.30it/s]
 16%|#####                           | 69/439 [00:04<00:21, 17.34it/s]
 16%|#####1                          | 71/439 [00:04<00:21, 17.37it/s]
 17%|#####3                          | 73/439 [00:04<00:21, 17.40it/s]
 17%|#####4                          | 75/439 [00:04<00:21, 17.31it/s]
 18%|#####6                          | 77/439 [00:04<00:20, 17.33it/s]
 18%|#####7                          | 79/439 [00:04<00:20, 17.36it/s]
 18%|#####9                          | 81/439 [00:04<00:20, 17.41it/s]
 19%|######                          | 83/439 [00:04<00:20, 17.34it/s]
 19%|######1                         | 85/439 [00:05<00:20, 17.37it/s]
 20%|######3                         | 87/439 [00:05<00:20, 17.37it/s]
 20%|######4                         | 89/439 [00:05<00:20, 17.38it/s]
 21%|######6                         | 91/439 [00:05<00:20, 17.35it/s]
 21%|######7                         | 93/439 [00:05<00:19, 17.31it/s]
 22%|######9                         | 95/439 [00:05<00:19, 17.37it/s]
 22%|#######                         | 97/439 [00:05<00:19, 17.45it/s]
 23%|#######2                        | 99/439 [00:05<00:19, 17.48it/s]
 23%|#######1                       | 101/439 [00:05<00:19, 17.40it/s]
 23%|#######2                       | 103/439 [00:06<00:19, 17.39it/s]
 24%|#######4                       | 105/439 [00:06<00:19, 17.38it/s]
 24%|#######5                       | 107/439 [00:06<00:19, 17.35it/s]
 25%|#######6                       | 109/439 [00:06<00:19, 17.31it/s]
 25%|#######8                       | 111/439 [00:06<00:18, 17.34it/s]
 26%|#######9                       | 113/439 [00:06<00:18, 17.29it/s]
 26%|########1                      | 115/439 [00:06<00:18, 17.18it/s]
 27%|########2                      | 117/439 [00:06<00:18, 17.22it/s]
 27%|########4                      | 119/439 [00:06<00:18, 17.27it/s]
 28%|########5                      | 121/439 [00:07<00:18, 17.27it/s]
 28%|########6                      | 123/439 [00:07<00:18, 17.30it/s]
 28%|########8                      | 125/439 [00:07<00:18, 17.30it/s]
 29%|########9                      | 127/439 [00:07<00:18, 17.33it/s]
 29%|#########1                     | 129/439 [00:07<00:17, 17.30it/s]
 30%|#########2                     | 131/439 [00:07<00:17, 17.13it/s]
 30%|#########3                     | 133/439 [00:07<00:17, 17.18it/s]
 31%|#########5                     | 135/439 [00:07<00:17, 17.19it/s]
 31%|#########6                     | 137/439 [00:08<00:17, 17.24it/s]
 32%|#########8                     | 139/439 [00:08<00:17, 17.24it/s]
 32%|#########9                     | 141/439 [00:08<00:17, 17.29it/s]
 33%|##########                     | 143/439 [00:08<00:17, 17.33it/s]
 33%|##########2                    | 145/439 [00:08<00:16, 17.30it/s]
 33%|##########3                    | 147/439 [00:08<00:16, 17.32it/s]
 34%|##########5                    | 149/439 [00:08<00:16, 17.33it/s]
 34%|##########6                    | 151/439 [00:08<00:16, 17.31it/s]
 35%|##########8                    | 153/439 [00:08<00:16, 17.37it/s]
 35%|##########9                    | 155/439 [00:09<00:16, 17.37it/s]
 36%|###########                    | 157/439 [00:09<00:16, 17.34it/s]
 36%|###########2                   | 159/439 [00:09<00:16, 17.41it/s]
 37%|###########3                   | 161/439 [00:09<00:15, 17.49it/s]
 37%|###########5                   | 163/439 [00:09<00:15, 17.46it/s]
 38%|###########6                   | 165/439 [00:09<00:15, 17.41it/s]
 38%|###########7                   | 167/439 [00:09<00:15, 17.35it/s]
 38%|###########9                   | 169/439 [00:09<00:15, 17.26it/s]
 39%|############                   | 171/439 [00:09<00:15, 17.33it/s]
 39%|############2                  | 173/439 [00:10<00:15, 17.34it/s]
 40%|############3                  | 175/439 [00:10<00:15, 17.44it/s]
 40%|############4                  | 177/439 [00:10<00:15, 17.42it/s]
 41%|############6                  | 179/439 [00:10<00:14, 17.38it/s]
 41%|############7                  | 181/439 [00:10<00:14, 17.32it/s]
 42%|############9                  | 183/439 [00:10<00:14, 17.31it/s]
 42%|#############                  | 185/439 [00:10<00:14, 17.16it/s]
 43%|#############2                 | 187/439 [00:10<00:14, 17.08it/s]
 43%|#############3                 | 189/439 [00:11<00:14, 17.17it/s]
 44%|#############4                 | 191/439 [00:11<00:14, 17.17it/s]
 44%|#############6                 | 193/439 [00:11<00:14, 17.15it/s]
 44%|#############7                 | 195/439 [00:11<00:14, 17.15it/s]
 45%|#############9                 | 197/439 [00:11<00:14, 17.26it/s]
 45%|##############                 | 199/439 [00:11<00:14, 17.14it/s]
 46%|##############1                | 201/439 [00:11<00:13, 17.06it/s]
 46%|##############3                | 203/439 [00:11<00:13, 17.12it/s]
 47%|##############4                | 205/439 [00:11<00:13, 16.98it/s]
 47%|##############6                | 207/439 [00:12<00:13, 17.04it/s]
 48%|##############7                | 209/439 [00:12<00:13, 17.14it/s]
 48%|##############8                | 211/439 [00:12<00:13, 17.10it/s]
 49%|###############                | 213/439 [00:12<00:13, 17.22it/s]
 49%|###############1               | 215/439 [00:12<00:13, 17.19it/s]
 49%|###############3               | 217/439 [00:12<00:12, 17.29it/s]
 50%|###############4               | 219/439 [00:12<00:12, 17.32it/s]
 50%|###############6               | 221/439 [00:12<00:12, 17.29it/s]
 51%|###############7               | 223/439 [00:13<00:12, 17.24it/s]
 51%|###############8               | 225/439 [00:13<00:12, 17.35it/s]
 52%|################               | 227/439 [00:13<00:12, 17.20it/s]
 52%|################1              | 229/439 [00:13<00:12, 17.08it/s]
 53%|################3              | 231/439 [00:13<00:12, 17.08it/s]
 53%|################4              | 233/439 [00:13<00:12, 17.11it/s]
 54%|################5              | 235/439 [00:13<00:11, 17.20it/s]
 54%|################7              | 237/439 [00:13<00:13, 15.49it/s]
 54%|################8              | 239/439 [00:13<00:12, 15.85it/s]
 55%|#################              | 241/439 [00:14<00:12, 16.30it/s]
 55%|#################1             | 243/439 [00:14<00:12, 16.08it/s]
 56%|#################3             | 245/439 [00:14<00:11, 16.40it/s]
 56%|#################4             | 247/439 [00:14<00:11, 16.63it/s]
 57%|#################5             | 249/439 [00:14<00:11, 16.88it/s]
 57%|#################7             | 251/439 [00:14<00:11, 17.03it/s]
 58%|#################8             | 253/439 [00:14<00:10, 17.13it/s]
 58%|##################             | 255/439 [00:14<00:10, 17.25it/s]
 59%|##################1            | 257/439 [00:15<00:10, 17.31it/s]
 59%|##################2            | 259/439 [00:15<00:10, 17.47it/s]
 59%|##################4            | 261/439 [00:15<00:10, 17.46it/s]
 60%|##################5            | 263/439 [00:15<00:10, 17.48it/s]
 60%|##################7            | 265/439 [00:15<00:09, 17.46it/s]
 61%|##################8            | 267/439 [00:15<00:09, 17.49it/s]
 61%|##################9            | 269/439 [00:15<00:09, 17.46it/s]
 62%|###################1           | 271/439 [00:15<00:09, 17.23it/s]
 62%|###################2           | 273/439 [00:15<00:09, 17.28it/s]
 63%|###################4           | 275/439 [00:16<00:09, 17.35it/s]
 63%|###################5           | 277/439 [00:16<00:09, 17.36it/s]
 64%|###################7           | 279/439 [00:16<00:09, 17.42it/s]
 64%|###################8           | 281/439 [00:16<00:09, 17.41it/s]
 64%|###################9           | 283/439 [00:16<00:09, 15.98it/s]
 65%|####################1          | 285/439 [00:16<00:09, 16.35it/s]
 65%|####################2          | 287/439 [00:16<00:09, 16.34it/s]
 66%|####################4          | 289/439 [00:16<00:09, 16.43it/s]
 66%|####################5          | 291/439 [00:17<00:09, 16.44it/s]
 67%|####################6          | 293/439 [00:17<00:08, 16.68it/s]
 67%|####################8          | 295/439 [00:17<00:08, 16.89it/s]
 68%|####################9          | 297/439 [00:17<00:08, 17.03it/s]
 68%|#####################1         | 299/439 [00:17<00:08, 17.13it/s]
 69%|#####################2         | 301/439 [00:17<00:07, 17.28it/s]
 69%|#####################3         | 303/439 [00:17<00:07, 17.32it/s]
 69%|#####################5         | 305/439 [00:17<00:07, 17.31it/s]
 70%|#####################6         | 307/439 [00:17<00:07, 17.32it/s]
 70%|#####################8         | 309/439 [00:18<00:07, 17.39it/s]
 71%|#####################9         | 311/439 [00:18<00:07, 17.38it/s]
 71%|######################1        | 313/439 [00:18<00:07, 17.20it/s]
 72%|######################2        | 315/439 [00:18<00:07, 17.19it/s]
 72%|######################3        | 317/439 [00:18<00:07, 17.14it/s]
 73%|######################5        | 319/439 [00:18<00:07, 16.94it/s]
 73%|######################6        | 321/439 [00:18<00:06, 17.07it/s]
 74%|######################8        | 323/439 [00:18<00:06, 17.16it/s]
 74%|######################9        | 325/439 [00:19<00:06, 17.22it/s]
 74%|#######################        | 327/439 [00:19<00:06, 17.32it/s]
 75%|#######################2       | 329/439 [00:19<00:06, 17.34it/s]
 75%|#######################3       | 331/439 [00:19<00:06, 17.46it/s]
 76%|#######################5       | 333/439 [00:19<00:06, 17.45it/s]
 76%|#######################6       | 335/439 [00:19<00:05, 17.47it/s]
 77%|#######################7       | 337/439 [00:19<00:05, 17.42it/s]
 77%|#######################9       | 339/439 [00:19<00:05, 17.48it/s]
 78%|########################       | 341/439 [00:19<00:05, 17.46it/s]
 78%|########################2      | 343/439 [00:20<00:05, 17.47it/s]
 79%|########################3      | 345/439 [00:20<00:05, 17.02it/s]
 79%|########################5      | 347/439 [00:20<00:05, 16.87it/s]
 79%|########################6      | 349/439 [00:20<00:05, 16.72it/s]
 80%|########################7      | 351/439 [00:21<00:17,  4.92it/s]
 80%|########################9      | 353/439 [00:21<00:13,  6.27it/s]
 81%|#########################      | 355/439 [00:21<00:10,  7.65it/s]
 81%|#########################2     | 357/439 [00:21<00:08,  9.16it/s]
 82%|#########################3     | 359/439 [00:21<00:07, 10.66it/s]
 82%|#########################4     | 361/439 [00:22<00:06, 12.07it/s]
 83%|#########################6     | 363/439 [00:22<00:05, 13.32it/s]
 83%|#########################7     | 365/439 [00:22<00:05, 14.39it/s]
 84%|#########################9     | 367/439 [00:22<00:04, 15.23it/s]
 84%|##########################     | 369/439 [00:22<00:04, 15.83it/s]
 85%|##########################1    | 371/439 [00:22<00:04, 16.26it/s]
 85%|##########################3    | 373/439 [00:22<00:03, 16.60it/s]
 85%|##########################4    | 375/439 [00:22<00:03, 16.94it/s]
 86%|##########################6    | 377/439 [00:22<00:03, 16.98it/s]
 86%|##########################7    | 379/439 [00:23<00:03, 17.12it/s]
 87%|##########################9    | 381/439 [00:23<00:03, 17.23it/s]
 87%|###########################    | 383/439 [00:23<00:03, 16.50it/s]
 88%|###########################1   | 385/439 [00:23<00:03, 16.80it/s]
 88%|###########################3   | 387/439 [00:23<00:03, 16.98it/s]
 89%|###########################4   | 389/439 [00:23<00:03, 15.29it/s]
 89%|###########################6   | 391/439 [00:23<00:03, 15.84it/s]
 90%|###########################7   | 393/439 [00:23<00:02, 16.34it/s]
 90%|###########################8   | 395/439 [00:24<00:02, 16.57it/s]
 90%|############################   | 397/439 [00:24<00:02, 16.95it/s]
 91%|############################1  | 399/439 [00:24<00:02, 17.08it/s]
 91%|############################3  | 401/439 [00:24<00:02, 17.28it/s]
 92%|############################4  | 403/439 [00:24<00:02, 17.31it/s]
 92%|############################5  | 405/439 [00:24<00:01, 17.28it/s]
 93%|############################7  | 407/439 [00:24<00:01, 17.30it/s]
 93%|############################8  | 409/439 [00:24<00:01, 17.38it/s]
 94%|#############################  | 411/439 [00:25<00:01, 17.35it/s]
 94%|#############################1 | 413/439 [00:25<00:01, 17.37it/s]
 95%|#############################3 | 415/439 [00:25<00:01, 17.33it/s]
 95%|#############################4 | 417/439 [00:25<00:01, 17.38it/s]
 95%|#############################5 | 419/439 [00:25<00:01, 17.57it/s]
 96%|#############################7 | 421/439 [00:25<00:01, 17.55it/s]
 96%|#############################8 | 423/439 [00:25<00:00, 17.53it/s]
 97%|############################## | 425/439 [00:25<00:00, 17.50it/s]
 97%|##############################1| 427/439 [00:25<00:00, 17.46it/s]
 98%|##############################2| 429/439 [00:26<00:00, 17.45it/s]
 98%|##############################4| 431/439 [00:26<00:00, 17.45it/s]
 99%|##############################5| 433/439 [00:26<00:00, 17.43it/s]
 99%|##############################7| 435/439 [00:26<00:00, 17.39it/s]
100%|##############################8| 437/439 [00:26<00:00, 17.40it/s]
100%|###############################| 439/439 [00:26<00:00, 17.40it/s]
100%|###############################| 439/439 [00:26<00:00, 16.49it/s]
[SEAL Epoch 11] loss=0.5606

[SEAL Epoch 12/20] Run 1/1 - training...

  0%|                                         | 0/439 [00:00<?, ?it/s]
  0%|                                 | 1/439 [00:00<00:43,  9.96it/s]
  1%|2                                | 3/439 [00:00<00:29, 14.54it/s]
  1%|3                                | 5/439 [00:00<00:27, 15.79it/s]
  2%|5                                | 7/439 [00:00<00:29, 14.61it/s]
  2%|6                                | 9/439 [00:00<00:29, 14.61it/s]
  3%|8                               | 11/439 [00:00<00:27, 15.50it/s]
  3%|9                               | 13/439 [00:00<00:26, 16.03it/s]
  3%|#                               | 15/439 [00:00<00:25, 16.48it/s]
  4%|#2                              | 17/439 [00:01<00:25, 16.74it/s]
  4%|#3                              | 19/439 [00:01<00:25, 16.20it/s]
  5%|#5                              | 21/439 [00:01<00:27, 15.28it/s]
  5%|#6                              | 23/439 [00:01<00:26, 15.70it/s]
  6%|#8                              | 25/439 [00:01<00:25, 16.16it/s]
  6%|#9                              | 27/439 [00:01<00:26, 15.76it/s]
  7%|##1                             | 29/439 [00:01<00:25, 16.27it/s]
  7%|##2                             | 31/439 [00:01<00:24, 16.64it/s]
  8%|##4                             | 33/439 [00:02<00:24, 16.78it/s]
  8%|##5                             | 35/439 [00:02<00:24, 16.55it/s]
  8%|##6                             | 37/439 [00:02<00:24, 16.48it/s]
  9%|##8                             | 39/439 [00:02<00:24, 16.41it/s]
  9%|##9                             | 41/439 [00:02<00:24, 16.49it/s]
 10%|###1                            | 43/439 [00:02<00:24, 16.47it/s]
 10%|###2                            | 45/439 [00:02<00:23, 16.57it/s]
 11%|###4                            | 47/439 [00:02<00:23, 16.77it/s]
 11%|###5                            | 49/439 [00:03<00:23, 16.88it/s]
 12%|###7                            | 51/439 [00:03<00:22, 16.91it/s]
 12%|###8                            | 53/439 [00:03<00:22, 17.00it/s]
 13%|####                            | 55/439 [00:03<00:22, 17.01it/s]
 13%|####1                           | 57/439 [00:03<00:22, 17.10it/s]
 13%|####3                           | 59/439 [00:03<00:22, 17.23it/s]
 14%|####4                           | 61/439 [00:03<00:21, 17.34it/s]
 14%|####5                           | 63/439 [00:03<00:21, 17.33it/s]
 15%|####7                           | 65/439 [00:03<00:21, 17.49it/s]
 15%|####8                           | 67/439 [00:04<00:21, 17.45it/s]
 16%|#####                           | 69/439 [00:04<00:21, 17.43it/s]
 16%|#####1                          | 71/439 [00:04<00:21, 17.36it/s]
 17%|#####3                          | 73/439 [00:04<00:21, 17.34it/s]
 17%|#####4                          | 75/439 [00:04<00:21, 17.32it/s]
 18%|#####6                          | 77/439 [00:04<00:20, 17.32it/s]
 18%|#####7                          | 79/439 [00:04<00:20, 17.30it/s]
 18%|#####9                          | 81/439 [00:04<00:20, 17.27it/s]
 19%|######                          | 83/439 [00:05<00:20, 17.06it/s]
 19%|######1                         | 85/439 [00:05<00:20, 17.03it/s]
 20%|######3                         | 87/439 [00:05<00:20, 17.15it/s]
 20%|######4                         | 89/439 [00:05<00:20, 17.05it/s]
 21%|######6                         | 91/439 [00:05<00:21, 15.91it/s]
 21%|######7                         | 93/439 [00:05<00:21, 16.30it/s]
 22%|######9                         | 95/439 [00:05<00:20, 16.58it/s]
 22%|#######                         | 97/439 [00:05<00:21, 16.15it/s]
 23%|#######2                        | 99/439 [00:05<00:20, 16.38it/s]
 23%|#######1                       | 101/439 [00:06<00:20, 16.63it/s]
 23%|#######2                       | 103/439 [00:06<00:19, 16.81it/s]
 24%|#######4                       | 105/439 [00:06<00:19, 16.96it/s]
 24%|#######5                       | 107/439 [00:06<00:19, 17.11it/s]
 25%|#######6                       | 109/439 [00:06<00:19, 17.19it/s]
 25%|#######8                       | 111/439 [00:06<00:18, 17.31it/s]
 26%|#######9                       | 113/439 [00:06<00:18, 17.36it/s]
 26%|########1                      | 115/439 [00:06<00:18, 17.36it/s]
 27%|########2                      | 117/439 [00:07<00:18, 17.47it/s]
 27%|########4                      | 119/439 [00:07<00:18, 17.44it/s]
 28%|########5                      | 121/439 [00:07<00:18, 17.43it/s]
 28%|########6                      | 123/439 [00:07<00:18, 17.44it/s]
 28%|########8                      | 125/439 [00:07<00:18, 17.25it/s]
 29%|########9                      | 127/439 [00:07<00:18, 17.18it/s]
 29%|#########1                     | 129/439 [00:07<00:18, 17.22it/s]
 30%|#########2                     | 131/439 [00:07<00:17, 17.22it/s]
 30%|#########3                     | 133/439 [00:07<00:17, 17.21it/s]
 31%|#########5                     | 135/439 [00:08<00:17, 17.38it/s]
 31%|#########6                     | 137/439 [00:08<00:17, 17.40it/s]
 32%|#########8                     | 139/439 [00:08<00:17, 17.44it/s]
 32%|#########9                     | 141/439 [00:08<00:17, 17.47it/s]
 33%|##########                     | 143/439 [00:08<00:16, 17.47it/s]
 33%|##########2                    | 145/439 [00:08<00:16, 17.43it/s]
 33%|##########3                    | 147/439 [00:08<00:16, 17.33it/s]
 34%|##########5                    | 149/439 [00:08<00:16, 17.41it/s]
 34%|##########6                    | 151/439 [00:08<00:16, 17.38it/s]
 35%|##########8                    | 153/439 [00:09<00:16, 17.46it/s]
 35%|##########9                    | 155/439 [00:09<00:16, 17.44it/s]
 36%|###########                    | 157/439 [00:09<00:16, 17.47it/s]
 36%|###########2                   | 159/439 [00:09<00:16, 17.44it/s]
 37%|###########3                   | 161/439 [00:09<00:16, 17.37it/s]
 37%|###########5                   | 163/439 [00:09<00:15, 17.38it/s]
 38%|###########6                   | 165/439 [00:09<00:15, 17.38it/s]
 38%|###########7                   | 167/439 [00:09<00:15, 17.39it/s]
 38%|###########9                   | 169/439 [00:10<00:15, 17.25it/s]
 39%|############                   | 171/439 [00:10<00:15, 17.44it/s]
 39%|############2                  | 173/439 [00:10<00:15, 17.40it/s]
 40%|############3                  | 175/439 [00:10<00:15, 17.47it/s]
 40%|############4                  | 177/439 [00:10<00:15, 17.45it/s]
 41%|############6                  | 179/439 [00:10<00:14, 17.34it/s]
 41%|############7                  | 181/439 [00:10<00:14, 17.39it/s]
 42%|############9                  | 183/439 [00:10<00:14, 17.36it/s]
 42%|#############                  | 185/439 [00:10<00:14, 17.35it/s]
 43%|#############2                 | 187/439 [00:11<00:14, 17.29it/s]
 43%|#############3                 | 189/439 [00:11<00:14, 17.34it/s]
 44%|#############4                 | 191/439 [00:11<00:14, 17.39it/s]
 44%|#############6                 | 193/439 [00:11<00:14, 17.35it/s]
 44%|#############7                 | 195/439 [00:11<00:14, 17.30it/s]
 45%|#############9                 | 197/439 [00:11<00:14, 17.21it/s]
 45%|##############                 | 199/439 [00:11<00:13, 17.32it/s]
 46%|##############1                | 201/439 [00:11<00:13, 17.25it/s]
 46%|##############3                | 203/439 [00:11<00:13, 17.30it/s]
 47%|##############4                | 205/439 [00:12<00:13, 17.21it/s]
 47%|##############6                | 207/439 [00:12<00:13, 17.34it/s]
 48%|##############7                | 209/439 [00:12<00:13, 17.31it/s]
 48%|##############8                | 211/439 [00:12<00:13, 17.10it/s]
 49%|###############                | 213/439 [00:12<00:13, 17.11it/s]
 49%|###############1               | 215/439 [00:12<00:13, 17.16it/s]
 49%|###############3               | 217/439 [00:12<00:12, 17.10it/s]
 50%|###############4               | 219/439 [00:12<00:12, 17.06it/s]
 50%|###############6               | 221/439 [00:13<00:12, 17.15it/s]
 51%|###############7               | 223/439 [00:13<00:12, 17.08it/s]
 51%|###############8               | 225/439 [00:13<00:12, 17.28it/s]
 52%|################               | 227/439 [00:13<00:12, 17.37it/s]
 52%|################1              | 229/439 [00:13<00:12, 17.38it/s]
 53%|################3              | 231/439 [00:13<00:11, 17.37it/s]
 53%|################4              | 233/439 [00:13<00:11, 17.43it/s]
 54%|################5              | 235/439 [00:13<00:12, 16.80it/s]
 54%|################7              | 237/439 [00:13<00:11, 16.94it/s]
 54%|################8              | 239/439 [00:14<00:11, 17.02it/s]
 55%|#################              | 241/439 [00:14<00:11, 17.05it/s]
 55%|#################1             | 243/439 [00:14<00:11, 17.03it/s]
 56%|#################3             | 245/439 [00:14<00:11, 17.14it/s]
 56%|#################4             | 247/439 [00:14<00:11, 17.21it/s]
 57%|#################5             | 249/439 [00:14<00:11, 17.26it/s]
 57%|#################7             | 251/439 [00:14<00:10, 17.25it/s]
 58%|#################8             | 253/439 [00:14<00:10, 17.17it/s]
 58%|##################             | 255/439 [00:15<00:10, 17.18it/s]
 59%|##################1            | 257/439 [00:15<00:10, 17.22it/s]
 59%|##################2            | 259/439 [00:15<00:10, 17.25it/s]
 59%|##################4            | 261/439 [00:15<00:10, 17.15it/s]
 60%|##################5            | 263/439 [00:15<00:10, 17.11it/s]
 60%|##################7            | 265/439 [00:15<00:10, 17.09it/s]
 61%|##################8            | 267/439 [00:15<00:09, 17.23it/s]
 61%|##################9            | 269/439 [00:15<00:09, 17.22it/s]
 62%|###################1           | 271/439 [00:15<00:09, 17.21it/s]
 62%|###################2           | 273/439 [00:16<00:09, 17.26it/s]
 63%|###################4           | 275/439 [00:16<00:09, 17.30it/s]
 63%|###################5           | 277/439 [00:16<00:09, 17.29it/s]
 64%|###################7           | 279/439 [00:16<00:09, 17.18it/s]
 64%|###################8           | 281/439 [00:16<00:09, 17.29it/s]
 64%|###################9           | 283/439 [00:16<00:09, 17.29it/s]
 65%|####################1          | 285/439 [00:16<00:08, 17.32it/s]
 65%|####################2          | 287/439 [00:16<00:09, 15.92it/s]
 66%|####################4          | 289/439 [00:17<00:09, 15.80it/s]
 66%|####################5          | 291/439 [00:17<00:09, 16.33it/s]
 67%|####################6          | 293/439 [00:17<00:08, 16.56it/s]
 67%|####################8          | 295/439 [00:17<00:08, 16.79it/s]
 68%|####################9          | 297/439 [00:17<00:08, 16.95it/s]
 68%|#####################1         | 299/439 [00:17<00:08, 17.03it/s]
 69%|#####################2         | 301/439 [00:17<00:08, 17.07it/s]
 69%|#####################3         | 303/439 [00:17<00:07, 17.17it/s]
 69%|#####################5         | 305/439 [00:17<00:07, 17.25it/s]
 70%|#####################6         | 307/439 [00:18<00:08, 15.87it/s]
 70%|#####################8         | 309/439 [00:18<00:08, 15.08it/s]
 71%|#####################9         | 311/439 [00:18<00:08, 15.25it/s]
 71%|######################1        | 313/439 [00:18<00:07, 15.77it/s]
 72%|######################2        | 315/439 [00:18<00:07, 16.30it/s]
 72%|######################3        | 317/439 [00:18<00:07, 16.65it/s]
 73%|######################5        | 319/439 [00:18<00:07, 16.85it/s]
 73%|######################6        | 321/439 [00:18<00:06, 17.03it/s]
 74%|######################8        | 323/439 [00:19<00:06, 17.17it/s]
 74%|######################9        | 325/439 [00:19<00:06, 17.26it/s]
 74%|#######################        | 327/439 [00:19<00:06, 17.40it/s]
 75%|#######################2       | 329/439 [00:19<00:06, 17.36it/s]
 75%|#######################3       | 331/439 [00:19<00:06, 17.51it/s]
 76%|#######################5       | 333/439 [00:19<00:06, 17.46it/s]
 76%|#######################6       | 335/439 [00:19<00:05, 17.50it/s]
 77%|#######################7       | 337/439 [00:19<00:05, 17.70it/s]
 77%|#######################9       | 339/439 [00:19<00:05, 17.61it/s]
 78%|########################       | 341/439 [00:20<00:05, 17.53it/s]
 78%|########################2      | 343/439 [00:20<00:05, 17.50it/s]
 79%|########################3      | 345/439 [00:20<00:05, 17.42it/s]
 79%|########################5      | 347/439 [00:20<00:05, 17.35it/s]
 79%|########################6      | 349/439 [00:20<00:05, 17.29it/s]
 80%|########################7      | 351/439 [00:20<00:05, 17.37it/s]
 80%|########################9      | 353/439 [00:20<00:04, 17.50it/s]
 81%|#########################      | 355/439 [00:20<00:04, 17.49it/s]
 81%|#########################2     | 357/439 [00:21<00:04, 17.39it/s]
 82%|#########################3     | 359/439 [00:21<00:04, 17.35it/s]
 82%|#########################4     | 361/439 [00:21<00:04, 17.36it/s]
 83%|#########################6     | 363/439 [00:21<00:04, 17.35it/s]
 83%|#########################7     | 365/439 [00:21<00:04, 17.40it/s]
 84%|#########################9     | 367/439 [00:21<00:04, 17.36it/s]
 84%|##########################     | 369/439 [00:21<00:04, 17.29it/s]
 85%|##########################1    | 371/439 [00:21<00:03, 17.30it/s]
 85%|##########################3    | 373/439 [00:21<00:03, 17.26it/s]
 85%|##########################4    | 375/439 [00:22<00:03, 17.27it/s]
 86%|##########################6    | 377/439 [00:22<00:03, 17.24it/s]
 86%|##########################7    | 379/439 [00:22<00:03, 17.20it/s]
 87%|##########################9    | 381/439 [00:22<00:03, 17.15it/s]
 87%|###########################    | 383/439 [00:22<00:03, 17.23it/s]
 88%|###########################1   | 385/439 [00:22<00:03, 17.25it/s]
 88%|###########################3   | 387/439 [00:22<00:02, 17.36it/s]
 89%|###########################4   | 389/439 [00:22<00:02, 17.30it/s]
 89%|###########################6   | 391/439 [00:22<00:02, 17.28it/s]
 90%|###########################7   | 393/439 [00:23<00:02, 17.28it/s]
 90%|###########################8   | 395/439 [00:23<00:02, 17.22it/s]
 90%|############################   | 397/439 [00:23<00:02, 17.29it/s]
 91%|############################1  | 399/439 [00:23<00:02, 17.31it/s]
 91%|############################3  | 401/439 [00:23<00:02, 15.62it/s]
 92%|############################4  | 403/439 [00:23<00:02, 16.16it/s]
 92%|############################5  | 405/439 [00:23<00:02, 16.59it/s]
 93%|############################7  | 407/439 [00:23<00:01, 16.89it/s]
 93%|############################8  | 409/439 [00:24<00:01, 17.01it/s]
 94%|#############################  | 411/439 [00:24<00:01, 17.07it/s]
 94%|#############################1 | 413/439 [00:24<00:01, 17.13it/s]
 95%|#############################3 | 415/439 [00:24<00:01, 17.15it/s]
 95%|#############################4 | 417/439 [00:24<00:01, 17.28it/s]
 95%|#############################5 | 419/439 [00:24<00:01, 17.37it/s]
 96%|#############################7 | 421/439 [00:24<00:01, 17.27it/s]
 96%|#############################8 | 423/439 [00:24<00:00, 17.09it/s]
 97%|############################## | 425/439 [00:24<00:00, 17.07it/s]
 97%|##############################1| 427/439 [00:25<00:00, 17.23it/s]
 98%|##############################2| 429/439 [00:25<00:00, 17.27it/s]
 98%|##############################4| 431/439 [00:25<00:00, 17.27it/s]
 99%|##############################5| 433/439 [00:25<00:00, 17.31it/s]
 99%|##############################7| 435/439 [00:25<00:00, 17.26it/s]
100%|##############################8| 437/439 [00:25<00:00, 17.31it/s]
100%|###############################| 439/439 [00:25<00:00, 17.40it/s]
100%|###############################| 439/439 [00:25<00:00, 17.03it/s]
[SEAL Epoch 12] loss=0.5603

[SEAL Epoch 13/20] Run 1/1 - training...

  0%|                                         | 0/439 [00:00<?, ?it/s]
  0%|1                                | 2/439 [00:00<00:27, 15.64it/s]
  1%|3                                | 4/439 [00:00<00:26, 16.55it/s]
  1%|4                                | 6/439 [00:00<00:25, 16.91it/s]
  2%|6                                | 8/439 [00:00<00:25, 17.10it/s]
  2%|7                               | 10/439 [00:00<00:24, 17.22it/s]
  3%|8                               | 12/439 [00:00<00:24, 17.24it/s]
  3%|#                               | 14/439 [00:00<00:24, 17.33it/s]
  4%|#1                              | 16/439 [00:00<00:24, 17.32it/s]
  4%|#3                              | 18/439 [00:01<00:24, 17.30it/s]
  5%|#4                              | 20/439 [00:01<00:24, 17.30it/s]
  5%|#6                              | 22/439 [00:01<00:24, 17.31it/s]
  5%|#7                              | 24/439 [00:01<00:24, 17.06it/s]
  6%|#8                              | 26/439 [00:01<00:23, 17.22it/s]
  6%|##                              | 28/439 [00:01<00:23, 17.24it/s]
  7%|##1                             | 30/439 [00:01<00:23, 17.26it/s]
  7%|##3                             | 32/439 [00:01<00:23, 17.29it/s]
  8%|##4                             | 34/439 [00:01<00:23, 17.30it/s]
  8%|##6                             | 36/439 [00:02<00:23, 17.31it/s]
  9%|##7                             | 38/439 [00:02<00:23, 17.36it/s]
  9%|##9                             | 40/439 [00:02<00:23, 17.34it/s]
 10%|###                             | 42/439 [00:02<00:22, 17.34it/s]
 10%|###2                            | 44/439 [00:02<00:22, 17.33it/s]
 10%|###3                            | 46/439 [00:02<00:22, 17.28it/s]
 11%|###4                            | 48/439 [00:02<00:22, 17.38it/s]
 11%|###6                            | 50/439 [00:02<00:22, 17.35it/s]
 12%|###7                            | 52/439 [00:03<00:22, 17.39it/s]
 12%|###9                            | 54/439 [00:03<00:22, 17.42it/s]
 13%|####                            | 56/439 [00:03<00:21, 17.46it/s]
 13%|####2                           | 58/439 [00:03<00:21, 17.41it/s]
 14%|####3                           | 60/439 [00:03<00:21, 17.37it/s]
 14%|####5                           | 62/439 [00:03<00:21, 17.37it/s]
 15%|####6                           | 64/439 [00:03<00:21, 17.47it/s]
 15%|####8                           | 66/439 [00:03<00:21, 17.16it/s]
 15%|####9                           | 68/439 [00:03<00:21, 17.21it/s]
 16%|#####1                          | 70/439 [00:04<00:21, 17.36it/s]
 16%|#####2                          | 72/439 [00:04<00:21, 17.22it/s]
 17%|#####3                          | 74/439 [00:04<00:21, 17.38it/s]
 17%|#####5                          | 76/439 [00:04<00:21, 16.83it/s]
 18%|#####6                          | 78/439 [00:04<00:21, 17.03it/s]
 18%|#####8                          | 80/439 [00:04<00:20, 17.19it/s]
 19%|#####9                          | 82/439 [00:04<00:20, 17.19it/s]
 19%|######1                         | 84/439 [00:04<00:20, 17.34it/s]
 20%|######2                         | 86/439 [00:04<00:20, 17.30it/s]
 20%|######4                         | 88/439 [00:05<00:20, 17.33it/s]
 21%|######5                         | 90/439 [00:05<00:20, 17.25it/s]
 21%|######7                         | 92/439 [00:05<00:20, 17.32it/s]
 21%|######8                         | 94/439 [00:05<00:19, 17.39it/s]
 22%|######9                         | 96/439 [00:05<00:19, 17.37it/s]
 22%|#######1                        | 98/439 [00:05<00:19, 17.41it/s]
 23%|#######                        | 100/439 [00:05<00:19, 17.27it/s]
 23%|#######2                       | 102/439 [00:05<00:19, 17.32it/s]
 24%|#######3                       | 104/439 [00:06<00:19, 17.43it/s]
 24%|#######4                       | 106/439 [00:06<00:19, 17.49it/s]
 25%|#######6                       | 108/439 [00:06<00:19, 17.14it/s]
 25%|#######7                       | 110/439 [00:06<00:18, 17.34it/s]
 26%|#######9                       | 112/439 [00:06<00:18, 17.27it/s]
 26%|########                       | 114/439 [00:06<00:18, 17.38it/s]
 26%|########1                      | 116/439 [00:06<00:18, 17.40it/s]
 27%|########3                      | 118/439 [00:06<00:18, 17.10it/s]
 27%|########4                      | 120/439 [00:06<00:18, 17.00it/s]
 28%|########6                      | 122/439 [00:07<00:18, 16.81it/s]
 28%|########7                      | 124/439 [00:07<00:18, 16.77it/s]
 29%|########8                      | 126/439 [00:07<00:18, 16.87it/s]
 29%|#########                      | 128/439 [00:07<00:18, 16.75it/s]
 30%|#########1                     | 130/439 [00:07<00:18, 16.71it/s]
 30%|#########3                     | 132/439 [00:07<00:18, 16.66it/s]
 31%|#########4                     | 134/439 [00:07<00:18, 16.64it/s]
 31%|#########6                     | 136/439 [00:07<00:18, 16.63it/s]
 31%|#########7                     | 138/439 [00:08<00:18, 16.47it/s]
 32%|#########8                     | 140/439 [00:08<00:18, 16.59it/s]
 32%|##########                     | 142/439 [00:08<00:17, 16.88it/s]
 33%|##########1                    | 144/439 [00:08<00:17, 17.11it/s]
 33%|##########3                    | 146/439 [00:08<00:17, 17.16it/s]
 34%|##########4                    | 148/439 [00:08<00:16, 17.22it/s]
 34%|##########5                    | 150/439 [00:08<00:16, 17.08it/s]
 35%|##########7                    | 152/439 [00:08<00:16, 17.15it/s]
 35%|##########8                    | 154/439 [00:08<00:16, 17.25it/s]
 36%|###########                    | 156/439 [00:09<00:16, 17.29it/s]
 36%|###########1                   | 158/439 [00:09<00:16, 17.41it/s]
 36%|###########2                   | 160/439 [00:09<00:15, 17.48it/s]
 37%|###########4                   | 162/439 [00:09<00:15, 17.45it/s]
 37%|###########5                   | 164/439 [00:09<00:15, 17.42it/s]
 38%|###########7                   | 166/439 [00:09<00:15, 17.45it/s]
 38%|###########8                   | 168/439 [00:09<00:15, 17.38it/s]
 39%|############                   | 170/439 [00:09<00:15, 17.45it/s]
 39%|############1                  | 172/439 [00:09<00:15, 17.44it/s]
 40%|############2                  | 174/439 [00:10<00:15, 17.45it/s]
 40%|############4                  | 176/439 [00:10<00:15, 17.43it/s]
 41%|############5                  | 178/439 [00:10<00:15, 17.39it/s]
 41%|############7                  | 180/439 [00:10<00:14, 17.38it/s]
 41%|############8                  | 182/439 [00:10<00:14, 17.39it/s]
 42%|############9                  | 184/439 [00:10<00:14, 17.42it/s]
 42%|#############1                 | 186/439 [00:10<00:14, 17.49it/s]
 43%|#############2                 | 188/439 [00:10<00:14, 17.50it/s]
 43%|#############4                 | 190/439 [00:11<00:14, 17.44it/s]
 44%|#############5                 | 192/439 [00:11<00:14, 17.25it/s]
 44%|#############6                 | 194/439 [00:11<00:14, 17.30it/s]
 45%|#############8                 | 196/439 [00:11<00:14, 17.32it/s]
 45%|#############9                 | 198/439 [00:11<00:14, 17.21it/s]
 46%|##############1                | 200/439 [00:11<00:14, 16.20it/s]
 46%|##############2                | 202/439 [00:11<00:14, 16.44it/s]
 46%|##############4                | 204/439 [00:11<00:14, 16.36it/s]
 47%|##############5                | 206/439 [00:11<00:14, 16.38it/s]
 47%|##############6                | 208/439 [00:12<00:14, 16.43it/s]
 48%|##############8                | 210/439 [00:12<00:13, 16.59it/s]
 48%|##############9                | 212/439 [00:12<00:13, 16.80it/s]
 49%|###############1               | 214/439 [00:12<00:13, 17.07it/s]
 49%|###############2               | 216/439 [00:12<00:12, 17.36it/s]
 50%|###############3               | 218/439 [00:12<00:12, 17.37it/s]
 50%|###############5               | 220/439 [00:12<00:12, 17.30it/s]
 51%|###############6               | 222/439 [00:12<00:12, 17.33it/s]
 51%|###############8               | 224/439 [00:13<00:12, 17.36it/s]
 51%|###############9               | 226/439 [00:13<00:12, 17.44it/s]
 52%|################1              | 228/439 [00:13<00:12, 17.43it/s]
 52%|################2              | 230/439 [00:13<00:12, 17.40it/s]
 53%|################3              | 232/439 [00:13<00:11, 17.41it/s]
 53%|################5              | 234/439 [00:13<00:11, 17.29it/s]
 54%|################6              | 236/439 [00:13<00:11, 17.29it/s]
 54%|################8              | 238/439 [00:13<00:11, 17.27it/s]
 55%|################9              | 240/439 [00:13<00:11, 17.34it/s]
 55%|#################              | 242/439 [00:14<00:11, 17.28it/s]
 56%|#################2             | 244/439 [00:14<00:11, 17.31it/s]
 56%|#################3             | 246/439 [00:14<00:11, 17.32it/s]
 56%|#################5             | 248/439 [00:14<00:11, 17.35it/s]
 57%|#################6             | 250/439 [00:14<00:10, 17.39it/s]
 57%|#################7             | 252/439 [00:14<00:10, 17.29it/s]
 58%|#################9             | 254/439 [00:14<00:10, 17.35it/s]
 58%|##################             | 256/439 [00:14<00:10, 17.37it/s]
 59%|##################2            | 258/439 [00:14<00:10, 17.37it/s]
 59%|##################3            | 260/439 [00:15<00:10, 17.39it/s]
 60%|##################5            | 262/439 [00:15<00:10, 17.41it/s]
 60%|##################6            | 264/439 [00:15<00:10, 17.42it/s]
 61%|##################7            | 266/439 [00:15<00:09, 17.42it/s]
 61%|##################9            | 268/439 [00:15<00:09, 17.40it/s]
 62%|###################            | 270/439 [00:15<00:09, 17.41it/s]
 62%|###################2           | 272/439 [00:15<00:09, 17.42it/s]
 62%|###################3           | 274/439 [00:15<00:09, 16.71it/s]
 63%|###################4           | 276/439 [00:16<00:09, 16.77it/s]
 63%|###################6           | 278/439 [00:16<00:09, 16.95it/s]
 64%|###################7           | 280/439 [00:16<00:09, 17.05it/s]
 64%|###################9           | 282/439 [00:16<00:09, 16.57it/s]
 65%|####################           | 284/439 [00:16<00:09, 16.78it/s]
 65%|####################1          | 286/439 [00:16<00:08, 17.03it/s]
 66%|####################3          | 288/439 [00:16<00:08, 17.26it/s]
 66%|####################4          | 290/439 [00:16<00:08, 17.34it/s]
 67%|####################6          | 292/439 [00:16<00:08, 17.36it/s]
 67%|####################7          | 294/439 [00:17<00:08, 17.40it/s]
 67%|####################9          | 296/439 [00:17<00:08, 17.36it/s]
 68%|#####################          | 298/439 [00:17<00:08, 17.36it/s]
 68%|#####################1         | 300/439 [00:17<00:07, 17.44it/s]
 69%|#####################3         | 302/439 [00:17<00:07, 17.35it/s]
 69%|#####################4         | 304/439 [00:17<00:07, 17.35it/s]
 70%|#####################6         | 306/439 [00:17<00:07, 17.28it/s]
 70%|#####################7         | 308/439 [00:17<00:07, 17.36it/s]
 71%|#####################8         | 310/439 [00:18<00:07, 17.43it/s]
 71%|######################         | 312/439 [00:18<00:07, 17.49it/s]
 72%|######################1        | 314/439 [00:18<00:07, 17.50it/s]
 72%|######################3        | 316/439 [00:18<00:07, 17.47it/s]
 72%|######################4        | 318/439 [00:18<00:06, 17.50it/s]
 73%|######################5        | 320/439 [00:18<00:06, 17.48it/s]
 73%|######################7        | 322/439 [00:18<00:06, 17.51it/s]
 74%|######################8        | 324/439 [00:18<00:06, 17.48it/s]
 74%|#######################        | 326/439 [00:18<00:06, 17.47it/s]
 75%|#######################1       | 328/439 [00:19<00:06, 17.40it/s]
 75%|#######################3       | 330/439 [00:19<00:06, 17.44it/s]
 76%|#######################4       | 332/439 [00:19<00:06, 17.43it/s]
 76%|#######################5       | 334/439 [00:19<00:06, 17.40it/s]
 77%|#######################7       | 336/439 [00:19<00:05, 17.41it/s]
 77%|#######################8       | 338/439 [00:19<00:05, 17.36it/s]
 77%|########################       | 340/439 [00:19<00:05, 17.34it/s]
 78%|########################1      | 342/439 [00:19<00:05, 17.30it/s]
 78%|########################2      | 344/439 [00:19<00:05, 17.06it/s]
 79%|########################4      | 346/439 [00:20<00:05, 17.08it/s]
 79%|########################5      | 348/439 [00:20<00:05, 17.21it/s]
 80%|########################7      | 350/439 [00:20<00:05, 17.24it/s]
 80%|########################8      | 352/439 [00:20<00:05, 17.30it/s]
 81%|########################9      | 354/439 [00:20<00:04, 17.35it/s]
 81%|#########################1     | 356/439 [00:20<00:04, 17.40it/s]
 82%|#########################2     | 358/439 [00:20<00:04, 17.41it/s]
 82%|#########################4     | 360/439 [00:20<00:04, 17.23it/s]
 82%|#########################5     | 362/439 [00:21<00:04, 17.37it/s]
 83%|#########################7     | 364/439 [00:21<00:04, 17.37it/s]
 83%|#########################8     | 366/439 [00:21<00:04, 17.37it/s]
 84%|#########################9     | 368/439 [00:21<00:04, 17.34it/s]
 84%|##########################1    | 370/439 [00:21<00:03, 17.34it/s]
 85%|##########################2    | 372/439 [00:21<00:03, 17.34it/s]
 85%|##########################4    | 374/439 [00:21<00:03, 17.36it/s]
 86%|##########################5    | 376/439 [00:21<00:03, 17.35it/s]
 86%|##########################6    | 378/439 [00:21<00:03, 17.32it/s]
 87%|##########################8    | 380/439 [00:22<00:03, 17.29it/s]
 87%|##########################9    | 382/439 [00:22<00:03, 17.35it/s]
 87%|###########################1   | 384/439 [00:22<00:03, 17.37it/s]
 88%|###########################2   | 386/439 [00:22<00:03, 17.40it/s]
 88%|###########################3   | 388/439 [00:22<00:02, 17.38it/s]
 89%|###########################5   | 390/439 [00:22<00:02, 17.44it/s]
 89%|###########################6   | 392/439 [00:22<00:02, 17.29it/s]
 90%|###########################8   | 394/439 [00:22<00:02, 17.30it/s]
 90%|###########################9   | 396/439 [00:22<00:02, 17.28it/s]
 91%|############################1  | 398/439 [00:23<00:02, 17.33it/s]
 91%|############################2  | 400/439 [00:23<00:02, 17.35it/s]
 92%|############################3  | 402/439 [00:23<00:02, 17.30it/s]
 92%|############################5  | 404/439 [00:23<00:02, 17.31it/s]
 92%|############################6  | 406/439 [00:23<00:02, 15.77it/s]
 93%|############################8  | 408/439 [00:23<00:02, 15.05it/s]
 93%|############################9  | 410/439 [00:23<00:01, 15.76it/s]
 94%|#############################  | 412/439 [00:23<00:01, 16.29it/s]
 94%|#############################2 | 414/439 [00:24<00:01, 16.61it/s]
 95%|#############################3 | 416/439 [00:24<00:01, 16.89it/s]
 95%|#############################5 | 418/439 [00:24<00:01, 17.02it/s]
 96%|#############################6 | 420/439 [00:24<00:01, 17.03it/s]
 96%|#############################7 | 422/439 [00:24<00:00, 17.03it/s]
 97%|#############################9 | 424/439 [00:24<00:00, 17.21it/s]
 97%|############################## | 426/439 [00:24<00:00, 16.64it/s]
 97%|##############################2| 428/439 [00:24<00:00, 16.89it/s]
 98%|##############################3| 430/439 [00:25<00:00, 17.03it/s]
 98%|##############################5| 432/439 [00:25<00:00, 17.13it/s]
 99%|##############################6| 434/439 [00:25<00:00, 17.23it/s]
 99%|##############################7| 436/439 [00:25<00:00, 17.27it/s]
100%|##############################9| 438/439 [00:25<00:00, 17.23it/s]
100%|###############################| 439/439 [00:25<00:00, 17.20it/s]
[SEAL Epoch 13] loss=0.5604

[SEAL Epoch 14/20] Run 1/1 - training...

  0%|                                         | 0/439 [00:00<?, ?it/s]
  0%|1                                | 2/439 [00:00<00:28, 15.42it/s]
  1%|3                                | 4/439 [00:00<00:26, 16.14it/s]
  1%|4                                | 6/439 [00:00<00:25, 16.72it/s]
  2%|6                                | 8/439 [00:00<00:26, 16.57it/s]
  2%|7                               | 10/439 [00:00<00:25, 16.82it/s]
  3%|8                               | 12/439 [00:00<00:25, 16.91it/s]
  3%|#                               | 14/439 [00:00<00:24, 17.04it/s]
  4%|#1                              | 16/439 [00:00<00:24, 17.18it/s]
  4%|#3                              | 18/439 [00:01<00:24, 17.14it/s]
  5%|#4                              | 20/439 [00:01<00:24, 17.07it/s]
  5%|#6                              | 22/439 [00:01<00:24, 17.12it/s]
  5%|#7                              | 24/439 [00:01<00:24, 17.14it/s]
  6%|#8                              | 26/439 [00:01<00:23, 17.31it/s]
  6%|##                              | 28/439 [00:01<00:23, 17.28it/s]
  7%|##1                             | 30/439 [00:01<00:23, 17.33it/s]
  7%|##3                             | 32/439 [00:01<00:23, 17.26it/s]
  8%|##4                             | 34/439 [00:01<00:23, 17.29it/s]
  8%|##6                             | 36/439 [00:02<00:23, 17.27it/s]
  9%|##7                             | 38/439 [00:02<00:23, 17.20it/s]
  9%|##9                             | 40/439 [00:02<00:24, 16.49it/s]
 10%|###                             | 42/439 [00:02<00:23, 16.79it/s]
 10%|###2                            | 44/439 [00:02<00:23, 16.99it/s]
 10%|###3                            | 46/439 [00:02<00:24, 15.95it/s]
 11%|###4                            | 48/439 [00:02<00:24, 15.97it/s]
 11%|###6                            | 50/439 [00:02<00:24, 16.03it/s]
 12%|###7                            | 52/439 [00:03<00:23, 16.26it/s]
 12%|###9                            | 54/439 [00:03<00:24, 15.81it/s]
 13%|####                            | 56/439 [00:03<00:23, 16.31it/s]
 13%|####2                           | 58/439 [00:03<00:22, 16.62it/s]
 14%|####3                           | 60/439 [00:03<00:22, 16.79it/s]
 14%|####5                           | 62/439 [00:03<00:22, 16.95it/s]
 15%|####6                           | 64/439 [00:03<00:22, 16.91it/s]
 15%|####8                           | 66/439 [00:03<00:21, 16.98it/s]
 15%|####9                           | 68/439 [00:04<00:21, 17.18it/s]
 16%|#####1                          | 70/439 [00:04<00:21, 17.31it/s]
 16%|#####2                          | 72/439 [00:04<00:21, 17.30it/s]
 17%|#####3                          | 74/439 [00:04<00:21, 17.34it/s]
 17%|#####5                          | 76/439 [00:04<00:21, 17.27it/s]
 18%|#####6                          | 78/439 [00:04<00:20, 17.26it/s]
 18%|#####8                          | 80/439 [00:04<00:20, 17.36it/s]
 19%|#####9                          | 82/439 [00:04<00:20, 17.34it/s]
 19%|######1                         | 84/439 [00:04<00:20, 17.33it/s]
 20%|######2                         | 86/439 [00:05<00:20, 17.33it/s]
 20%|######4                         | 88/439 [00:05<00:20, 17.26it/s]
 21%|######5                         | 90/439 [00:05<00:20, 17.06it/s]
 21%|######7                         | 92/439 [00:05<00:20, 17.13it/s]
 21%|######8                         | 94/439 [00:05<00:20, 17.17it/s]
 22%|######9                         | 96/439 [00:05<00:19, 17.22it/s]
 22%|#######1                        | 98/439 [00:05<00:20, 16.67it/s]
 23%|#######                        | 100/439 [00:05<00:20, 16.89it/s]
 23%|#######2                       | 102/439 [00:06<00:19, 16.99it/s]
 24%|#######3                       | 104/439 [00:06<00:19, 17.11it/s]
 24%|#######4                       | 106/439 [00:06<00:19, 17.16it/s]
 25%|#######6                       | 108/439 [00:06<00:19, 17.19it/s]
 25%|#######7                       | 110/439 [00:06<00:19, 17.11it/s]
 26%|#######9                       | 112/439 [00:06<00:19, 17.16it/s]
 26%|########                       | 114/439 [00:06<00:19, 17.03it/s]
 26%|########1                      | 116/439 [00:06<00:18, 17.15it/s]
 27%|########3                      | 118/439 [00:06<00:18, 17.02it/s]
 27%|########4                      | 120/439 [00:07<00:18, 17.10it/s]
 28%|########6                      | 122/439 [00:07<00:18, 17.06it/s]
 28%|########7                      | 124/439 [00:07<00:18, 17.20it/s]
 29%|########8                      | 126/439 [00:07<00:18, 17.06it/s]
 29%|#########                      | 128/439 [00:07<00:18, 17.11it/s]
 30%|#########1                     | 130/439 [00:07<00:18, 17.14it/s]
 30%|#########3                     | 132/439 [00:07<00:17, 17.06it/s]
 31%|#########4                     | 134/439 [00:07<00:17, 17.13it/s]
 31%|#########6                     | 136/439 [00:08<00:17, 17.22it/s]
 31%|#########7                     | 138/439 [00:08<00:17, 17.26it/s]
 32%|#########8                     | 140/439 [00:08<00:17, 17.29it/s]
 32%|##########                     | 142/439 [00:08<00:17, 17.31it/s]
 33%|##########1                    | 144/439 [00:08<00:17, 17.29it/s]
 33%|##########3                    | 146/439 [00:08<00:16, 17.32it/s]
 34%|##########4                    | 148/439 [00:08<00:16, 17.47it/s]
 34%|##########5                    | 150/439 [00:08<00:17, 16.42it/s]
 35%|##########7                    | 152/439 [00:08<00:18, 15.64it/s]
 35%|##########8                    | 154/439 [00:09<00:17, 16.07it/s]
 36%|###########                    | 156/439 [00:09<00:17, 16.38it/s]
 36%|###########1                   | 158/439 [00:09<00:16, 16.73it/s]
 36%|###########2                   | 160/439 [00:09<00:16, 16.87it/s]
 37%|###########4                   | 162/439 [00:09<00:16, 16.92it/s]
 37%|###########5                   | 164/439 [00:09<00:16, 17.16it/s]
 38%|###########7                   | 166/439 [00:09<00:15, 17.28it/s]
 38%|###########8                   | 168/439 [00:09<00:15, 17.27it/s]
 39%|############                   | 170/439 [00:10<00:15, 17.38it/s]
 39%|############1                  | 172/439 [00:10<00:15, 17.39it/s]
 40%|############2                  | 174/439 [00:10<00:15, 17.21it/s]
 40%|############4                  | 176/439 [00:10<00:15, 17.20it/s]
 41%|############5                  | 178/439 [00:10<00:15, 17.22it/s]
 41%|############7                  | 180/439 [00:10<00:15, 17.25it/s]
 41%|############8                  | 182/439 [00:10<00:15, 17.05it/s]
 42%|############9                  | 184/439 [00:10<00:14, 17.14it/s]
 42%|#############1                 | 186/439 [00:10<00:14, 17.24it/s]
 43%|#############2                 | 188/439 [00:11<00:14, 17.33it/s]
 43%|#############4                 | 190/439 [00:11<00:14, 17.35it/s]
 44%|#############5                 | 192/439 [00:11<00:14, 17.35it/s]
 44%|#############6                 | 194/439 [00:11<00:14, 17.46it/s]
 45%|#############8                 | 196/439 [00:11<00:14, 17.29it/s]
 45%|#############9                 | 198/439 [00:11<00:13, 17.28it/s]
 46%|##############1                | 200/439 [00:11<00:13, 17.15it/s]
 46%|##############2                | 202/439 [00:11<00:13, 17.33it/s]
 46%|##############4                | 204/439 [00:11<00:13, 17.26it/s]
 47%|##############5                | 206/439 [00:12<00:13, 17.32it/s]
 47%|##############6                | 208/439 [00:12<00:13, 17.16it/s]
 48%|##############8                | 210/439 [00:12<00:13, 17.20it/s]
 48%|##############9                | 212/439 [00:12<00:13, 17.08it/s]
 49%|###############1               | 214/439 [00:12<00:13, 17.19it/s]
 49%|###############2               | 216/439 [00:12<00:13, 16.95it/s]
 50%|###############3               | 218/439 [00:12<00:12, 17.13it/s]
 50%|###############5               | 220/439 [00:12<00:12, 17.16it/s]
 51%|###############6               | 222/439 [00:13<00:12, 17.26it/s]
 51%|###############8               | 224/439 [00:13<00:12, 17.31it/s]
 51%|###############9               | 226/439 [00:13<00:12, 17.31it/s]
 52%|################1              | 228/439 [00:13<00:12, 17.29it/s]
 52%|################2              | 230/439 [00:13<00:12, 17.30it/s]
 53%|################3              | 232/439 [00:13<00:11, 17.28it/s]
 53%|################5              | 234/439 [00:13<00:11, 17.26it/s]
 54%|################6              | 236/439 [00:13<00:11, 17.45it/s]
 54%|################8              | 238/439 [00:13<00:11, 17.43it/s]
 55%|################9              | 240/439 [00:14<00:11, 17.47it/s]
 55%|#################              | 242/439 [00:14<00:11, 17.38it/s]
 56%|#################2             | 244/439 [00:14<00:11, 17.36it/s]
 56%|#################3             | 246/439 [00:14<00:11, 17.41it/s]
 56%|#################5             | 248/439 [00:14<00:11, 17.35it/s]
 57%|#################6             | 250/439 [00:14<00:10, 17.36it/s]
 57%|#################7             | 252/439 [00:14<00:10, 17.36it/s]
 58%|#################9             | 254/439 [00:14<00:10, 17.48it/s]
 58%|##################             | 256/439 [00:14<00:10, 17.48it/s]
 59%|##################2            | 258/439 [00:15<00:10, 17.40it/s]
 59%|##################3            | 260/439 [00:15<00:10, 17.41it/s]
 60%|##################5            | 262/439 [00:15<00:10, 17.53it/s]
 60%|##################6            | 264/439 [00:15<00:10, 17.46it/s]
 61%|##################7            | 266/439 [00:15<00:09, 17.51it/s]
 61%|##################9            | 268/439 [00:15<00:09, 17.51it/s]
 62%|###################            | 270/439 [00:15<00:09, 17.52it/s]
 62%|###################2           | 272/439 [00:15<00:09, 17.62it/s]
 62%|###################3           | 274/439 [00:16<00:09, 17.63it/s]
 63%|###################4           | 276/439 [00:16<00:09, 17.63it/s]
 63%|###################6           | 278/439 [00:16<00:09, 17.65it/s]
 64%|###################7           | 280/439 [00:16<00:08, 17.70it/s]
 64%|###################9           | 282/439 [00:16<00:08, 17.68it/s]
 65%|####################           | 284/439 [00:16<00:08, 17.67it/s]
 65%|####################1          | 286/439 [00:16<00:08, 17.48it/s]
 66%|####################3          | 288/439 [00:16<00:08, 17.51it/s]
 66%|####################4          | 290/439 [00:16<00:08, 17.59it/s]
 67%|####################6          | 292/439 [00:17<00:08, 17.52it/s]
 67%|####################7          | 294/439 [00:17<00:08, 17.43it/s]
 67%|####################9          | 296/439 [00:17<00:08, 17.38it/s]
 68%|#####################          | 298/439 [00:17<00:08, 17.34it/s]
 68%|#####################1         | 300/439 [00:17<00:08, 17.25it/s]
 69%|#####################3         | 302/439 [00:17<00:07, 17.29it/s]
 69%|#####################4         | 304/439 [00:17<00:07, 17.34it/s]
 70%|#####################6         | 306/439 [00:17<00:07, 17.30it/s]
 70%|#####################7         | 308/439 [00:17<00:07, 17.33it/s]
 71%|#####################8         | 310/439 [00:18<00:07, 17.30it/s]
 71%|######################         | 312/439 [00:18<00:07, 17.28it/s]
 72%|######################1        | 314/439 [00:18<00:07, 16.19it/s]
 72%|######################3        | 316/439 [00:18<00:07, 16.46it/s]
 72%|######################4        | 318/439 [00:18<00:07, 16.67it/s]
 73%|######################5        | 320/439 [00:18<00:07, 16.93it/s]
 73%|######################7        | 322/439 [00:18<00:06, 17.04it/s]
 74%|######################8        | 324/439 [00:19<00:23,  4.95it/s]
 74%|#######################        | 326/439 [00:19<00:17,  6.29it/s]
 75%|#######################1       | 328/439 [00:20<00:14,  7.78it/s]
 75%|#######################3       | 330/439 [00:20<00:11,  9.11it/s]
 76%|#######################4       | 332/439 [00:20<00:10, 10.63it/s]
 76%|#######################5       | 334/439 [00:20<00:08, 12.01it/s]
 77%|#######################7       | 336/439 [00:20<00:08, 12.42it/s]
 77%|#######################8       | 338/439 [00:20<00:07, 13.55it/s]
 77%|########################       | 340/439 [00:20<00:06, 14.40it/s]
 78%|########################1      | 342/439 [00:20<00:06, 15.19it/s]
 78%|########################2      | 344/439 [00:21<00:06, 15.79it/s]
 79%|########################4      | 346/439 [00:21<00:05, 16.23it/s]
 79%|########################5      | 348/439 [00:21<00:05, 16.50it/s]
 80%|########################7      | 350/439 [00:21<00:05, 16.81it/s]
 80%|########################8      | 352/439 [00:21<00:05, 16.91it/s]
 81%|########################9      | 354/439 [00:21<00:04, 17.07it/s]
 81%|#########################1     | 356/439 [00:21<00:04, 17.15it/s]
 82%|#########################2     | 358/439 [00:21<00:04, 17.21it/s]
 82%|#########################4     | 360/439 [00:22<00:04, 17.27it/s]
 82%|#########################5     | 362/439 [00:22<00:04, 17.38it/s]
 83%|#########################7     | 364/439 [00:22<00:04, 17.46it/s]
 83%|#########################8     | 366/439 [00:22<00:04, 17.46it/s]
 84%|#########################9     | 368/439 [00:22<00:04, 16.81it/s]
 84%|##########################1    | 370/439 [00:22<00:04, 17.06it/s]
 85%|##########################2    | 372/439 [00:22<00:04, 16.57it/s]
 85%|##########################4    | 374/439 [00:22<00:03, 16.79it/s]
 86%|##########################5    | 376/439 [00:22<00:03, 17.03it/s]
 86%|##########################6    | 378/439 [00:23<00:03, 17.10it/s]
 87%|##########################8    | 380/439 [00:23<00:03, 17.20it/s]
 87%|##########################9    | 382/439 [00:23<00:03, 17.29it/s]
 87%|###########################1   | 384/439 [00:23<00:03, 17.33it/s]
 88%|###########################2   | 386/439 [00:23<00:03, 17.30it/s]
 88%|###########################3   | 388/439 [00:23<00:02, 17.35it/s]
 89%|###########################5   | 390/439 [00:23<00:02, 17.39it/s]
 89%|###########################6   | 392/439 [00:23<00:02, 17.34it/s]
 90%|###########################8   | 394/439 [00:23<00:02, 17.32it/s]
 90%|###########################9   | 396/439 [00:24<00:02, 17.33it/s]
 91%|############################1  | 398/439 [00:24<00:02, 16.70it/s]
 91%|############################2  | 400/439 [00:24<00:02, 16.93it/s]
 92%|############################3  | 402/439 [00:24<00:02, 17.02it/s]
 92%|############################5  | 404/439 [00:24<00:02, 17.09it/s]
 92%|############################6  | 406/439 [00:24<00:01, 17.18it/s]
 93%|############################8  | 408/439 [00:24<00:01, 17.09it/s]
 93%|############################9  | 410/439 [00:24<00:01, 17.01it/s]
 94%|#############################  | 412/439 [00:25<00:01, 17.22it/s]
 94%|#############################2 | 414/439 [00:25<00:01, 17.23it/s]
 95%|#############################3 | 416/439 [00:25<00:01, 17.16it/s]
 95%|#############################5 | 418/439 [00:25<00:01, 17.16it/s]
 96%|#############################6 | 420/439 [00:25<00:01, 17.17it/s]
 96%|#############################7 | 422/439 [00:25<00:00, 17.19it/s]
 97%|#############################9 | 424/439 [00:25<00:00, 17.19it/s]
 97%|############################## | 426/439 [00:25<00:00, 17.21it/s]
 97%|##############################2| 428/439 [00:25<00:00, 17.16it/s]
 98%|##############################3| 430/439 [00:26<00:00, 17.20it/s]
 98%|##############################5| 432/439 [00:26<00:00, 17.19it/s]
 99%|##############################6| 434/439 [00:26<00:00, 17.22it/s]
 99%|##############################7| 436/439 [00:26<00:00, 17.24it/s]
100%|##############################9| 438/439 [00:26<00:00, 17.20it/s]
100%|###############################| 439/439 [00:26<00:00, 16.49it/s]
[SEAL Epoch 14] loss=0.5603

[SEAL Epoch 15/20] Run 1/1 - training...

  0%|                                         | 0/439 [00:00<?, ?it/s]
  0%|1                                | 2/439 [00:00<00:27, 16.04it/s]
  1%|3                                | 4/439 [00:00<00:26, 16.64it/s]
  1%|4                                | 6/439 [00:00<00:25, 16.99it/s]
  2%|6                                | 8/439 [00:00<00:24, 17.40it/s]
  2%|7                               | 10/439 [00:00<00:24, 17.43it/s]
  3%|8                               | 12/439 [00:00<00:24, 17.37it/s]
  3%|#                               | 14/439 [00:00<00:24, 17.40it/s]
  4%|#1                              | 16/439 [00:00<00:24, 17.35it/s]
  4%|#3                              | 18/439 [00:01<00:24, 17.35it/s]
  5%|#4                              | 20/439 [00:01<00:24, 17.39it/s]
  5%|#6                              | 22/439 [00:01<00:23, 17.40it/s]
  5%|#7                              | 24/439 [00:01<00:23, 17.39it/s]
  6%|#8                              | 26/439 [00:01<00:23, 17.49it/s]
  6%|##                              | 28/439 [00:01<00:23, 17.54it/s]
  7%|##1                             | 30/439 [00:01<00:23, 17.20it/s]
  7%|##3                             | 32/439 [00:01<00:23, 17.05it/s]
  8%|##4                             | 34/439 [00:01<00:23, 17.05it/s]
  8%|##6                             | 36/439 [00:02<00:23, 17.14it/s]
  9%|##7                             | 38/439 [00:02<00:23, 17.25it/s]
  9%|##9                             | 40/439 [00:02<00:23, 17.32it/s]
 10%|###                             | 42/439 [00:02<00:23, 17.14it/s]
 10%|###2                            | 44/439 [00:02<00:22, 17.26it/s]
 10%|###3                            | 46/439 [00:02<00:22, 17.41it/s]
 11%|###4                            | 48/439 [00:02<00:22, 17.40it/s]
 11%|###6                            | 50/439 [00:02<00:22, 17.41it/s]
 12%|###7                            | 52/439 [00:03<00:22, 17.41it/s]
 12%|###9                            | 54/439 [00:03<00:22, 17.41it/s]
 13%|####                            | 56/439 [00:03<00:22, 17.39it/s]
 13%|####2                           | 58/439 [00:03<00:21, 17.39it/s]
 14%|####3                           | 60/439 [00:03<00:21, 17.38it/s]
 14%|####5                           | 62/439 [00:03<00:21, 17.40it/s]
 15%|####6                           | 64/439 [00:03<00:21, 17.41it/s]
 15%|####8                           | 66/439 [00:03<00:21, 17.42it/s]
 15%|####9                           | 68/439 [00:03<00:21, 17.45it/s]
 16%|#####1                          | 70/439 [00:04<00:21, 17.36it/s]
 16%|#####2                          | 72/439 [00:04<00:22, 16.15it/s]
 17%|#####3                          | 74/439 [00:04<00:22, 16.45it/s]
 17%|#####5                          | 76/439 [00:04<00:22, 15.92it/s]
 18%|#####6                          | 78/439 [00:04<00:22, 16.20it/s]
 18%|#####8                          | 80/439 [00:04<00:23, 15.54it/s]
 19%|#####9                          | 82/439 [00:04<00:22, 16.10it/s]
 19%|######1                         | 84/439 [00:04<00:21, 16.49it/s]
 20%|######2                         | 86/439 [00:05<00:21, 16.77it/s]
 20%|######4                         | 88/439 [00:05<00:20, 16.91it/s]
 21%|######5                         | 90/439 [00:05<00:20, 17.02it/s]
 21%|######7                         | 92/439 [00:05<00:22, 15.74it/s]
 21%|######8                         | 94/439 [00:05<00:21, 16.14it/s]
 22%|######9                         | 96/439 [00:05<00:20, 16.54it/s]
 22%|#######1                        | 98/439 [00:05<00:20, 16.70it/s]
 23%|#######                        | 100/439 [00:05<00:20, 16.86it/s]
 23%|#######2                       | 102/439 [00:06<00:19, 16.96it/s]
 24%|#######3                       | 104/439 [00:06<00:19, 17.09it/s]
 24%|#######4                       | 106/439 [00:06<00:19, 17.19it/s]
 25%|#######6                       | 108/439 [00:06<00:19, 17.29it/s]
 25%|#######7                       | 110/439 [00:06<00:19, 17.21it/s]
 26%|#######9                       | 112/439 [00:06<00:18, 17.35it/s]
 26%|########                       | 114/439 [00:06<00:18, 17.28it/s]
 26%|########1                      | 116/439 [00:06<00:18, 17.25it/s]
 27%|########3                      | 118/439 [00:06<00:18, 17.19it/s]
 27%|########4                      | 120/439 [00:07<00:18, 17.22it/s]
 28%|########6                      | 122/439 [00:07<00:18, 17.27it/s]
 28%|########7                      | 124/439 [00:07<00:18, 17.38it/s]
 29%|########8                      | 126/439 [00:07<00:17, 17.49it/s]
 29%|#########                      | 128/439 [00:07<00:17, 17.48it/s]
 30%|#########1                     | 130/439 [00:07<00:17, 17.56it/s]
 30%|#########3                     | 132/439 [00:07<00:17, 17.50it/s]
 31%|#########4                     | 134/439 [00:07<00:17, 17.48it/s]
 31%|#########6                     | 136/439 [00:07<00:17, 17.44it/s]
 31%|#########7                     | 138/439 [00:08<00:17, 16.81it/s]
 32%|#########8                     | 140/439 [00:08<00:17, 16.97it/s]
 32%|##########                     | 142/439 [00:08<00:17, 17.13it/s]
 33%|##########1                    | 144/439 [00:08<00:17, 17.10it/s]
 33%|##########3                    | 146/439 [00:08<00:17, 17.21it/s]
 34%|##########4                    | 148/439 [00:08<00:16, 17.37it/s]
 34%|##########5                    | 150/439 [00:08<00:16, 17.38it/s]
 35%|##########7                    | 152/439 [00:08<00:16, 17.40it/s]
 35%|##########8                    | 154/439 [00:09<00:16, 17.27it/s]
 36%|###########                    | 156/439 [00:09<00:16, 17.17it/s]
 36%|###########1                   | 158/439 [00:09<00:16, 17.28it/s]
 36%|###########2                   | 160/439 [00:09<00:16, 17.32it/s]
 37%|###########4                   | 162/439 [00:09<00:15, 17.31it/s]
 37%|###########5                   | 164/439 [00:09<00:15, 17.31it/s]
 38%|###########7                   | 166/439 [00:09<00:15, 17.46it/s]
 38%|###########8                   | 168/439 [00:09<00:15, 17.47it/s]
 39%|############                   | 170/439 [00:09<00:15, 17.42it/s]
 39%|############1                  | 172/439 [00:10<00:15, 17.40it/s]
 40%|############2                  | 174/439 [00:10<00:15, 17.39it/s]
 40%|############4                  | 176/439 [00:10<00:15, 17.41it/s]
 41%|############5                  | 178/439 [00:10<00:15, 17.33it/s]
 41%|############7                  | 180/439 [00:10<00:14, 17.38it/s]
 41%|############8                  | 182/439 [00:10<00:14, 17.35it/s]
 42%|############9                  | 184/439 [00:10<00:14, 17.35it/s]
 42%|#############1                 | 186/439 [00:10<00:14, 17.52it/s]
 43%|#############2                 | 188/439 [00:10<00:14, 17.48it/s]
 43%|#############4                 | 190/439 [00:11<00:14, 17.36it/s]
 44%|#############5                 | 192/439 [00:11<00:14, 17.39it/s]
 44%|#############6                 | 194/439 [00:11<00:14, 17.44it/s]
 45%|#############8                 | 196/439 [00:11<00:13, 17.40it/s]
 45%|#############9                 | 198/439 [00:11<00:14, 17.18it/s]
 46%|##############1                | 200/439 [00:11<00:13, 17.26it/s]
 46%|##############2                | 202/439 [00:11<00:13, 17.29it/s]
 46%|##############4                | 204/439 [00:11<00:13, 17.43it/s]
 47%|##############5                | 206/439 [00:11<00:13, 17.37it/s]
 47%|##############6                | 208/439 [00:12<00:13, 17.37it/s]
 48%|##############8                | 210/439 [00:12<00:13, 17.40it/s]
 48%|##############9                | 212/439 [00:12<00:13, 17.43it/s]
 49%|###############1               | 214/439 [00:12<00:12, 17.48it/s]
 49%|###############2               | 216/439 [00:12<00:12, 17.38it/s]
 50%|###############3               | 218/439 [00:12<00:12, 17.34it/s]
 50%|###############5               | 220/439 [00:12<00:12, 17.28it/s]
 51%|###############6               | 222/439 [00:12<00:12, 17.32it/s]
 51%|###############8               | 224/439 [00:13<00:12, 17.32it/s]
 51%|###############9               | 226/439 [00:13<00:12, 17.39it/s]
 52%|################1              | 228/439 [00:13<00:12, 17.42it/s]
 52%|################2              | 230/439 [00:13<00:11, 17.42it/s]
 53%|################3              | 232/439 [00:13<00:11, 17.44it/s]
 53%|################5              | 234/439 [00:13<00:11, 17.36it/s]
 54%|################6              | 236/439 [00:13<00:11, 17.32it/s]
 54%|################8              | 238/439 [00:13<00:11, 17.24it/s]
 55%|################9              | 240/439 [00:13<00:11, 17.18it/s]
 55%|#################              | 242/439 [00:14<00:11, 17.20it/s]
 56%|#################2             | 244/439 [00:14<00:11, 16.57it/s]
 56%|#################3             | 246/439 [00:14<00:11, 16.80it/s]
 56%|#################5             | 248/439 [00:14<00:11, 17.02it/s]
 57%|#################6             | 250/439 [00:14<00:11, 17.14it/s]
 57%|#################7             | 252/439 [00:14<00:10, 17.27it/s]
 58%|#################9             | 254/439 [00:14<00:10, 17.34it/s]
 58%|##################             | 256/439 [00:14<00:10, 17.34it/s]
 59%|##################2            | 258/439 [00:15<00:10, 17.42it/s]
 59%|##################3            | 260/439 [00:15<00:10, 17.35it/s]
 60%|##################5            | 262/439 [00:15<00:10, 17.32it/s]
 60%|##################6            | 264/439 [00:15<00:10, 17.26it/s]
 61%|##################7            | 266/439 [00:15<00:09, 17.33it/s]
 61%|##################9            | 268/439 [00:15<00:09, 17.32it/s]
 62%|###################            | 270/439 [00:15<00:09, 17.34it/s]
 62%|###################2           | 272/439 [00:15<00:09, 17.37it/s]
 62%|###################3           | 274/439 [00:15<00:09, 17.42it/s]
 63%|###################4           | 276/439 [00:16<00:09, 17.36it/s]
 63%|###################6           | 278/439 [00:16<00:09, 17.41it/s]
 64%|###################7           | 280/439 [00:16<00:09, 17.42it/s]
 64%|###################9           | 282/439 [00:16<00:09, 17.40it/s]
 65%|####################           | 284/439 [00:16<00:08, 17.37it/s]
 65%|####################1          | 286/439 [00:16<00:08, 17.35it/s]
 66%|####################3          | 288/439 [00:16<00:08, 17.37it/s]
 66%|####################4          | 290/439 [00:16<00:08, 17.31it/s]
 67%|####################6          | 292/439 [00:16<00:08, 17.29it/s]
 67%|####################7          | 294/439 [00:17<00:08, 17.19it/s]
 67%|####################9          | 296/439 [00:17<00:08, 17.23it/s]
 68%|#####################          | 298/439 [00:17<00:08, 17.31it/s]
 68%|#####################1         | 300/439 [00:17<00:08, 17.36it/s]
 69%|#####################3         | 302/439 [00:17<00:07, 17.36it/s]
 69%|#####################4         | 304/439 [00:17<00:07, 17.41it/s]
 70%|#####################6         | 306/439 [00:17<00:07, 17.48it/s]
 70%|#####################7         | 308/439 [00:17<00:07, 17.46it/s]
 71%|#####################8         | 310/439 [00:18<00:07, 17.40it/s]
 71%|######################         | 312/439 [00:18<00:07, 17.37it/s]
 72%|######################1        | 314/439 [00:18<00:07, 17.43it/s]
 72%|######################3        | 316/439 [00:18<00:07, 17.38it/s]
 72%|######################4        | 318/439 [00:18<00:06, 17.32it/s]
 73%|######################5        | 320/439 [00:18<00:06, 17.34it/s]
 73%|######################7        | 322/439 [00:18<00:06, 17.36it/s]
 74%|######################8        | 324/439 [00:18<00:06, 17.35it/s]
 74%|#######################        | 326/439 [00:18<00:06, 17.42it/s]
 75%|#######################1       | 328/439 [00:19<00:06, 17.45it/s]
 75%|#######################3       | 330/439 [00:19<00:06, 17.43it/s]
 76%|#######################4       | 332/439 [00:19<00:06, 17.44it/s]
 76%|#######################5       | 334/439 [00:19<00:06, 17.41it/s]
 77%|#######################7       | 336/439 [00:19<00:05, 17.41it/s]
 77%|#######################8       | 338/439 [00:19<00:05, 17.42it/s]
 77%|########################       | 340/439 [00:19<00:05, 17.40it/s]
 78%|########################1      | 342/439 [00:19<00:05, 17.44it/s]
 78%|########################2      | 344/439 [00:19<00:05, 17.37it/s]
 79%|########################4      | 346/439 [00:20<00:05, 17.33it/s]
 79%|########################5      | 348/439 [00:20<00:05, 17.32it/s]
 80%|########################7      | 350/439 [00:20<00:05, 17.42it/s]
 80%|########################8      | 352/439 [00:20<00:04, 17.51it/s]
 81%|########################9      | 354/439 [00:20<00:04, 17.45it/s]
 81%|#########################1     | 356/439 [00:20<00:04, 17.46it/s]
 82%|#########################2     | 358/439 [00:20<00:04, 17.33it/s]
 82%|#########################4     | 360/439 [00:20<00:04, 17.30it/s]
 82%|#########################5     | 362/439 [00:20<00:04, 17.18it/s]
 83%|#########################7     | 364/439 [00:21<00:04, 17.10it/s]
 83%|#########################8     | 366/439 [00:21<00:04, 16.97it/s]
 84%|#########################9     | 368/439 [00:21<00:04, 17.08it/s]
 84%|##########################1    | 370/439 [00:21<00:04, 17.13it/s]
 85%|##########################2    | 372/439 [00:21<00:03, 17.23it/s]
 85%|##########################4    | 374/439 [00:21<00:03, 17.33it/s]
 86%|##########################5    | 376/439 [00:21<00:03, 17.25it/s]
 86%|##########################6    | 378/439 [00:21<00:03, 17.29it/s]
 87%|##########################8    | 380/439 [00:22<00:03, 17.24it/s]
 87%|##########################9    | 382/439 [00:22<00:03, 17.29it/s]
 87%|###########################1   | 384/439 [00:22<00:03, 17.34it/s]
 88%|###########################2   | 386/439 [00:22<00:03, 17.41it/s]
 88%|###########################3   | 388/439 [00:22<00:02, 17.32it/s]
 89%|###########################5   | 390/439 [00:22<00:02, 17.35it/s]
 89%|###########################6   | 392/439 [00:22<00:02, 17.37it/s]
 90%|###########################8   | 394/439 [00:22<00:02, 17.33it/s]
 90%|###########################9   | 396/439 [00:22<00:02, 17.35it/s]
 91%|############################1  | 398/439 [00:23<00:02, 17.39it/s]
 91%|############################2  | 400/439 [00:23<00:02, 17.37it/s]
 92%|############################3  | 402/439 [00:23<00:02, 17.38it/s]
 92%|############################5  | 404/439 [00:23<00:02, 17.34it/s]
 92%|############################6  | 406/439 [00:23<00:01, 17.35it/s]
 93%|############################8  | 408/439 [00:23<00:01, 17.15it/s]
 93%|############################9  | 410/439 [00:23<00:01, 17.02it/s]
 94%|#############################  | 412/439 [00:23<00:01, 17.11it/s]
 94%|#############################2 | 414/439 [00:24<00:01, 17.17it/s]
 95%|#############################3 | 416/439 [00:24<00:01, 17.24it/s]
 95%|#############################5 | 418/439 [00:24<00:01, 17.32it/s]
 96%|#############################6 | 420/439 [00:24<00:01, 17.25it/s]
 96%|#############################7 | 422/439 [00:24<00:00, 17.05it/s]
 97%|#############################9 | 424/439 [00:24<00:00, 16.27it/s]
 97%|############################## | 426/439 [00:24<00:00, 16.55it/s]
 97%|##############################2| 428/439 [00:24<00:00, 16.74it/s]
 98%|##############################3| 430/439 [00:24<00:00, 16.93it/s]
 98%|##############################5| 432/439 [00:25<00:00, 17.00it/s]
 99%|##############################6| 434/439 [00:25<00:00, 17.02it/s]
 99%|##############################7| 436/439 [00:25<00:00, 17.11it/s]
100%|##############################9| 438/439 [00:25<00:00, 17.18it/s]
100%|###############################| 439/439 [00:25<00:00, 17.23it/s]
[SEAL Epoch 15] loss=0.5602

[SEAL Epoch 16/20] Run 1/1 - training...

  0%|                                         | 0/439 [00:00<?, ?it/s]
  0%|1                                | 2/439 [00:00<00:27, 15.97it/s]
  1%|3                                | 4/439 [00:00<00:25, 16.83it/s]
  1%|4                                | 6/439 [00:00<00:25, 16.91it/s]
  2%|6                                | 8/439 [00:00<00:25, 17.00it/s]
  2%|7                               | 10/439 [00:00<00:25, 17.08it/s]
  3%|8                               | 12/439 [00:00<00:24, 17.13it/s]
  3%|#                               | 14/439 [00:00<00:24, 17.19it/s]
  4%|#1                              | 16/439 [00:00<00:24, 17.26it/s]
  4%|#3                              | 18/439 [00:01<00:24, 17.22it/s]
  5%|#4                              | 20/439 [00:01<00:24, 17.25it/s]
  5%|#6                              | 22/439 [00:01<00:24, 17.25it/s]
  5%|#7                              | 24/439 [00:01<00:24, 17.26it/s]
  6%|#8                              | 26/439 [00:01<00:26, 15.79it/s]
  6%|##                              | 28/439 [00:01<00:26, 15.74it/s]
  7%|##1                             | 30/439 [00:01<00:25, 16.23it/s]
  7%|##3                             | 32/439 [00:01<00:24, 16.63it/s]
  8%|##4                             | 34/439 [00:02<00:24, 16.85it/s]
  8%|##6                             | 36/439 [00:02<00:23, 17.01it/s]
  9%|##7                             | 38/439 [00:02<00:23, 17.13it/s]
  9%|##9                             | 40/439 [00:02<00:23, 17.20it/s]
 10%|###                             | 42/439 [00:02<00:23, 17.17it/s]
 10%|###2                            | 44/439 [00:02<00:23, 17.16it/s]
 10%|###3                            | 46/439 [00:02<00:22, 17.29it/s]
 11%|###4                            | 48/439 [00:02<00:22, 17.29it/s]
 11%|###6                            | 50/439 [00:02<00:22, 17.33it/s]
 12%|###7                            | 52/439 [00:03<00:22, 17.37it/s]
 12%|###9                            | 54/439 [00:03<00:22, 17.11it/s]
 13%|####                            | 56/439 [00:03<00:22, 17.20it/s]
 13%|####2                           | 58/439 [00:03<00:22, 17.29it/s]
 14%|####3                           | 60/439 [00:03<00:24, 15.61it/s]
 14%|####5                           | 62/439 [00:03<00:23, 15.92it/s]
 15%|####6                           | 64/439 [00:03<00:23, 16.13it/s]
 15%|####8                           | 66/439 [00:03<00:22, 16.45it/s]
 15%|####9                           | 68/439 [00:04<00:22, 16.67it/s]
 16%|#####1                          | 70/439 [00:04<00:21, 16.96it/s]
 16%|#####2                          | 72/439 [00:04<00:21, 17.06it/s]
 17%|#####3                          | 74/439 [00:04<00:21, 17.15it/s]
 17%|#####5                          | 76/439 [00:04<00:21, 17.15it/s]
 18%|#####6                          | 78/439 [00:04<00:20, 17.27it/s]
 18%|#####8                          | 80/439 [00:04<00:20, 17.26it/s]
 19%|#####9                          | 82/439 [00:04<00:20, 17.28it/s]
 19%|######1                         | 84/439 [00:04<00:20, 17.36it/s]
 20%|######2                         | 86/439 [00:05<00:20, 17.31it/s]
 20%|######4                         | 88/439 [00:05<00:20, 17.34it/s]
 21%|######5                         | 90/439 [00:05<00:20, 17.34it/s]
 21%|######7                         | 92/439 [00:05<00:20, 17.26it/s]
 21%|######8                         | 94/439 [00:05<00:19, 17.29it/s]
 22%|######9                         | 96/439 [00:05<00:19, 17.26it/s]
 22%|#######1                        | 98/439 [00:05<00:19, 17.26it/s]
 23%|#######                        | 100/439 [00:05<00:19, 17.30it/s]
 23%|#######2                       | 102/439 [00:06<00:19, 17.33it/s]
 24%|#######3                       | 104/439 [00:06<00:19, 17.28it/s]
 24%|#######4                       | 106/439 [00:06<00:19, 17.26it/s]
 25%|#######6                       | 108/439 [00:06<00:19, 17.32it/s]
 25%|#######7                       | 110/439 [00:06<00:19, 17.31it/s]
 26%|#######9                       | 112/439 [00:06<00:18, 17.22it/s]
 26%|########                       | 114/439 [00:06<00:18, 17.27it/s]
 26%|########1                      | 116/439 [00:06<00:18, 17.38it/s]
 27%|########3                      | 118/439 [00:06<00:18, 17.45it/s]
 27%|########4                      | 120/439 [00:07<00:18, 17.42it/s]
 28%|########6                      | 122/439 [00:07<00:18, 17.39it/s]
 28%|########7                      | 124/439 [00:07<00:18, 17.37it/s]
 29%|########8                      | 126/439 [00:07<00:18, 17.35it/s]
 29%|#########                      | 128/439 [00:07<00:17, 17.41it/s]
 30%|#########1                     | 130/439 [00:07<00:17, 17.43it/s]
 30%|#########3                     | 132/439 [00:07<00:17, 17.41it/s]
 31%|#########4                     | 134/439 [00:07<00:18, 16.82it/s]
 31%|#########6                     | 136/439 [00:07<00:17, 17.03it/s]
 31%|#########7                     | 138/439 [00:08<00:17, 17.09it/s]
 32%|#########8                     | 140/439 [00:08<00:17, 17.20it/s]
 32%|##########                     | 142/439 [00:08<00:17, 17.27it/s]
 33%|##########1                    | 144/439 [00:08<00:17, 17.16it/s]
 33%|##########3                    | 146/439 [00:08<00:16, 17.31it/s]
 34%|##########4                    | 148/439 [00:08<00:16, 17.27it/s]
 34%|##########5                    | 150/439 [00:08<00:16, 17.30it/s]
 35%|##########7                    | 152/439 [00:08<00:16, 17.28it/s]
 35%|##########8                    | 154/439 [00:09<00:16, 17.28it/s]
 36%|###########                    | 156/439 [00:09<00:16, 17.33it/s]
 36%|###########1                   | 158/439 [00:09<00:16, 17.29it/s]
 36%|###########2                   | 160/439 [00:09<00:16, 17.36it/s]
 37%|###########4                   | 162/439 [00:09<00:15, 17.37it/s]
 37%|###########5                   | 164/439 [00:09<00:15, 17.48it/s]
 38%|###########7                   | 166/439 [00:09<00:15, 17.51it/s]
 38%|###########8                   | 168/439 [00:09<00:15, 17.53it/s]
 39%|############                   | 170/439 [00:09<00:15, 17.45it/s]
 39%|############1                  | 172/439 [00:10<00:15, 17.40it/s]
 40%|############2                  | 174/439 [00:10<00:15, 17.38it/s]
 40%|############4                  | 176/439 [00:10<00:15, 17.45it/s]
 41%|############5                  | 178/439 [00:10<00:14, 17.43it/s]
 41%|############7                  | 180/439 [00:10<00:14, 17.32it/s]
 41%|############8                  | 182/439 [00:10<00:14, 17.35it/s]
 42%|############9                  | 184/439 [00:10<00:14, 17.31it/s]
 42%|#############1                 | 186/439 [00:10<00:14, 17.33it/s]
 43%|#############2                 | 188/439 [00:10<00:14, 17.11it/s]
 43%|#############4                 | 190/439 [00:11<00:14, 17.17it/s]
 44%|#############5                 | 192/439 [00:11<00:14, 17.22it/s]
 44%|#############6                 | 194/439 [00:11<00:14, 17.19it/s]
 45%|#############8                 | 196/439 [00:11<00:14, 17.22it/s]
 45%|#############9                 | 198/439 [00:11<00:13, 17.29it/s]
 46%|##############1                | 200/439 [00:11<00:13, 17.44it/s]
 46%|##############2                | 202/439 [00:11<00:13, 17.45it/s]
 46%|##############4                | 204/439 [00:11<00:13, 17.39it/s]
 47%|##############5                | 206/439 [00:12<00:13, 17.36it/s]
 47%|##############6                | 208/439 [00:12<00:13, 17.32it/s]
 48%|##############8                | 210/439 [00:12<00:13, 17.32it/s]
 48%|##############9                | 212/439 [00:12<00:13, 17.25it/s]
 49%|###############1               | 214/439 [00:12<00:13, 17.15it/s]
 49%|###############2               | 216/439 [00:12<00:12, 17.21it/s]
 50%|###############3               | 218/439 [00:12<00:13, 16.73it/s]
 50%|###############5               | 220/439 [00:12<00:12, 16.91it/s]
 51%|###############6               | 222/439 [00:12<00:12, 16.96it/s]
 51%|###############8               | 224/439 [00:13<00:12, 17.04it/s]
 51%|###############9               | 226/439 [00:13<00:12, 16.95it/s]
 52%|################1              | 228/439 [00:13<00:12, 17.02it/s]
 52%|################2              | 230/439 [00:13<00:12, 17.02it/s]
 53%|################3              | 232/439 [00:13<00:12, 17.12it/s]
 53%|################5              | 234/439 [00:13<00:12, 16.99it/s]
 54%|################6              | 236/439 [00:13<00:11, 16.96it/s]
 54%|################8              | 238/439 [00:13<00:11, 16.88it/s]
 55%|################9              | 240/439 [00:14<00:11, 17.05it/s]
 55%|#################              | 242/439 [00:14<00:11, 17.07it/s]
 56%|#################2             | 244/439 [00:14<00:11, 17.17it/s]
 56%|#################3             | 246/439 [00:14<00:11, 17.20it/s]
 56%|#################5             | 248/439 [00:14<00:11, 17.22it/s]
 57%|#################6             | 250/439 [00:14<00:10, 17.22it/s]
 57%|#################7             | 252/439 [00:14<00:10, 17.24it/s]
 58%|#################9             | 254/439 [00:14<00:10, 17.22it/s]
 58%|##################             | 256/439 [00:14<00:10, 17.26it/s]
 59%|##################2            | 258/439 [00:15<00:10, 17.29it/s]
 59%|##################3            | 260/439 [00:15<00:10, 17.26it/s]
 60%|##################5            | 262/439 [00:15<00:10, 17.34it/s]
 60%|##################6            | 264/439 [00:15<00:10, 17.22it/s]
 61%|##################7            | 266/439 [00:15<00:10, 17.15it/s]
 61%|##################9            | 268/439 [00:15<00:09, 17.30it/s]
 62%|###################            | 270/439 [00:15<00:09, 17.38it/s]
 62%|###################2           | 272/439 [00:15<00:09, 17.23it/s]
 62%|###################3           | 274/439 [00:15<00:09, 16.59it/s]
 63%|###################4           | 276/439 [00:16<00:09, 16.78it/s]
 63%|###################6           | 278/439 [00:16<00:09, 16.95it/s]
 64%|###################7           | 280/439 [00:16<00:09, 17.06it/s]
 64%|###################9           | 282/439 [00:16<00:09, 17.13it/s]
 65%|####################           | 284/439 [00:16<00:09, 17.20it/s]
 65%|####################1          | 286/439 [00:16<00:08, 17.28it/s]
 66%|####################3          | 288/439 [00:16<00:08, 17.20it/s]
 66%|####################4          | 290/439 [00:16<00:08, 17.23it/s]
 67%|####################6          | 292/439 [00:17<00:08, 17.47it/s]
 67%|####################7          | 294/439 [00:17<00:08, 17.40it/s]
 67%|####################9          | 296/439 [00:17<00:08, 17.39it/s]
 68%|#####################          | 298/439 [00:17<00:08, 17.30it/s]
 68%|#####################1         | 300/439 [00:17<00:08, 17.29it/s]
 69%|#####################3         | 302/439 [00:17<00:07, 17.34it/s]
 69%|#####################4         | 304/439 [00:17<00:07, 17.36it/s]
 70%|#####################6         | 306/439 [00:17<00:07, 17.38it/s]
 70%|#####################7         | 308/439 [00:17<00:07, 17.26it/s]
 71%|#####################8         | 310/439 [00:18<00:07, 17.46it/s]
 71%|######################         | 312/439 [00:18<00:07, 17.38it/s]
 72%|######################1        | 314/439 [00:18<00:07, 17.28it/s]
 72%|######################3        | 316/439 [00:18<00:07, 17.40it/s]
 72%|######################4        | 318/439 [00:18<00:07, 17.24it/s]
 73%|######################5        | 320/439 [00:18<00:06, 17.27it/s]
 73%|######################7        | 322/439 [00:18<00:06, 17.23it/s]
 74%|######################8        | 324/439 [00:18<00:06, 17.36it/s]
 74%|#######################        | 326/439 [00:18<00:06, 17.38it/s]
 75%|#######################1       | 328/439 [00:19<00:06, 17.51it/s]
 75%|#######################3       | 330/439 [00:19<00:06, 16.82it/s]
 76%|#######################4       | 332/439 [00:19<00:06, 16.94it/s]
 76%|#######################5       | 334/439 [00:19<00:06, 17.09it/s]
 77%|#######################7       | 336/439 [00:19<00:06, 16.42it/s]
 77%|#######################8       | 338/439 [00:19<00:06, 16.69it/s]
 77%|########################       | 340/439 [00:19<00:05, 16.79it/s]
 78%|########################1      | 342/439 [00:19<00:05, 16.95it/s]
 78%|########################2      | 344/439 [00:20<00:05, 16.42it/s]
 79%|########################4      | 346/439 [00:20<00:05, 16.65it/s]
 79%|########################5      | 348/439 [00:20<00:05, 16.85it/s]
 80%|########################7      | 350/439 [00:20<00:05, 16.83it/s]
 80%|########################8      | 352/439 [00:20<00:05, 16.98it/s]
 81%|########################9      | 354/439 [00:20<00:04, 17.05it/s]
 81%|#########################1     | 356/439 [00:20<00:04, 17.27it/s]
 82%|#########################2     | 358/439 [00:20<00:04, 17.33it/s]
 82%|#########################4     | 360/439 [00:20<00:04, 17.30it/s]
 82%|#########################5     | 362/439 [00:21<00:04, 17.24it/s]
 83%|#########################7     | 364/439 [00:21<00:04, 17.37it/s]
 83%|#########################8     | 366/439 [00:21<00:04, 17.39it/s]
 84%|#########################9     | 368/439 [00:21<00:04, 17.41it/s]
 84%|##########################1    | 370/439 [00:21<00:03, 17.40it/s]
 85%|##########################2    | 372/439 [00:21<00:03, 17.40it/s]
 85%|##########################4    | 374/439 [00:21<00:03, 17.42it/s]
 86%|##########################5    | 376/439 [00:22<00:12,  4.92it/s]
 86%|##########################6    | 378/439 [00:23<00:09,  6.27it/s]
 87%|##########################8    | 380/439 [00:23<00:07,  7.59it/s]
 87%|##########################9    | 382/439 [00:23<00:06,  9.14it/s]
 87%|###########################1   | 384/439 [00:23<00:05, 10.03it/s]
 88%|###########################2   | 386/439 [00:23<00:04, 11.48it/s]
 88%|###########################3   | 388/439 [00:23<00:04, 12.45it/s]
 89%|###########################5   | 390/439 [00:23<00:03, 13.58it/s]
 89%|###########################6   | 392/439 [00:23<00:03, 14.42it/s]
 90%|###########################8   | 394/439 [00:24<00:02, 15.13it/s]
 90%|###########################9   | 396/439 [00:24<00:02, 15.45it/s]
 91%|############################1  | 398/439 [00:24<00:02, 16.05it/s]
 91%|############################2  | 400/439 [00:24<00:02, 16.53it/s]
 92%|############################3  | 402/439 [00:24<00:02, 16.18it/s]
 92%|############################5  | 404/439 [00:24<00:02, 16.43it/s]
 92%|############################6  | 406/439 [00:24<00:01, 16.72it/s]
 93%|############################8  | 408/439 [00:24<00:01, 16.92it/s]
 93%|############################9  | 410/439 [00:24<00:01, 17.04it/s]
 94%|#############################  | 412/439 [00:25<00:01, 17.11it/s]
 94%|#############################2 | 414/439 [00:25<00:01, 17.19it/s]
 95%|#############################3 | 416/439 [00:25<00:01, 17.36it/s]
 95%|#############################5 | 418/439 [00:25<00:01, 17.41it/s]
 96%|#############################6 | 420/439 [00:25<00:01, 17.34it/s]
 96%|#############################7 | 422/439 [00:25<00:00, 17.34it/s]
 97%|#############################9 | 424/439 [00:25<00:00, 17.25it/s]
 97%|############################## | 426/439 [00:25<00:00, 17.27it/s]
 97%|##############################2| 428/439 [00:25<00:00, 17.30it/s]
 98%|##############################3| 430/439 [00:26<00:00, 17.33it/s]
 98%|##############################5| 432/439 [00:26<00:00, 17.15it/s]
 99%|##############################6| 434/439 [00:26<00:00, 17.19it/s]
 99%|##############################7| 436/439 [00:26<00:00, 17.22it/s]
100%|##############################9| 438/439 [00:26<00:00, 17.06it/s]
100%|###############################| 439/439 [00:26<00:00, 16.49it/s]
[SEAL Epoch 16] loss=0.5600

[SEAL Epoch 17/20] Run 1/1 - training...

  0%|                                         | 0/439 [00:00<?, ?it/s]
  0%|1                                | 2/439 [00:00<00:33, 13.23it/s]
  1%|3                                | 4/439 [00:00<00:28, 15.32it/s]
  1%|4                                | 6/439 [00:00<00:26, 16.10it/s]
  2%|6                                | 8/439 [00:00<00:26, 16.57it/s]
  2%|7                               | 10/439 [00:00<00:25, 16.66it/s]
  3%|8                               | 12/439 [00:00<00:25, 16.89it/s]
  3%|#                               | 14/439 [00:00<00:24, 17.05it/s]
  4%|#1                              | 16/439 [00:00<00:24, 17.13it/s]
  4%|#3                              | 18/439 [00:01<00:24, 17.21it/s]
  5%|#4                              | 20/439 [00:01<00:24, 17.13it/s]
  5%|#6                              | 22/439 [00:01<00:24, 17.30it/s]
  5%|#7                              | 24/439 [00:01<00:25, 16.49it/s]
  6%|#8                              | 26/439 [00:01<00:24, 16.62it/s]
  6%|##                              | 28/439 [00:01<00:24, 16.79it/s]
  7%|##1                             | 30/439 [00:01<00:24, 16.96it/s]
  7%|##3                             | 32/439 [00:01<00:23, 17.08it/s]
  8%|##4                             | 34/439 [00:02<00:23, 17.12it/s]
  8%|##6                             | 36/439 [00:02<00:23, 16.98it/s]
  9%|##7                             | 38/439 [00:02<00:23, 17.06it/s]
  9%|##9                             | 40/439 [00:02<00:23, 17.15it/s]
 10%|###                             | 42/439 [00:02<00:22, 17.29it/s]
 10%|###2                            | 44/439 [00:02<00:22, 17.28it/s]
 10%|###3                            | 46/439 [00:02<00:22, 17.39it/s]
 11%|###4                            | 48/439 [00:02<00:22, 17.32it/s]
 11%|###6                            | 50/439 [00:02<00:22, 17.26it/s]
 12%|###7                            | 52/439 [00:03<00:22, 17.24it/s]
 12%|###9                            | 54/439 [00:03<00:22, 17.21it/s]
 13%|####                            | 56/439 [00:03<00:22, 17.22it/s]
 13%|####2                           | 58/439 [00:03<00:22, 17.20it/s]
 14%|####3                           | 60/439 [00:03<00:22, 17.17it/s]
 14%|####5                           | 62/439 [00:03<00:21, 17.15it/s]
 15%|####6                           | 64/439 [00:03<00:21, 17.27it/s]
 15%|####8                           | 66/439 [00:03<00:21, 17.26it/s]
 15%|####9                           | 68/439 [00:03<00:21, 17.23it/s]
 16%|#####1                          | 70/439 [00:04<00:21, 17.25it/s]
 16%|#####2                          | 72/439 [00:04<00:21, 17.22it/s]
 17%|#####3                          | 74/439 [00:04<00:21, 17.27it/s]
 17%|#####5                          | 76/439 [00:04<00:20, 17.30it/s]
 18%|#####6                          | 78/439 [00:04<00:20, 17.25it/s]
 18%|#####8                          | 80/439 [00:04<00:20, 17.26it/s]
 19%|#####9                          | 82/439 [00:04<00:20, 17.32it/s]
 19%|######1                         | 84/439 [00:04<00:20, 17.28it/s]
 20%|######2                         | 86/439 [00:05<00:20, 17.29it/s]
 20%|######4                         | 88/439 [00:05<00:20, 17.26it/s]
 21%|######5                         | 90/439 [00:05<00:20, 17.31it/s]
 21%|######7                         | 92/439 [00:05<00:20, 17.08it/s]
 21%|######8                         | 94/439 [00:05<00:20, 17.05it/s]
 22%|######9                         | 96/439 [00:05<00:20, 17.14it/s]
 22%|#######1                        | 98/439 [00:05<00:19, 17.13it/s]
 23%|#######                        | 100/439 [00:05<00:19, 17.06it/s]
 23%|#######2                       | 102/439 [00:05<00:20, 16.21it/s]
 24%|#######3                       | 104/439 [00:06<00:20, 16.40it/s]
 24%|#######4                       | 106/439 [00:06<00:20, 16.45it/s]
 25%|#######6                       | 108/439 [00:06<00:19, 16.64it/s]
 25%|#######7                       | 110/439 [00:06<00:19, 16.84it/s]
 26%|#######9                       | 112/439 [00:06<00:19, 16.99it/s]
 26%|########                       | 114/439 [00:06<00:19, 16.92it/s]
 26%|########1                      | 116/439 [00:06<00:19, 16.91it/s]
 27%|########3                      | 118/439 [00:06<00:18, 16.91it/s]
 27%|########4                      | 120/439 [00:07<00:18, 16.81it/s]
 28%|########6                      | 122/439 [00:07<00:18, 16.79it/s]
 28%|########7                      | 124/439 [00:07<00:18, 16.93it/s]
 29%|########8                      | 126/439 [00:07<00:19, 16.02it/s]
 29%|#########                      | 128/439 [00:07<00:19, 16.33it/s]
 30%|#########1                     | 130/439 [00:07<00:18, 16.62it/s]
 30%|#########3                     | 132/439 [00:07<00:18, 16.84it/s]
 31%|#########4                     | 134/439 [00:07<00:17, 16.95it/s]
 31%|#########6                     | 136/439 [00:08<00:17, 17.13it/s]
 31%|#########7                     | 138/439 [00:08<00:17, 16.74it/s]
 32%|#########8                     | 140/439 [00:08<00:17, 16.82it/s]
 32%|##########                     | 142/439 [00:08<00:17, 16.98it/s]
 33%|##########1                    | 144/439 [00:08<00:18, 16.25it/s]
 33%|##########3                    | 146/439 [00:08<00:18, 15.82it/s]
 34%|##########4                    | 148/439 [00:08<00:17, 16.26it/s]
 34%|##########5                    | 150/439 [00:08<00:17, 16.61it/s]
 35%|##########7                    | 152/439 [00:09<00:18, 15.52it/s]
 35%|##########8                    | 154/439 [00:09<00:18, 15.47it/s]
 36%|###########                    | 156/439 [00:09<00:17, 15.97it/s]
 36%|###########1                   | 158/439 [00:09<00:17, 16.36it/s]
 36%|###########2                   | 160/439 [00:09<00:16, 16.73it/s]
 37%|###########4                   | 162/439 [00:09<00:16, 16.82it/s]
 37%|###########5                   | 164/439 [00:09<00:16, 16.81it/s]
 38%|###########7                   | 166/439 [00:09<00:16, 16.93it/s]
 38%|###########8                   | 168/439 [00:09<00:15, 16.95it/s]
 39%|############                   | 170/439 [00:10<00:15, 17.14it/s]
 39%|############1                  | 172/439 [00:10<00:15, 17.23it/s]
 40%|############2                  | 174/439 [00:10<00:15, 17.29it/s]
 40%|############4                  | 176/439 [00:10<00:15, 17.25it/s]
 41%|############5                  | 178/439 [00:10<00:15, 17.23it/s]
 41%|############7                  | 180/439 [00:10<00:14, 17.33it/s]
 41%|############8                  | 182/439 [00:10<00:14, 17.28it/s]
 42%|############9                  | 184/439 [00:10<00:14, 17.29it/s]
 42%|#############1                 | 186/439 [00:11<00:14, 17.31it/s]
 43%|#############2                 | 188/439 [00:11<00:14, 17.30it/s]
 43%|#############4                 | 190/439 [00:11<00:14, 17.31it/s]
 44%|#############5                 | 192/439 [00:11<00:14, 17.31it/s]
 44%|#############6                 | 194/439 [00:11<00:14, 17.30it/s]
 45%|#############8                 | 196/439 [00:11<00:13, 17.36it/s]
 45%|#############9                 | 198/439 [00:11<00:13, 17.31it/s]
 46%|##############1                | 200/439 [00:11<00:13, 17.32it/s]
 46%|##############2                | 202/439 [00:11<00:13, 17.33it/s]
 46%|##############4                | 204/439 [00:12<00:13, 17.40it/s]
 47%|##############5                | 206/439 [00:12<00:13, 17.36it/s]
 47%|##############6                | 208/439 [00:12<00:13, 17.48it/s]
 48%|##############8                | 210/439 [00:12<00:13, 17.44it/s]
 48%|##############9                | 212/439 [00:12<00:13, 17.44it/s]
 49%|###############1               | 214/439 [00:12<00:12, 17.33it/s]
 49%|###############2               | 216/439 [00:12<00:12, 17.30it/s]
 50%|###############3               | 218/439 [00:12<00:12, 17.33it/s]
 50%|###############5               | 220/439 [00:12<00:12, 17.27it/s]
 51%|###############6               | 222/439 [00:13<00:12, 17.24it/s]
 51%|###############8               | 224/439 [00:13<00:12, 17.21it/s]
 51%|###############9               | 226/439 [00:13<00:12, 17.37it/s]
 52%|################1              | 228/439 [00:13<00:12, 17.34it/s]
 52%|################2              | 230/439 [00:13<00:12, 17.27it/s]
 53%|################3              | 232/439 [00:13<00:11, 17.26it/s]
 53%|################5              | 234/439 [00:13<00:11, 17.24it/s]
 54%|################6              | 236/439 [00:13<00:11, 17.27it/s]
 54%|################8              | 238/439 [00:14<00:11, 17.28it/s]
 55%|################9              | 240/439 [00:14<00:11, 17.35it/s]
 55%|#################              | 242/439 [00:14<00:11, 17.32it/s]
 56%|#################2             | 244/439 [00:14<00:11, 17.39it/s]
 56%|#################3             | 246/439 [00:14<00:11, 17.33it/s]
 56%|#################5             | 248/439 [00:14<00:11, 17.31it/s]
 57%|#################6             | 250/439 [00:14<00:10, 17.31it/s]
 57%|#################7             | 252/439 [00:14<00:10, 17.40it/s]
 58%|#################9             | 254/439 [00:14<00:10, 17.47it/s]
 58%|##################             | 256/439 [00:15<00:10, 17.49it/s]
 59%|##################2            | 258/439 [00:15<00:10, 17.48it/s]
 59%|##################3            | 260/439 [00:15<00:10, 17.53it/s]
 60%|##################5            | 262/439 [00:15<00:10, 17.51it/s]
 60%|##################6            | 264/439 [00:15<00:10, 17.49it/s]
 61%|##################7            | 266/439 [00:15<00:09, 17.51it/s]
 61%|##################9            | 268/439 [00:15<00:09, 17.41it/s]
 62%|###################            | 270/439 [00:15<00:09, 17.43it/s]
 62%|###################2           | 272/439 [00:15<00:09, 17.41it/s]
 62%|###################3           | 274/439 [00:16<00:09, 17.42it/s]
 63%|###################4           | 276/439 [00:16<00:09, 17.41it/s]
 63%|###################6           | 278/439 [00:16<00:09, 17.54it/s]
 64%|###################7           | 280/439 [00:16<00:09, 17.61it/s]
 64%|###################9           | 282/439 [00:16<00:08, 17.65it/s]
 65%|####################           | 284/439 [00:16<00:08, 17.61it/s]
 65%|####################1          | 286/439 [00:16<00:08, 17.56it/s]
 66%|####################3          | 288/439 [00:16<00:08, 17.50it/s]
 66%|####################4          | 290/439 [00:16<00:08, 17.47it/s]
 67%|####################6          | 292/439 [00:17<00:08, 17.49it/s]
 67%|####################7          | 294/439 [00:17<00:08, 17.45it/s]
 67%|####################9          | 296/439 [00:17<00:08, 17.41it/s]
 68%|#####################          | 298/439 [00:17<00:08, 17.44it/s]
 68%|#####################1         | 300/439 [00:17<00:07, 17.43it/s]
 69%|#####################3         | 302/439 [00:17<00:07, 17.36it/s]
 69%|#####################4         | 304/439 [00:17<00:07, 17.42it/s]
 70%|#####################6         | 306/439 [00:17<00:07, 17.49it/s]
 70%|#####################7         | 308/439 [00:18<00:07, 17.50it/s]
 71%|#####################8         | 310/439 [00:18<00:07, 17.47it/s]
 71%|######################         | 312/439 [00:18<00:07, 17.42it/s]
 72%|######################1        | 314/439 [00:18<00:07, 17.52it/s]
 72%|######################3        | 316/439 [00:18<00:07, 17.53it/s]
 72%|######################4        | 318/439 [00:18<00:06, 17.50it/s]
 73%|######################5        | 320/439 [00:18<00:06, 17.44it/s]
 73%|######################7        | 322/439 [00:18<00:06, 17.41it/s]
 74%|######################8        | 324/439 [00:18<00:06, 17.39it/s]
 74%|#######################        | 326/439 [00:19<00:06, 17.34it/s]
 75%|#######################1       | 328/439 [00:19<00:06, 17.32it/s]
 75%|#######################3       | 330/439 [00:19<00:06, 17.29it/s]
 76%|#######################4       | 332/439 [00:19<00:06, 17.19it/s]
 76%|#######################5       | 334/439 [00:19<00:06, 17.14it/s]
 77%|#######################7       | 336/439 [00:19<00:05, 17.24it/s]
 77%|#######################8       | 338/439 [00:19<00:05, 17.19it/s]
 77%|########################       | 340/439 [00:19<00:05, 17.20it/s]
 78%|########################1      | 342/439 [00:19<00:05, 17.21it/s]
 78%|########################2      | 344/439 [00:20<00:05, 17.21it/s]
 79%|########################4      | 346/439 [00:20<00:05, 17.23it/s]
 79%|########################5      | 348/439 [00:20<00:05, 16.72it/s]
 80%|########################7      | 350/439 [00:20<00:05, 16.86it/s]
 80%|########################8      | 352/439 [00:20<00:05, 17.04it/s]
 81%|########################9      | 354/439 [00:20<00:04, 17.10it/s]
 81%|#########################1     | 356/439 [00:20<00:04, 17.18it/s]
 82%|#########################2     | 358/439 [00:20<00:04, 17.20it/s]
 82%|#########################4     | 360/439 [00:21<00:04, 17.23it/s]
 82%|#########################5     | 362/439 [00:21<00:04, 17.25it/s]
 83%|#########################7     | 364/439 [00:21<00:04, 17.27it/s]
 83%|#########################8     | 366/439 [00:21<00:04, 17.30it/s]
 84%|#########################9     | 368/439 [00:21<00:04, 17.46it/s]
 84%|##########################1    | 370/439 [00:21<00:03, 17.49it/s]
 85%|##########################2    | 372/439 [00:21<00:04, 15.64it/s]
 85%|##########################4    | 374/439 [00:21<00:04, 16.11it/s]
 86%|##########################5    | 376/439 [00:21<00:03, 16.44it/s]
 86%|##########################6    | 378/439 [00:22<00:03, 16.01it/s]
 87%|##########################8    | 380/439 [00:22<00:03, 16.37it/s]
 87%|##########################9    | 382/439 [00:22<00:03, 15.49it/s]
 87%|###########################1   | 384/439 [00:22<00:03, 16.04it/s]
 88%|###########################2   | 386/439 [00:22<00:03, 16.39it/s]
 88%|###########################3   | 388/439 [00:22<00:03, 16.63it/s]
 89%|###########################5   | 390/439 [00:22<00:03, 15.65it/s]
 89%|###########################6   | 392/439 [00:22<00:02, 16.15it/s]
 90%|###########################8   | 394/439 [00:23<00:02, 16.47it/s]
 90%|###########################9   | 396/439 [00:23<00:02, 15.78it/s]
 91%|############################1  | 398/439 [00:23<00:02, 16.24it/s]
 91%|############################2  | 400/439 [00:23<00:02, 16.58it/s]
 92%|############################3  | 402/439 [00:23<00:02, 16.77it/s]
 92%|############################5  | 404/439 [00:23<00:02, 16.91it/s]
 92%|############################6  | 406/439 [00:23<00:01, 17.03it/s]
 93%|############################8  | 408/439 [00:23<00:01, 16.38it/s]
 93%|############################9  | 410/439 [00:24<00:01, 16.72it/s]
 94%|#############################  | 412/439 [00:24<00:01, 16.87it/s]
 94%|#############################2 | 414/439 [00:24<00:01, 17.01it/s]
 95%|#############################3 | 416/439 [00:24<00:01, 17.16it/s]
 95%|#############################5 | 418/439 [00:24<00:01, 17.30it/s]
 96%|#############################6 | 420/439 [00:24<00:01, 17.28it/s]
 96%|#############################7 | 422/439 [00:24<00:00, 17.33it/s]
 97%|#############################9 | 424/439 [00:24<00:00, 17.40it/s]
 97%|############################## | 426/439 [00:24<00:00, 17.36it/s]
 97%|##############################2| 428/439 [00:25<00:00, 17.41it/s]
 98%|##############################3| 430/439 [00:25<00:00, 17.37it/s]
 98%|##############################5| 432/439 [00:25<00:00, 17.32it/s]
 99%|##############################6| 434/439 [00:25<00:00, 17.47it/s]
 99%|##############################7| 436/439 [00:25<00:00, 17.53it/s]
100%|##############################9| 438/439 [00:25<00:00, 17.48it/s]
100%|###############################| 439/439 [00:25<00:00, 17.06it/s]
[SEAL Epoch 17] loss=0.5599

[SEAL Epoch 18/20] Run 1/1 - training...

  0%|                                         | 0/439 [00:00<?, ?it/s]
  0%|1                                | 2/439 [00:00<00:27, 15.64it/s]
  1%|3                                | 4/439 [00:00<00:26, 16.52it/s]
  1%|4                                | 6/439 [00:00<00:25, 16.86it/s]
  2%|6                                | 8/439 [00:00<00:25, 16.98it/s]
  2%|7                               | 10/439 [00:00<00:25, 17.09it/s]
  3%|8                               | 12/439 [00:00<00:24, 17.16it/s]
  3%|#                               | 14/439 [00:00<00:24, 17.33it/s]
  4%|#1                              | 16/439 [00:00<00:24, 17.32it/s]
  4%|#3                              | 18/439 [00:01<00:24, 17.16it/s]
  5%|#4                              | 20/439 [00:01<00:24, 17.14it/s]
  5%|#6                              | 22/439 [00:01<00:24, 17.17it/s]
  5%|#7                              | 24/439 [00:01<00:24, 17.27it/s]
  6%|#8                              | 26/439 [00:01<00:23, 17.21it/s]
  6%|##                              | 28/439 [00:01<00:23, 17.20it/s]
  7%|##1                             | 30/439 [00:01<00:24, 16.64it/s]
  7%|##3                             | 32/439 [00:01<00:24, 16.76it/s]
  8%|##4                             | 34/439 [00:01<00:23, 16.97it/s]
  8%|##6                             | 36/439 [00:02<00:23, 17.03it/s]
  9%|##7                             | 38/439 [00:02<00:23, 17.04it/s]
  9%|##9                             | 40/439 [00:02<00:23, 17.12it/s]
 10%|###                             | 42/439 [00:02<00:23, 17.17it/s]
 10%|###2                            | 44/439 [00:02<00:22, 17.21it/s]
 10%|###3                            | 46/439 [00:02<00:22, 17.30it/s]
 11%|###4                            | 48/439 [00:02<00:22, 17.35it/s]
 11%|###6                            | 50/439 [00:02<00:22, 17.25it/s]
 12%|###7                            | 52/439 [00:03<00:22, 17.19it/s]
 12%|###9                            | 54/439 [00:03<00:22, 17.22it/s]
 13%|####                            | 56/439 [00:03<00:22, 17.28it/s]
 13%|####2                           | 58/439 [00:03<00:22, 17.21it/s]
 14%|####3                           | 60/439 [00:03<00:22, 17.21it/s]
 14%|####5                           | 62/439 [00:03<00:22, 17.06it/s]
 15%|####6                           | 64/439 [00:03<00:21, 17.18it/s]
 15%|####8                           | 66/439 [00:03<00:21, 17.17it/s]
 15%|####9                           | 68/439 [00:03<00:21, 17.13it/s]
 16%|#####1                          | 70/439 [00:04<00:21, 17.16it/s]
 16%|#####2                          | 72/439 [00:04<00:21, 17.24it/s]
 17%|#####3                          | 74/439 [00:04<00:21, 17.30it/s]
 17%|#####5                          | 76/439 [00:04<00:21, 17.26it/s]
 18%|#####6                          | 78/439 [00:04<00:20, 17.23it/s]
 18%|#####8                          | 80/439 [00:04<00:20, 17.20it/s]
 19%|#####9                          | 82/439 [00:04<00:20, 17.27it/s]
 19%|######1                         | 84/439 [00:04<00:20, 17.30it/s]
 20%|######2                         | 86/439 [00:05<00:20, 17.44it/s]
 20%|######4                         | 88/439 [00:05<00:20, 17.43it/s]
 21%|######5                         | 90/439 [00:05<00:20, 17.39it/s]
 21%|######7                         | 92/439 [00:05<00:19, 17.37it/s]
 21%|######8                         | 94/439 [00:05<00:19, 17.37it/s]
 22%|######9                         | 96/439 [00:05<00:19, 17.39it/s]
 22%|#######1                        | 98/439 [00:05<00:19, 17.42it/s]
 23%|#######                        | 100/439 [00:05<00:19, 17.43it/s]
 23%|#######2                       | 102/439 [00:05<00:19, 17.36it/s]
 24%|#######3                       | 104/439 [00:06<00:19, 17.13it/s]
 24%|#######4                       | 106/439 [00:06<00:19, 17.20it/s]
 25%|#######6                       | 108/439 [00:06<00:19, 17.20it/s]
 25%|#######7                       | 110/439 [00:06<00:19, 17.20it/s]
 26%|#######9                       | 112/439 [00:06<00:18, 17.25it/s]
 26%|########                       | 114/439 [00:06<00:18, 17.33it/s]
 26%|########1                      | 116/439 [00:06<00:18, 17.31it/s]
 27%|########3                      | 118/439 [00:06<00:18, 17.24it/s]
 27%|########4                      | 120/439 [00:06<00:18, 17.26it/s]
 28%|########6                      | 122/439 [00:07<00:18, 17.21it/s]
 28%|########7                      | 124/439 [00:07<00:18, 17.20it/s]
 29%|########8                      | 126/439 [00:07<00:18, 17.25it/s]
 29%|#########                      | 128/439 [00:07<00:17, 17.33it/s]
 30%|#########1                     | 130/439 [00:07<00:17, 17.31it/s]
 30%|#########3                     | 132/439 [00:07<00:17, 17.28it/s]
 31%|#########4                     | 134/439 [00:07<00:17, 17.15it/s]
 31%|#########6                     | 136/439 [00:07<00:17, 17.13it/s]
 31%|#########7                     | 138/439 [00:08<00:17, 17.20it/s]
 32%|#########8                     | 140/439 [00:08<00:17, 17.36it/s]
 32%|##########                     | 142/439 [00:08<00:17, 17.34it/s]
 33%|##########1                    | 144/439 [00:08<00:17, 17.31it/s]
 33%|##########3                    | 146/439 [00:08<00:17, 17.10it/s]
 34%|##########4                    | 148/439 [00:08<00:16, 17.13it/s]
 34%|##########5                    | 150/439 [00:08<00:16, 17.28it/s]
 35%|##########7                    | 152/439 [00:08<00:16, 17.31it/s]
 35%|##########8                    | 154/439 [00:08<00:16, 17.33it/s]
 36%|###########                    | 156/439 [00:09<00:16, 17.34it/s]
 36%|###########1                   | 158/439 [00:09<00:16, 17.25it/s]
 36%|###########2                   | 160/439 [00:09<00:16, 17.30it/s]
 37%|###########4                   | 162/439 [00:09<00:16, 17.26it/s]
 37%|###########5                   | 164/439 [00:09<00:15, 17.22it/s]
 38%|###########7                   | 166/439 [00:09<00:15, 17.26it/s]
 38%|###########8                   | 168/439 [00:09<00:16, 16.44it/s]
 39%|############                   | 170/439 [00:09<00:16, 16.67it/s]
 39%|############1                  | 172/439 [00:10<00:15, 16.85it/s]
 40%|############2                  | 174/439 [00:10<00:15, 16.94it/s]
 40%|############4                  | 176/439 [00:10<00:15, 16.95it/s]
 41%|############5                  | 178/439 [00:10<00:15, 17.03it/s]
 41%|############7                  | 180/439 [00:10<00:15, 17.08it/s]
 41%|############8                  | 182/439 [00:10<00:15, 17.11it/s]
 42%|############9                  | 184/439 [00:10<00:14, 17.14it/s]
 42%|#############1                 | 186/439 [00:10<00:14, 17.13it/s]
 43%|#############2                 | 188/439 [00:10<00:14, 17.03it/s]
 43%|#############4                 | 190/439 [00:11<00:14, 17.20it/s]
 44%|#############5                 | 192/439 [00:11<00:14, 17.31it/s]
 44%|#############6                 | 194/439 [00:11<00:14, 17.38it/s]
 45%|#############8                 | 196/439 [00:11<00:13, 17.40it/s]
 45%|#############9                 | 198/439 [00:11<00:13, 17.37it/s]
 46%|##############1                | 200/439 [00:11<00:13, 17.42it/s]
 46%|##############2                | 202/439 [00:11<00:13, 17.41it/s]
 46%|##############4                | 204/439 [00:11<00:13, 17.32it/s]
 47%|##############5                | 206/439 [00:11<00:13, 17.31it/s]
 47%|##############6                | 208/439 [00:12<00:13, 17.30it/s]
 48%|##############8                | 210/439 [00:12<00:13, 17.26it/s]
 48%|##############9                | 212/439 [00:12<00:13, 17.25it/s]
 49%|###############1               | 214/439 [00:12<00:13, 17.27it/s]
 49%|###############2               | 216/439 [00:12<00:12, 17.41it/s]
 50%|###############3               | 218/439 [00:12<00:12, 17.43it/s]
 50%|###############5               | 220/439 [00:12<00:12, 17.42it/s]
 51%|###############6               | 222/439 [00:12<00:12, 17.44it/s]
 51%|###############8               | 224/439 [00:13<00:12, 17.47it/s]
 51%|###############9               | 226/439 [00:13<00:12, 17.41it/s]
 52%|################1              | 228/439 [00:13<00:12, 17.32it/s]
 52%|################2              | 230/439 [00:13<00:12, 17.26it/s]
 53%|################3              | 232/439 [00:13<00:11, 17.31it/s]
 53%|################5              | 234/439 [00:13<00:11, 17.30it/s]
 54%|################6              | 236/439 [00:13<00:11, 17.32it/s]
 54%|################8              | 238/439 [00:13<00:11, 17.36it/s]
 55%|################9              | 240/439 [00:13<00:11, 17.39it/s]
 55%|#################              | 242/439 [00:14<00:11, 17.45it/s]
 56%|#################2             | 244/439 [00:14<00:11, 17.38it/s]
 56%|#################3             | 246/439 [00:14<00:11, 17.45it/s]
 56%|#################5             | 248/439 [00:14<00:10, 17.42it/s]
 57%|#################6             | 250/439 [00:14<00:10, 17.40it/s]
 57%|#################7             | 252/439 [00:14<00:10, 17.37it/s]
 58%|#################9             | 254/439 [00:14<00:10, 17.41it/s]
 58%|##################             | 256/439 [00:14<00:10, 17.38it/s]
 59%|##################2            | 258/439 [00:14<00:10, 17.39it/s]
 59%|##################3            | 260/439 [00:15<00:10, 17.36it/s]
 60%|##################5            | 262/439 [00:15<00:10, 17.33it/s]
 60%|##################6            | 264/439 [00:15<00:10, 17.45it/s]
 61%|##################7            | 266/439 [00:15<00:09, 17.43it/s]
 61%|##################9            | 268/439 [00:15<00:09, 17.53it/s]
 62%|###################            | 270/439 [00:15<00:09, 17.47it/s]
 62%|###################2           | 272/439 [00:15<00:09, 17.34it/s]
 62%|###################3           | 274/439 [00:15<00:09, 17.25it/s]
 63%|###################4           | 276/439 [00:16<00:09, 17.24it/s]
 63%|###################6           | 278/439 [00:16<00:09, 17.24it/s]
 64%|###################7           | 280/439 [00:16<00:09, 17.24it/s]
 64%|###################9           | 282/439 [00:16<00:09, 17.38it/s]
 65%|####################           | 284/439 [00:16<00:08, 17.33it/s]
 65%|####################1          | 286/439 [00:16<00:08, 17.38it/s]
 66%|####################3          | 288/439 [00:16<00:08, 17.35it/s]
 66%|####################4          | 290/439 [00:16<00:08, 17.40it/s]
 67%|####################6          | 292/439 [00:16<00:08, 17.38it/s]
 67%|####################7          | 294/439 [00:17<00:08, 17.34it/s]
 67%|####################9          | 296/439 [00:17<00:08, 17.32it/s]
 68%|#####################          | 298/439 [00:17<00:08, 17.20it/s]
 68%|#####################1         | 300/439 [00:17<00:08, 17.21it/s]
 69%|#####################3         | 302/439 [00:17<00:07, 17.25it/s]
 69%|#####################4         | 304/439 [00:17<00:07, 17.22it/s]
 70%|#####################6         | 306/439 [00:17<00:07, 17.24it/s]
 70%|#####################7         | 308/439 [00:17<00:07, 17.21it/s]
 71%|#####################8         | 310/439 [00:17<00:07, 17.25it/s]
 71%|######################         | 312/439 [00:18<00:07, 17.33it/s]
 72%|######################1        | 314/439 [00:18<00:07, 17.29it/s]
 72%|######################3        | 316/439 [00:18<00:07, 17.23it/s]
 72%|######################4        | 318/439 [00:18<00:07, 17.17it/s]
 73%|######################5        | 320/439 [00:18<00:06, 17.14it/s]
 73%|######################7        | 322/439 [00:18<00:06, 17.05it/s]
 74%|######################8        | 324/439 [00:18<00:06, 16.89it/s]
 74%|#######################        | 326/439 [00:18<00:06, 16.77it/s]
 75%|#######################1       | 328/439 [00:19<00:06, 16.74it/s]
 75%|#######################3       | 330/439 [00:19<00:06, 16.73it/s]
 76%|#######################4       | 332/439 [00:19<00:06, 16.91it/s]
 76%|#######################5       | 334/439 [00:19<00:06, 17.02it/s]
 77%|#######################7       | 336/439 [00:19<00:05, 17.27it/s]
 77%|#######################8       | 338/439 [00:19<00:05, 17.33it/s]
 77%|########################       | 340/439 [00:19<00:05, 17.36it/s]
 78%|########################1      | 342/439 [00:19<00:05, 17.28it/s]
 78%|########################2      | 344/439 [00:19<00:05, 17.23it/s]
 79%|########################4      | 346/439 [00:20<00:05, 17.29it/s]
 79%|########################5      | 348/439 [00:20<00:05, 17.38it/s]
 80%|########################7      | 350/439 [00:20<00:05, 17.29it/s]
 80%|########################8      | 352/439 [00:20<00:05, 17.22it/s]
 81%|########################9      | 354/439 [00:20<00:04, 17.28it/s]
 81%|#########################1     | 356/439 [00:20<00:04, 17.09it/s]
 82%|#########################2     | 358/439 [00:20<00:04, 17.33it/s]
 82%|#########################4     | 360/439 [00:20<00:04, 17.37it/s]
 82%|#########################5     | 362/439 [00:21<00:04, 17.34it/s]
 83%|#########################7     | 364/439 [00:21<00:04, 15.90it/s]
 83%|#########################8     | 366/439 [00:21<00:04, 16.40it/s]
 84%|#########################9     | 368/439 [00:21<00:04, 16.66it/s]
 84%|##########################1    | 370/439 [00:21<00:04, 16.85it/s]
 85%|##########################2    | 372/439 [00:21<00:03, 16.95it/s]
 85%|##########################4    | 374/439 [00:21<00:03, 17.07it/s]
 86%|##########################5    | 376/439 [00:21<00:03, 17.11it/s]
 86%|##########################6    | 378/439 [00:21<00:03, 17.09it/s]
 87%|##########################8    | 380/439 [00:22<00:03, 17.18it/s]
 87%|##########################9    | 382/439 [00:22<00:03, 17.19it/s]
 87%|###########################1   | 384/439 [00:22<00:03, 17.15it/s]
 88%|###########################2   | 386/439 [00:22<00:03, 17.21it/s]
 88%|###########################3   | 388/439 [00:22<00:02, 17.34it/s]
 89%|###########################5   | 390/439 [00:22<00:02, 17.35it/s]
 89%|###########################6   | 392/439 [00:22<00:02, 17.38it/s]
 90%|###########################8   | 394/439 [00:22<00:02, 17.25it/s]
 90%|###########################9   | 396/439 [00:23<00:02, 17.32it/s]
 91%|############################1  | 398/439 [00:23<00:02, 17.16it/s]
 91%|############################2  | 400/439 [00:23<00:02, 17.16it/s]
 92%|############################3  | 402/439 [00:23<00:02, 17.16it/s]
 92%|############################5  | 404/439 [00:23<00:02, 17.19it/s]
 92%|############################6  | 406/439 [00:23<00:01, 17.35it/s]
 93%|############################8  | 408/439 [00:23<00:01, 17.29it/s]
 93%|############################9  | 410/439 [00:23<00:01, 17.26it/s]
 94%|#############################  | 412/439 [00:23<00:01, 17.29it/s]
 94%|#############################2 | 414/439 [00:24<00:01, 17.25it/s]
 95%|#############################3 | 416/439 [00:24<00:01, 17.32it/s]
 95%|#############################5 | 418/439 [00:24<00:01, 17.30it/s]
 96%|#############################6 | 420/439 [00:24<00:01, 17.30it/s]
 96%|#############################7 | 422/439 [00:24<00:00, 17.31it/s]
 97%|#############################9 | 424/439 [00:24<00:00, 17.39it/s]
 97%|############################## | 426/439 [00:24<00:00, 17.29it/s]
 97%|##############################2| 428/439 [00:24<00:00, 17.26it/s]
 98%|##############################3| 430/439 [00:24<00:00, 17.29it/s]
 98%|##############################5| 432/439 [00:25<00:00, 17.27it/s]
 99%|##############################6| 434/439 [00:25<00:00, 17.30it/s]
 99%|##############################7| 436/439 [00:25<00:00, 17.24it/s]
100%|##############################9| 438/439 [00:25<00:00, 17.14it/s]
100%|###############################| 439/439 [00:25<00:00, 17.22it/s]
[SEAL Epoch 18] loss=0.5597

[SEAL Epoch 19/20] Run 1/1 - training...

  0%|                                         | 0/439 [00:00<?, ?it/s]
  0%|1                                | 2/439 [00:00<00:29, 14.83it/s]
  1%|3                                | 4/439 [00:00<00:26, 16.12it/s]
  1%|4                                | 6/439 [00:00<00:26, 16.57it/s]
  2%|6                                | 8/439 [00:00<00:25, 16.74it/s]
  2%|7                               | 10/439 [00:00<00:25, 16.87it/s]
  3%|8                               | 12/439 [00:00<00:24, 17.18it/s]
  3%|#                               | 14/439 [00:00<00:24, 17.22it/s]
  4%|#1                              | 16/439 [00:00<00:24, 17.33it/s]
  4%|#3                              | 18/439 [00:01<00:24, 17.41it/s]
  5%|#4                              | 20/439 [00:01<00:24, 17.26it/s]
  5%|#6                              | 22/439 [00:01<00:24, 17.16it/s]
  5%|#7                              | 24/439 [00:01<00:23, 17.31it/s]
  6%|#8                              | 26/439 [00:01<00:23, 17.29it/s]
  6%|##                              | 28/439 [00:01<00:23, 17.37it/s]
  7%|##1                             | 30/439 [00:01<00:23, 17.58it/s]
  7%|##3                             | 32/439 [00:01<00:23, 17.62it/s]
  8%|##4                             | 34/439 [00:01<00:22, 17.63it/s]
  8%|##6                             | 36/439 [00:02<00:22, 17.63it/s]
  9%|##7                             | 38/439 [00:02<00:23, 17.43it/s]
  9%|##9                             | 40/439 [00:02<00:22, 17.35it/s]
 10%|###                             | 42/439 [00:02<00:22, 17.36it/s]
 10%|###2                            | 44/439 [00:02<00:22, 17.26it/s]
 10%|###3                            | 46/439 [00:02<00:22, 17.30it/s]
 11%|###4                            | 48/439 [00:02<00:22, 17.30it/s]
 11%|###6                            | 50/439 [00:02<00:22, 17.46it/s]
 12%|###7                            | 52/439 [00:03<00:23, 16.80it/s]
 12%|###9                            | 54/439 [00:03<00:22, 17.02it/s]
 13%|####                            | 56/439 [00:03<00:22, 17.15it/s]
 13%|####2                           | 58/439 [00:03<00:22, 17.14it/s]
 14%|####3                           | 60/439 [00:03<00:22, 17.20it/s]
 14%|####5                           | 62/439 [00:03<00:21, 17.30it/s]
 15%|####6                           | 64/439 [00:03<00:21, 17.25it/s]
 15%|####8                           | 66/439 [00:03<00:21, 17.28it/s]
 15%|####9                           | 68/439 [00:03<00:21, 17.31it/s]
 16%|#####1                          | 70/439 [00:04<00:21, 17.21it/s]
 16%|#####2                          | 72/439 [00:04<00:21, 17.36it/s]
 17%|#####3                          | 74/439 [00:04<00:21, 17.38it/s]
 17%|#####5                          | 76/439 [00:04<00:20, 17.35it/s]
 18%|#####6                          | 78/439 [00:04<00:20, 17.37it/s]
 18%|#####8                          | 80/439 [00:04<00:20, 17.42it/s]
 19%|#####9                          | 82/439 [00:04<00:20, 17.44it/s]
 19%|######1                         | 84/439 [00:04<00:20, 17.41it/s]
 20%|######2                         | 86/439 [00:04<00:20, 17.27it/s]
 20%|######4                         | 88/439 [00:05<00:20, 17.24it/s]
 21%|######5                         | 90/439 [00:05<00:20, 17.28it/s]
 21%|######7                         | 92/439 [00:05<00:19, 17.37it/s]
 21%|######8                         | 94/439 [00:05<00:19, 17.40it/s]
 22%|######9                         | 96/439 [00:05<00:19, 17.48it/s]
 22%|#######1                        | 98/439 [00:05<00:19, 17.43it/s]
 23%|#######                        | 100/439 [00:05<00:19, 17.46it/s]
 23%|#######2                       | 102/439 [00:05<00:19, 17.47it/s]
 24%|#######3                       | 104/439 [00:06<00:19, 17.48it/s]
 24%|#######4                       | 106/439 [00:06<00:19, 17.45it/s]
 25%|#######6                       | 108/439 [00:06<00:19, 17.42it/s]
 25%|#######7                       | 110/439 [00:06<00:18, 17.40it/s]
 26%|#######9                       | 112/439 [00:06<00:18, 17.44it/s]
 26%|########                       | 114/439 [00:06<00:18, 17.39it/s]
 26%|########1                      | 116/439 [00:06<00:18, 17.41it/s]
 27%|########3                      | 118/439 [00:06<00:18, 17.43it/s]
 27%|########4                      | 120/439 [00:06<00:18, 17.42it/s]
 28%|########6                      | 122/439 [00:07<00:18, 17.36it/s]
 28%|########7                      | 124/439 [00:07<00:18, 17.17it/s]
 29%|########8                      | 126/439 [00:07<00:18, 17.27it/s]
 29%|#########                      | 128/439 [00:07<00:17, 17.31it/s]
 30%|#########1                     | 130/439 [00:07<00:17, 17.37it/s]
 30%|#########3                     | 132/439 [00:07<00:17, 17.35it/s]
 31%|#########4                     | 134/439 [00:07<00:17, 17.40it/s]
 31%|#########6                     | 136/439 [00:07<00:17, 17.33it/s]
 31%|#########7                     | 138/439 [00:08<00:18, 16.20it/s]
 32%|#########8                     | 140/439 [00:08<00:18, 15.91it/s]
 32%|##########                     | 142/439 [00:08<00:18, 16.37it/s]
 33%|##########1                    | 144/439 [00:08<00:17, 16.77it/s]
 33%|##########3                    | 146/439 [00:08<00:17, 16.93it/s]
 34%|##########4                    | 148/439 [00:08<00:16, 17.13it/s]
 34%|##########5                    | 150/439 [00:08<00:16, 17.25it/s]
 35%|##########7                    | 152/439 [00:08<00:16, 17.31it/s]
 35%|##########8                    | 154/439 [00:08<00:16, 17.30it/s]
 36%|###########                    | 156/439 [00:09<00:16, 17.33it/s]
 36%|###########1                   | 158/439 [00:09<00:16, 17.39it/s]
 36%|###########2                   | 160/439 [00:09<00:16, 17.40it/s]
 37%|###########4                   | 162/439 [00:09<00:15, 17.35it/s]
 37%|###########5                   | 164/439 [00:09<00:15, 17.53it/s]
 38%|###########7                   | 166/439 [00:09<00:15, 17.44it/s]
 38%|###########8                   | 168/439 [00:09<00:15, 17.46it/s]
 39%|############                   | 170/439 [00:09<00:15, 17.38it/s]
 39%|############1                  | 172/439 [00:09<00:15, 17.38it/s]
 40%|############2                  | 174/439 [00:10<00:15, 17.48it/s]
 40%|############4                  | 176/439 [00:10<00:15, 17.39it/s]
 41%|############5                  | 178/439 [00:10<00:15, 17.36it/s]
 41%|############7                  | 180/439 [00:10<00:14, 17.43it/s]
 41%|############8                  | 182/439 [00:10<00:14, 17.43it/s]
 42%|############9                  | 184/439 [00:10<00:14, 17.43it/s]
 42%|#############1                 | 186/439 [00:10<00:14, 17.38it/s]
 43%|#############2                 | 188/439 [00:10<00:14, 17.31it/s]
 43%|#############4                 | 190/439 [00:11<00:14, 17.22it/s]
 44%|#############5                 | 192/439 [00:11<00:14, 17.25it/s]
 44%|#############6                 | 194/439 [00:11<00:14, 17.24it/s]
 45%|#############8                 | 196/439 [00:11<00:14, 17.23it/s]
 45%|#############9                 | 198/439 [00:11<00:13, 17.44it/s]
 46%|##############1                | 200/439 [00:11<00:13, 17.34it/s]
 46%|##############2                | 202/439 [00:11<00:13, 17.38it/s]
 46%|##############4                | 204/439 [00:11<00:13, 17.40it/s]
 47%|##############5                | 206/439 [00:11<00:13, 17.41it/s]
 47%|##############6                | 208/439 [00:12<00:13, 17.42it/s]
 48%|##############8                | 210/439 [00:12<00:13, 17.39it/s]
 48%|##############9                | 212/439 [00:12<00:13, 17.32it/s]
 49%|###############1               | 214/439 [00:12<00:12, 17.35it/s]
 49%|###############2               | 216/439 [00:12<00:12, 17.38it/s]
 50%|###############3               | 218/439 [00:12<00:12, 17.35it/s]
 50%|###############5               | 220/439 [00:12<00:12, 17.38it/s]
 51%|###############6               | 222/439 [00:12<00:12, 17.38it/s]
 51%|###############8               | 224/439 [00:12<00:12, 17.26it/s]
 51%|###############9               | 226/439 [00:13<00:12, 17.36it/s]
 52%|################1              | 228/439 [00:13<00:12, 17.39it/s]
 52%|################2              | 230/439 [00:13<00:12, 17.35it/s]
 53%|################3              | 232/439 [00:13<00:11, 17.26it/s]
 53%|################5              | 234/439 [00:13<00:11, 17.24it/s]
 54%|################6              | 236/439 [00:13<00:11, 17.27it/s]
 54%|################8              | 238/439 [00:13<00:11, 17.31it/s]
 55%|################9              | 240/439 [00:13<00:11, 17.35it/s]
 55%|#################              | 242/439 [00:14<00:11, 17.36it/s]
 56%|#################2             | 244/439 [00:14<00:11, 17.32it/s]
 56%|#################3             | 246/439 [00:14<00:11, 17.36it/s]
 56%|#################5             | 248/439 [00:14<00:11, 17.26it/s]
 57%|#################6             | 250/439 [00:14<00:10, 17.27it/s]
 57%|#################7             | 252/439 [00:14<00:10, 17.19it/s]
 58%|#################9             | 254/439 [00:14<00:10, 17.15it/s]
 58%|##################             | 256/439 [00:14<00:11, 15.84it/s]
 59%|##################2            | 258/439 [00:14<00:12, 15.07it/s]
 59%|##################3            | 260/439 [00:15<00:12, 14.43it/s]
 60%|##################5            | 262/439 [00:15<00:12, 14.14it/s]
 60%|##################6            | 264/439 [00:15<00:11, 15.00it/s]
 61%|##################7            | 266/439 [00:15<00:11, 15.56it/s]
 61%|##################9            | 268/439 [00:15<00:10, 15.95it/s]
 62%|###################            | 270/439 [00:15<00:10, 16.25it/s]
 62%|###################2           | 272/439 [00:15<00:10, 16.65it/s]
 62%|###################3           | 274/439 [00:15<00:09, 16.77it/s]
 63%|###################4           | 276/439 [00:16<00:09, 16.95it/s]
 63%|###################6           | 278/439 [00:16<00:09, 17.06it/s]
 64%|###################7           | 280/439 [00:16<00:09, 16.49it/s]
 64%|###################9           | 282/439 [00:16<00:09, 16.76it/s]
 65%|####################           | 284/439 [00:16<00:09, 16.93it/s]
 65%|####################1          | 286/439 [00:16<00:08, 17.06it/s]
 66%|####################3          | 288/439 [00:16<00:08, 17.20it/s]
 66%|####################4          | 290/439 [00:16<00:08, 17.20it/s]
 67%|####################6          | 292/439 [00:17<00:08, 17.27it/s]
 67%|####################7          | 294/439 [00:17<00:08, 17.30it/s]
 67%|####################9          | 296/439 [00:17<00:08, 17.06it/s]
 68%|#####################          | 298/439 [00:17<00:08, 17.16it/s]
 68%|#####################1         | 300/439 [00:17<00:08, 17.22it/s]
 69%|#####################3         | 302/439 [00:17<00:07, 17.19it/s]
 69%|#####################4         | 304/439 [00:17<00:07, 17.21it/s]
 70%|#####################6         | 306/439 [00:17<00:07, 17.21it/s]
 70%|#####################7         | 308/439 [00:17<00:07, 17.22it/s]
 71%|#####################8         | 310/439 [00:18<00:07, 17.23it/s]
 71%|######################         | 312/439 [00:18<00:07, 17.30it/s]
 72%|######################1        | 314/439 [00:18<00:07, 17.24it/s]
 72%|######################3        | 316/439 [00:18<00:07, 17.25it/s]
 72%|######################4        | 318/439 [00:18<00:07, 17.25it/s]
 73%|######################5        | 320/439 [00:18<00:06, 17.23it/s]
 73%|######################7        | 322/439 [00:18<00:06, 17.24it/s]
 74%|######################8        | 324/439 [00:18<00:06, 17.30it/s]
 74%|#######################        | 326/439 [00:19<00:06, 17.27it/s]
 75%|#######################1       | 328/439 [00:19<00:06, 17.29it/s]
 75%|#######################3       | 330/439 [00:19<00:06, 17.25it/s]
 76%|#######################4       | 332/439 [00:20<00:21,  4.94it/s]
 76%|#######################5       | 334/439 [00:20<00:16,  6.28it/s]
 77%|#######################7       | 336/439 [00:20<00:13,  7.73it/s]
 77%|#######################8       | 338/439 [00:20<00:11,  9.10it/s]
 77%|########################       | 340/439 [00:20<00:09, 10.60it/s]
 78%|########################1      | 342/439 [00:20<00:08, 11.99it/s]
 78%|########################2      | 344/439 [00:21<00:07, 13.15it/s]
 79%|########################4      | 346/439 [00:21<00:07, 13.20it/s]
 79%|########################5      | 348/439 [00:21<00:06, 13.24it/s]
 80%|########################7      | 350/439 [00:21<00:06, 14.21it/s]
 80%|########################8      | 352/439 [00:21<00:05, 15.00it/s]
 81%|########################9      | 354/439 [00:21<00:05, 15.61it/s]
 81%|#########################1     | 356/439 [00:21<00:05, 16.07it/s]
 82%|#########################2     | 358/439 [00:21<00:04, 16.44it/s]
 82%|#########################4     | 360/439 [00:22<00:04, 16.65it/s]
 82%|#########################5     | 362/439 [00:22<00:04, 16.81it/s]
 83%|#########################7     | 364/439 [00:22<00:04, 16.88it/s]
 83%|#########################8     | 366/439 [00:22<00:04, 16.99it/s]
 84%|#########################9     | 368/439 [00:22<00:04, 17.17it/s]
 84%|##########################1    | 370/439 [00:22<00:04, 17.17it/s]
 85%|##########################2    | 372/439 [00:22<00:03, 17.18it/s]
 85%|##########################4    | 374/439 [00:22<00:03, 17.17it/s]
 86%|##########################5    | 376/439 [00:22<00:03, 17.27it/s]
 86%|##########################6    | 378/439 [00:23<00:03, 17.24it/s]
 87%|##########################8    | 380/439 [00:23<00:03, 17.00it/s]
 87%|##########################9    | 382/439 [00:23<00:03, 17.02it/s]
 87%|###########################1   | 384/439 [00:23<00:03, 16.95it/s]
 88%|###########################2   | 386/439 [00:23<00:03, 16.99it/s]
 88%|###########################3   | 388/439 [00:23<00:02, 17.02it/s]
 89%|###########################5   | 390/439 [00:23<00:02, 17.04it/s]
 89%|###########################6   | 392/439 [00:23<00:02, 17.14it/s]
 90%|###########################8   | 394/439 [00:24<00:02, 17.23it/s]
 90%|###########################9   | 396/439 [00:24<00:02, 17.28it/s]
 91%|############################1  | 398/439 [00:24<00:02, 17.30it/s]
 91%|############################2  | 400/439 [00:24<00:02, 16.13it/s]
 92%|############################3  | 402/439 [00:24<00:02, 16.42it/s]
 92%|############################5  | 404/439 [00:24<00:02, 16.58it/s]
 92%|############################6  | 406/439 [00:24<00:01, 16.77it/s]
 93%|############################8  | 408/439 [00:24<00:01, 16.90it/s]
 93%|############################9  | 410/439 [00:24<00:01, 16.99it/s]
 94%|#############################  | 412/439 [00:25<00:01, 17.11it/s]
 94%|#############################2 | 414/439 [00:25<00:01, 17.24it/s]
 95%|#############################3 | 416/439 [00:25<00:01, 17.27it/s]
 95%|#############################5 | 418/439 [00:25<00:01, 17.23it/s]
 96%|#############################6 | 420/439 [00:25<00:01, 17.25it/s]
 96%|#############################7 | 422/439 [00:25<00:00, 17.17it/s]
 97%|#############################9 | 424/439 [00:25<00:00, 17.16it/s]
 97%|############################## | 426/439 [00:25<00:00, 17.23it/s]
 97%|##############################2| 428/439 [00:26<00:00, 17.12it/s]
 98%|##############################3| 430/439 [00:26<00:00, 17.16it/s]
 98%|##############################5| 432/439 [00:26<00:00, 17.26it/s]
 99%|##############################6| 434/439 [00:26<00:00, 17.30it/s]
 99%|##############################7| 436/439 [00:26<00:00, 17.32it/s]
100%|##############################9| 438/439 [00:26<00:00, 17.38it/s]
100%|###############################| 439/439 [00:26<00:00, 16.47it/s]
[SEAL Epoch 19] loss=0.5597

[SEAL Epoch 20/20] Run 1/1 - training...

  0%|                                         | 0/439 [00:00<?, ?it/s]
  0%|                                 | 1/439 [00:00<00:44,  9.92it/s]
  1%|2                                | 3/439 [00:00<00:30, 14.40it/s]
  1%|3                                | 5/439 [00:00<00:28, 15.03it/s]
  2%|5                                | 7/439 [00:00<00:27, 15.78it/s]
  2%|6                                | 9/439 [00:00<00:26, 16.46it/s]
  3%|8                               | 11/439 [00:00<00:25, 16.48it/s]
  3%|9                               | 13/439 [00:00<00:25, 16.42it/s]
  3%|#                               | 15/439 [00:00<00:25, 16.76it/s]
  4%|#2                              | 17/439 [00:01<00:25, 16.86it/s]
  4%|#3                              | 19/439 [00:01<00:24, 17.01it/s]
  5%|#5                              | 21/439 [00:01<00:24, 17.12it/s]
  5%|#6                              | 23/439 [00:01<00:24, 17.21it/s]
  6%|#8                              | 25/439 [00:01<00:24, 17.19it/s]
  6%|#9                              | 27/439 [00:01<00:23, 17.24it/s]
  7%|##1                             | 29/439 [00:01<00:23, 17.24it/s]
  7%|##2                             | 31/439 [00:01<00:23, 17.21it/s]
  8%|##4                             | 33/439 [00:01<00:24, 16.48it/s]
  8%|##5                             | 35/439 [00:02<00:24, 16.76it/s]
  8%|##6                             | 37/439 [00:02<00:23, 16.91it/s]
  9%|##8                             | 39/439 [00:02<00:23, 17.03it/s]
  9%|##9                             | 41/439 [00:02<00:23, 17.13it/s]
 10%|###1                            | 43/439 [00:02<00:23, 17.07it/s]
 10%|###2                            | 45/439 [00:02<00:22, 17.26it/s]
 11%|###4                            | 47/439 [00:02<00:22, 17.20it/s]
 11%|###5                            | 49/439 [00:02<00:22, 17.10it/s]
 12%|###7                            | 51/439 [00:03<00:22, 17.08it/s]
 12%|###8                            | 53/439 [00:03<00:22, 17.12it/s]
 13%|####                            | 55/439 [00:03<00:22, 17.17it/s]
 13%|####1                           | 57/439 [00:03<00:22, 17.25it/s]
 13%|####3                           | 59/439 [00:03<00:22, 17.22it/s]
 14%|####4                           | 61/439 [00:03<00:22, 17.16it/s]
 14%|####5                           | 63/439 [00:03<00:21, 17.15it/s]
 15%|####7                           | 65/439 [00:03<00:21, 17.16it/s]
 15%|####8                           | 67/439 [00:03<00:21, 17.09it/s]
 16%|#####                           | 69/439 [00:04<00:21, 17.01it/s]
 16%|#####1                          | 71/439 [00:04<00:21, 17.13it/s]
 17%|#####3                          | 73/439 [00:04<00:21, 17.00it/s]
 17%|#####4                          | 75/439 [00:04<00:21, 16.98it/s]
 18%|#####6                          | 77/439 [00:04<00:21, 17.10it/s]
 18%|#####7                          | 79/439 [00:04<00:21, 17.09it/s]
 18%|#####9                          | 81/439 [00:04<00:20, 17.28it/s]
 19%|######                          | 83/439 [00:04<00:20, 17.17it/s]
 19%|######1                         | 85/439 [00:05<00:20, 17.14it/s]
 20%|######3                         | 87/439 [00:05<00:20, 17.22it/s]
 20%|######4                         | 89/439 [00:05<00:20, 17.23it/s]
 21%|######6                         | 91/439 [00:05<00:20, 17.14it/s]
 21%|######7                         | 93/439 [00:05<00:20, 17.18it/s]
 22%|######9                         | 95/439 [00:05<00:20, 17.12it/s]
 22%|#######                         | 97/439 [00:05<00:19, 17.22it/s]
 23%|#######2                        | 99/439 [00:05<00:19, 17.21it/s]
 23%|#######1                       | 101/439 [00:05<00:19, 17.17it/s]
 23%|#######2                       | 103/439 [00:06<00:19, 17.18it/s]
 24%|#######4                       | 105/439 [00:06<00:19, 17.12it/s]
 24%|#######5                       | 107/439 [00:06<00:19, 17.16it/s]
 25%|#######6                       | 109/439 [00:06<00:19, 17.08it/s]
 25%|#######8                       | 111/439 [00:06<00:19, 17.13it/s]
 26%|#######9                       | 113/439 [00:06<00:19, 17.05it/s]
 26%|########1                      | 115/439 [00:06<00:18, 17.23it/s]
 27%|########2                      | 117/439 [00:06<00:18, 17.20it/s]
 27%|########4                      | 119/439 [00:07<00:18, 17.21it/s]
 28%|########5                      | 121/439 [00:07<00:18, 17.20it/s]
 28%|########6                      | 123/439 [00:07<00:18, 17.23it/s]
 28%|########8                      | 125/439 [00:07<00:18, 17.27it/s]
 29%|########9                      | 127/439 [00:07<00:18, 17.23it/s]
 29%|#########1                     | 129/439 [00:07<00:17, 17.25it/s]
 30%|#########2                     | 131/439 [00:07<00:17, 17.29it/s]
 30%|#########3                     | 133/439 [00:07<00:17, 17.35it/s]
 31%|#########5                     | 135/439 [00:07<00:17, 17.36it/s]
 31%|#########6                     | 137/439 [00:08<00:17, 17.39it/s]
 32%|#########8                     | 139/439 [00:08<00:19, 15.62it/s]
 32%|#########9                     | 141/439 [00:08<00:18, 16.15it/s]
 33%|##########                     | 143/439 [00:08<00:18, 16.40it/s]
 33%|##########2                    | 145/439 [00:08<00:17, 16.66it/s]
 33%|##########3                    | 147/439 [00:08<00:17, 16.94it/s]
 34%|##########5                    | 149/439 [00:08<00:16, 17.16it/s]
 34%|##########6                    | 151/439 [00:08<00:16, 17.14it/s]
 35%|##########8                    | 153/439 [00:09<00:16, 17.05it/s]
 35%|##########9                    | 155/439 [00:09<00:16, 17.13it/s]
 36%|###########                    | 157/439 [00:09<00:16, 17.16it/s]
 36%|###########2                   | 159/439 [00:09<00:16, 17.24it/s]
 37%|###########3                   | 161/439 [00:09<00:16, 17.19it/s]
 37%|###########5                   | 163/439 [00:09<00:16, 17.22it/s]
 38%|###########6                   | 165/439 [00:09<00:15, 17.29it/s]
 38%|###########7                   | 167/439 [00:09<00:15, 17.24it/s]
 38%|###########9                   | 169/439 [00:09<00:15, 17.21it/s]
 39%|############                   | 171/439 [00:10<00:15, 17.26it/s]
 39%|############2                  | 173/439 [00:10<00:15, 16.82it/s]
 40%|############3                  | 175/439 [00:10<00:15, 16.67it/s]
 40%|############4                  | 177/439 [00:10<00:15, 16.85it/s]
 41%|############6                  | 179/439 [00:10<00:15, 16.94it/s]
 41%|############7                  | 181/439 [00:10<00:15, 16.97it/s]
 42%|############9                  | 183/439 [00:10<00:14, 17.10it/s]
 42%|#############                  | 185/439 [00:10<00:14, 17.25it/s]
 43%|#############2                 | 187/439 [00:10<00:14, 17.31it/s]
 43%|#############3                 | 189/439 [00:11<00:14, 17.26it/s]
 44%|#############4                 | 191/439 [00:11<00:14, 17.26it/s]
 44%|#############6                 | 193/439 [00:11<00:14, 17.28it/s]
 44%|#############7                 | 195/439 [00:11<00:14, 17.25it/s]
 45%|#############9                 | 197/439 [00:11<00:14, 17.24it/s]
 45%|##############                 | 199/439 [00:11<00:14, 17.14it/s]
 46%|##############1                | 201/439 [00:11<00:13, 17.15it/s]
 46%|##############3                | 203/439 [00:11<00:13, 17.25it/s]
 47%|##############4                | 205/439 [00:12<00:13, 17.35it/s]
 47%|##############6                | 207/439 [00:12<00:13, 17.33it/s]
 48%|##############7                | 209/439 [00:12<00:13, 16.66it/s]
 48%|##############8                | 211/439 [00:12<00:13, 16.79it/s]
 49%|###############                | 213/439 [00:12<00:13, 16.89it/s]
 49%|###############1               | 215/439 [00:12<00:13, 16.95it/s]
 49%|###############3               | 217/439 [00:12<00:12, 17.14it/s]
 50%|###############4               | 219/439 [00:12<00:12, 17.25it/s]
 50%|###############6               | 221/439 [00:12<00:12, 17.40it/s]
 51%|###############7               | 223/439 [00:13<00:12, 17.35it/s]
 51%|###############8               | 225/439 [00:13<00:12, 17.37it/s]
 52%|################               | 227/439 [00:13<00:12, 17.43it/s]
 52%|################1              | 229/439 [00:13<00:11, 17.52it/s]
 53%|################3              | 231/439 [00:13<00:11, 17.41it/s]
 53%|################4              | 233/439 [00:13<00:11, 17.34it/s]
 54%|################5              | 235/439 [00:13<00:11, 17.39it/s]
 54%|################7              | 237/439 [00:13<00:11, 17.35it/s]
 54%|################8              | 239/439 [00:14<00:11, 17.38it/s]
 55%|#################              | 241/439 [00:14<00:11, 17.27it/s]
 55%|#################1             | 243/439 [00:14<00:11, 17.23it/s]
 56%|#################3             | 245/439 [00:14<00:11, 17.23it/s]
 56%|#################4             | 247/439 [00:14<00:11, 17.25it/s]
 57%|#################5             | 249/439 [00:14<00:10, 17.31it/s]
 57%|#################7             | 251/439 [00:14<00:10, 17.27it/s]
 58%|#################8             | 253/439 [00:14<00:10, 17.27it/s]
 58%|##################             | 255/439 [00:14<00:10, 17.16it/s]
 59%|##################1            | 257/439 [00:15<00:10, 17.31it/s]
 59%|##################2            | 259/439 [00:15<00:10, 17.34it/s]
 59%|##################4            | 261/439 [00:15<00:10, 17.35it/s]
 60%|##################5            | 263/439 [00:15<00:10, 17.20it/s]
 60%|##################7            | 265/439 [00:15<00:10, 17.37it/s]
 61%|##################8            | 267/439 [00:15<00:09, 17.34it/s]
 61%|##################9            | 269/439 [00:15<00:10, 15.83it/s]
 62%|###################1           | 271/439 [00:15<00:10, 15.69it/s]
 62%|###################2           | 273/439 [00:16<00:10, 16.09it/s]
 63%|###################4           | 275/439 [00:16<00:09, 16.46it/s]
 63%|###################5           | 277/439 [00:16<00:09, 16.67it/s]
 64%|###################7           | 279/439 [00:16<00:09, 16.90it/s]
 64%|###################8           | 281/439 [00:16<00:09, 17.01it/s]
 64%|###################9           | 283/439 [00:16<00:09, 17.05it/s]
 65%|####################1          | 285/439 [00:16<00:09, 17.09it/s]
 65%|####################2          | 287/439 [00:16<00:08, 17.14it/s]
 66%|####################4          | 289/439 [00:16<00:08, 17.14it/s]
 66%|####################5          | 291/439 [00:17<00:08, 17.08it/s]
 67%|####################6          | 293/439 [00:17<00:08, 17.17it/s]
 67%|####################8          | 295/439 [00:17<00:08, 17.20it/s]
 68%|####################9          | 297/439 [00:17<00:08, 17.25it/s]
 68%|#####################1         | 299/439 [00:17<00:08, 17.27it/s]
 69%|#####################2         | 301/439 [00:17<00:07, 17.44it/s]
 69%|#####################3         | 303/439 [00:17<00:07, 17.47it/s]
 69%|#####################5         | 305/439 [00:17<00:07, 17.36it/s]
 70%|#####################6         | 307/439 [00:17<00:07, 17.35it/s]
 70%|#####################8         | 309/439 [00:18<00:07, 17.33it/s]
 71%|#####################9         | 311/439 [00:18<00:07, 17.39it/s]
 71%|######################1        | 313/439 [00:18<00:07, 17.33it/s]
 72%|######################2        | 315/439 [00:18<00:07, 17.33it/s]
 72%|######################3        | 317/439 [00:18<00:07, 17.28it/s]
 73%|######################5        | 319/439 [00:18<00:07, 16.70it/s]
 73%|######################6        | 321/439 [00:18<00:06, 16.88it/s]
 74%|######################8        | 323/439 [00:18<00:06, 16.97it/s]
 74%|######################9        | 325/439 [00:19<00:06, 17.10it/s]
 74%|#######################        | 327/439 [00:19<00:06, 16.69it/s]
 75%|#######################2       | 329/439 [00:19<00:06, 16.87it/s]
 75%|#######################3       | 331/439 [00:19<00:06, 17.03it/s]
 76%|#######################5       | 333/439 [00:19<00:06, 17.19it/s]
 76%|#######################6       | 335/439 [00:19<00:06, 17.25it/s]
 77%|#######################7       | 337/439 [00:19<00:05, 17.30it/s]
 77%|#######################9       | 339/439 [00:19<00:05, 17.32it/s]
 78%|########################       | 341/439 [00:19<00:05, 17.31it/s]
 78%|########################2      | 343/439 [00:20<00:05, 17.34it/s]
 79%|########################3      | 345/439 [00:20<00:05, 17.45it/s]
 79%|########################5      | 347/439 [00:20<00:05, 17.50it/s]
 79%|########################6      | 349/439 [00:20<00:05, 17.52it/s]
 80%|########################7      | 351/439 [00:20<00:05, 17.55it/s]
 80%|########################9      | 353/439 [00:20<00:04, 17.46it/s]
 81%|#########################      | 355/439 [00:20<00:04, 17.37it/s]
 81%|#########################2     | 357/439 [00:20<00:04, 17.38it/s]
 82%|#########################3     | 359/439 [00:21<00:04, 17.34it/s]
 82%|#########################4     | 361/439 [00:21<00:04, 17.32it/s]
 83%|#########################6     | 363/439 [00:21<00:04, 17.16it/s]
 83%|#########################7     | 365/439 [00:21<00:04, 17.30it/s]
 84%|#########################9     | 367/439 [00:21<00:04, 17.33it/s]
 84%|##########################     | 369/439 [00:21<00:04, 17.30it/s]
 85%|##########################1    | 371/439 [00:21<00:03, 17.34it/s]
 85%|##########################3    | 373/439 [00:21<00:03, 17.39it/s]
 85%|##########################4    | 375/439 [00:21<00:03, 17.41it/s]
 86%|##########################6    | 377/439 [00:22<00:03, 17.35it/s]
 86%|##########################7    | 379/439 [00:22<00:03, 17.35it/s]
 87%|##########################9    | 381/439 [00:22<00:03, 17.38it/s]
 87%|###########################    | 383/439 [00:22<00:03, 17.50it/s]
 88%|###########################1   | 385/439 [00:22<00:03, 17.43it/s]
 88%|###########################3   | 387/439 [00:22<00:02, 17.42it/s]
 89%|###########################4   | 389/439 [00:22<00:02, 17.35it/s]
 89%|###########################6   | 391/439 [00:22<00:02, 17.30it/s]
 90%|###########################7   | 393/439 [00:22<00:02, 17.36it/s]
 90%|###########################8   | 395/439 [00:23<00:02, 17.38it/s]
 90%|############################   | 397/439 [00:23<00:02, 17.42it/s]
 91%|############################1  | 399/439 [00:23<00:02, 17.49it/s]
 91%|############################3  | 401/439 [00:23<00:02, 17.54it/s]
 92%|############################4  | 403/439 [00:23<00:02, 17.51it/s]
 92%|############################5  | 405/439 [00:23<00:01, 17.30it/s]
 93%|############################7  | 407/439 [00:23<00:01, 17.23it/s]
 93%|############################8  | 409/439 [00:23<00:01, 17.25it/s]
 94%|#############################  | 411/439 [00:24<00:01, 17.27it/s]
 94%|#############################1 | 413/439 [00:24<00:01, 17.20it/s]
 95%|#############################3 | 415/439 [00:24<00:01, 17.20it/s]
 95%|#############################4 | 417/439 [00:24<00:01, 17.24it/s]
 95%|#############################5 | 419/439 [00:24<00:01, 17.39it/s]
 96%|#############################7 | 421/439 [00:24<00:01, 17.40it/s]
 96%|#############################8 | 423/439 [00:24<00:00, 17.34it/s]
 97%|############################## | 425/439 [00:24<00:00, 17.33it/s]
 97%|##############################1| 427/439 [00:24<00:00, 17.37it/s]
 98%|##############################2| 429/439 [00:25<00:00, 17.37it/s]
 98%|##############################4| 431/439 [00:25<00:00, 17.33it/s]
 99%|##############################5| 433/439 [00:25<00:00, 17.34it/s]
 99%|##############################7| 435/439 [00:25<00:00, 17.38it/s]
100%|##############################8| 437/439 [00:25<00:00, 17.29it/s]
100%|###############################| 439/439 [00:25<00:00, 17.52it/s]
100%|###############################| 439/439 [00:25<00:00, 17.14it/s]
[SEAL Epoch 20] loss=0.5599
[SEAL Epoch 20] Evaluating...

  0%|                                          | 0/55 [00:00<?, ?it/s]
  7%|##4                               | 4/55 [00:00<00:01, 31.50it/s]
 15%|####9                             | 8/55 [00:00<00:01, 30.38it/s]
 22%|#######2                         | 12/55 [00:00<00:01, 29.60it/s]
 29%|#########6                       | 16/55 [00:00<00:01, 29.87it/s]
 36%|############                     | 20/55 [00:00<00:01, 30.61it/s]
 44%|##############4                  | 24/55 [00:00<00:01, 30.78it/s]
 51%|################7                | 28/55 [00:00<00:00, 30.33it/s]
 58%|###################2             | 32/55 [00:01<00:00, 29.96it/s]
 64%|#####################            | 35/55 [00:01<00:00, 29.86it/s]
 69%|######################8          | 38/55 [00:01<00:00, 29.84it/s]
 76%|#########################2       | 42/55 [00:01<00:00, 29.88it/s]
 84%|###########################6     | 46/55 [00:01<00:00, 29.91it/s]
 89%|#############################4   | 49/55 [00:01<00:00, 29.88it/s]
 95%|###############################2 | 52/55 [00:01<00:00, 29.68it/s]
100%|#################################| 55/55 [00:01<00:00, 30.13it/s]

  0%|                                          | 0/55 [00:00<?, ?it/s]
  7%|##4                               | 4/55 [00:00<00:01, 32.03it/s]
 15%|####9                             | 8/55 [00:00<00:01, 31.51it/s]
 22%|#######2                         | 12/55 [00:00<00:01, 31.36it/s]
 29%|#########6                       | 16/55 [00:00<00:01, 30.83it/s]
 36%|############                     | 20/55 [00:00<00:01, 30.87it/s]
 44%|##############4                  | 24/55 [00:00<00:00, 31.20it/s]
 51%|################7                | 28/55 [00:00<00:00, 31.30it/s]
 58%|###################2             | 32/55 [00:01<00:00, 30.93it/s]
 65%|#####################6           | 36/55 [00:01<00:00, 30.52it/s]
 73%|########################         | 40/55 [00:01<00:00, 30.32it/s]
 80%|##########################4      | 44/55 [00:01<00:00, 29.81it/s]
 85%|############################2    | 47/55 [00:01<00:00, 29.46it/s]
 93%|##############################6  | 51/55 [00:01<00:00, 29.73it/s]
100%|#################################| 55/55 [00:01<00:00, 30.04it/s]
100%|#################################| 55/55 [00:01<00:00, 30.48it/s]
AUC
Run: 01, Epoch: 20, Loss: 0.5599, Train: 77.80%, Valid: 77.96%, Test: 77.74%
C:\Users\UNITY\Desktop\ANH\Image-Processing-2026\source\baseline_models\link_prediction\SEAL_OGB\utils.py:485: UserWarning: std(): degrees of freedom is <= 0. Correction should be strictly less than the reduction factor (input numel divided by output numel). (Triggered internally at C:\actions-runner\_work\pytorch\pytorch\pytorch\aten\src\ATen\native\ReduceOps.cpp:1858.)
  print(f'Highest Train: {r.mean():.2f} � {r.std():.2f}', file=f)
C:\Users\UNITY\Desktop\ANH\Image-Processing-2026\source\baseline_models\link_prediction\SEAL_OGB\utils.py:487: UserWarning: std(): degrees of freedom is <= 0. Correction should be strictly less than the reduction factor (input numel divided by output numel). (Triggered internally at C:\actions-runner\_work\pytorch\pytorch\pytorch\aten\src\ATen\native\ReduceOps.cpp:1858.)
  print(f'Highest Valid: {r.mean():.2f} � {r.std():.2f}', file=f)
C:\Users\UNITY\Desktop\ANH\Image-Processing-2026\source\baseline_models\link_prediction\SEAL_OGB\utils.py:489: UserWarning: std(): degrees of freedom is <= 0. Correction should be strictly less than the reduction factor (input numel divided by output numel). (Triggered internally at C:\actions-runner\_work\pytorch\pytorch\pytorch\aten\src\ATen\native\ReduceOps.cpp:1858.)
  print(f'  Final Train: {r.mean():.2f} � {r.std():.2f}', file=f)
C:\Users\UNITY\Desktop\ANH\Image-Processing-2026\source\baseline_models\link_prediction\SEAL_OGB\utils.py:491: UserWarning: std(): degrees of freedom is <= 0. Correction should be strictly less than the reduction factor (input numel divided by output numel). (Triggered internally at C:\actions-runner\_work\pytorch\pytorch\pytorch\aten\src\ATen\native\ReduceOps.cpp:1858.)
  print(f'   Final Test: {r.mean():.2f} � {r.std():.2f}', file=f)
AUC
Highest Train: 77.80
Highest Valid: 77.96
  Final Train: 77.80
   Final Test: 77.74
AUC
All runs:
Highest Train: 77.80 � nan
Highest Valid: 77.96 � nan
  Final Train: 77.80 � nan
   Final Test: 77.74 � nan
Total number of parameters is 43714
Results are saved in results/ogbl-C57BL_6_no1_spatial_edge_attr_20260509232518

========================================================================
Finished   : 2026-05-10T00:20:23.716503
Elapsed (s): 3308.9
Return code: 0
Best loss  : 0.559700
Test AUC   : 77.740000
