Task   : seal__edge_attr
Model  : SEAL
Dataset: ogbl-BALBc_no1_spatial_edge_attr
Script : C:\Users\UNITY\Desktop\ANH\Image-Processing-2026\source\baseline_models\link_prediction\SEAL_OGB\seal_link_pred.py
Command: C:\Users\UNITY\AppData\Local\Programs\Python\Python313\python.exe C:\Users\UNITY\Desktop\ANH\Image-Processing-2026\source\baseline_models\link_prediction\SEAL_OGB\seal_link_pred.py --dataset ogbl-BALBc_no1_spatial_edge_attr --splitting_strategy spatial --use_edge_attr --epochs 20 --runs 1 --batch_size 1024 --eval_steps 10 --train_percent 5 --val_percent 5 --test_percent 5 --max_nodes_per_hop 50 --sortpool_k 0.5 --num_workers 8
Started: 2026-05-09T20:12:04.372724
========================================================================

C:\Users\UNITY\AppData\Local\Programs\Python\Python313\Lib\site-packages\requests\__init__.py:109: RequestsDependencyWarning: urllib3 (2.6.3) or chardet (6.0.0.post1)/charset_normalizer (3.4.4) doesn't match a supported version!
  warnings.warn(
C:\Users\UNITY\AppData\Local\Programs\Python\Python313\Lib\site-packages\outdated\__init__.py:36: UserWarning: pkg_resources is deprecated as an API. See https://setuptools.pypa.io/en/latest/pkg_resources.html. The pkg_resources package is slated for removal as early as 2025-11-30. Refrain from using this package or pin to Setuptools<81.
  from pkg_resources import parse_version
WARNING:root:The OGB package is out of date. Your version is 1.3.1, while the latest version is 1.3.6.
C:\Users\UNITY\Desktop\ANH\Image-Processing-2026\source\baseline_models\link_prediction\SEAL_OGB\seal_link_pred.py:582: FutureWarning: `torch.cuda.amp.GradScaler(args...)` is deprecated. Please use `torch.amp.GradScaler('cuda', args...)` instead.
  _scaler  = torch.cuda.amp.GradScaler(enabled=_use_amp)
Results will be saved in results/ogbl-BALBc_no1_spatial_edge_attr_20260509201207
Command line input: python C:\Users\UNITY\Desktop\ANH\Image-Processing-2026\source\baseline_models\link_prediction\SEAL_OGB\seal_link_pred.py --dataset ogbl-BALBc_no1_spatial_edge_attr --splitting_strategy spatial --use_edge_attr --epochs 20 --runs 1 --batch_size 1024 --eval_steps 10 --train_percent 5 --val_percent 5 --test_percent 5 --max_nodes_per_hop 50 --sortpool_k 0.5 --num_workers 8
 is saved.
[SEAL] Device=cpu  AMP fp16: OFF
[SEAL] Building train dataset (SEALDataset)... this may take a long time.
Processing...
C:\Users\UNITY\Desktop\ANH\Image-Processing-2026\source\baseline_models\link_prediction\SEAL_OGB\seal_link_pred.py:100: UserWarning: It is not recommended to directly access the internal storage format `data` of an 'InMemoryDataset'. If you are absolutely certain what you are doing, access the internal storage via `InMemoryDataset._data` instead to suppress this warning. Alternatively, you can access stacked individual attributes of every graph via `dataset.{attr_name}`.
  self.data.edge_index,
C:\Users\UNITY\Desktop\ANH\Image-Processing-2026\source\baseline_models\link_prediction\SEAL_OGB\seal_link_pred.py:101: UserWarning: It is not recommended to directly access the internal storage format `data` of an 'InMemoryDataset'. If you are absolutely certain what you are doing, access the internal storage via `InMemoryDataset._data` instead to suppress this warning. Alternatively, you can access stacked individual attributes of every graph via `dataset.{attr_name}`.
  self.data.num_nodes,
C:\Users\UNITY\Desktop\ANH\Image-Processing-2026\source\baseline_models\link_prediction\SEAL_OGB\seal_link_pred.py:106: UserWarning: It is not recommended to directly access the internal storage format `data` of an 'InMemoryDataset'. If you are absolutely certain what you are doing, access the internal storage via `InMemoryDataset._data` instead to suppress this warning. Alternatively, you can access stacked individual attributes of every graph via `dataset.{attr_name}`.
  self.data.edge_index, self.data.edge_weight,
C:\Users\UNITY\Desktop\ANH\Image-Processing-2026\source\baseline_models\link_prediction\SEAL_OGB\seal_link_pred.py:107: UserWarning: It is not recommended to directly access the internal storage format `data` of an 'InMemoryDataset'. If you are absolutely certain what you are doing, access the internal storage via `InMemoryDataset._data` instead to suppress this warning. Alternatively, you can access stacked individual attributes of every graph via `dataset.{attr_name}`.
  self.data.num_nodes, self.data.num_nodes)
C:\Users\UNITY\Desktop\ANH\Image-Processing-2026\source\baseline_models\link_prediction\SEAL_OGB\seal_link_pred.py:105: UserWarning: It is not recommended to directly access the internal storage format `data` of an 'InMemoryDataset'. If you are absolutely certain what you are doing, access the internal storage via `InMemoryDataset._data` instead to suppress this warning. Alternatively, you can access stacked individual attributes of every graph via `dataset.{attr_name}`.
  self.data.edge_index, self.data.edge_weight = coalesce(
C:\Users\UNITY\Desktop\ANH\Image-Processing-2026\source\baseline_models\link_prediction\SEAL_OGB\seal_link_pred.py:109: UserWarning: It is not recommended to directly access the internal storage format `data` of an 'InMemoryDataset'. If you are absolutely certain what you are doing, access the internal storage via `InMemoryDataset._data` instead to suppress this warning. Alternatively, you can access stacked individual attributes of every graph via `dataset.{attr_name}`.
  if 'edge_weight' in self.data:
C:\Users\UNITY\Desktop\ANH\Image-Processing-2026\source\baseline_models\link_prediction\SEAL_OGB\seal_link_pred.py:110: UserWarning: It is not recommended to directly access the internal storage format `data` of an 'InMemoryDataset'. If you are absolutely certain what you are doing, access the internal storage via `InMemoryDataset._data` instead to suppress this warning. Alternatively, you can access stacked individual attributes of every graph via `dataset.{attr_name}`.
  edge_weight = self.data.edge_weight.view(-1)
C:\Users\UNITY\Desktop\ANH\Image-Processing-2026\source\baseline_models\link_prediction\SEAL_OGB\seal_link_pred.py:114: UserWarning: It is not recommended to directly access the internal storage format `data` of an 'InMemoryDataset'. If you are absolutely certain what you are doing, access the internal storage via `InMemoryDataset._data` instead to suppress this warning. Alternatively, you can access stacked individual attributes of every graph via `dataset.{attr_name}`.
  (edge_weight, (self.data.edge_index[0], self.data.edge_index[1])),
C:\Users\UNITY\Desktop\ANH\Image-Processing-2026\source\baseline_models\link_prediction\SEAL_OGB\seal_link_pred.py:115: UserWarning: It is not recommended to directly access the internal storage format `data` of an 'InMemoryDataset'. If you are absolutely certain what you are doing, access the internal storage via `InMemoryDataset._data` instead to suppress this warning. Alternatively, you can access stacked individual attributes of every graph via `dataset.{attr_name}`.
  shape=(self.data.num_nodes, self.data.num_nodes)
C:\Users\UNITY\Desktop\ANH\Image-Processing-2026\source\baseline_models\link_prediction\SEAL_OGB\seal_link_pred.py:120: UserWarning: It is not recommended to directly access the internal storage format `data` of an 'InMemoryDataset'. If you are absolutely certain what you are doing, access the internal storage via `InMemoryDataset._data` instead to suppress this warning. Alternatively, you can access stacked individual attributes of every graph via `dataset.{attr_name}`.
  self.edge_attr = torch.tensor(self.data.edge_attr)
C:\Users\UNITY\Desktop\ANH\Image-Processing-2026\source\baseline_models\link_prediction\SEAL_OGB\seal_link_pred.py:120: UserWarning: To copy construct from a tensor, it is recommended to use sourceTensor.detach().clone() or sourceTensor.detach().clone().requires_grad_(True), rather than torch.tensor(sourceTensor).
  self.edge_attr = torch.tensor(self.data.edge_attr)
C:\Users\UNITY\Desktop\ANH\Image-Processing-2026\source\baseline_models\link_prediction\SEAL_OGB\seal_link_pred.py:121: UserWarning: It is not recommended to directly access the internal storage format `data` of an 'InMemoryDataset'. If you are absolutely certain what you are doing, access the internal storage via `InMemoryDataset._data` instead to suppress this warning. Alternatively, you can access stacked individual attributes of every graph via `dataset.{attr_name}`.
  self.edge = torch.tensor(self.data.edge_index)
C:\Users\UNITY\Desktop\ANH\Image-Processing-2026\source\baseline_models\link_prediction\SEAL_OGB\seal_link_pred.py:121: UserWarning: To copy construct from a tensor, it is recommended to use sourceTensor.detach().clone() or sourceTensor.detach().clone().requires_grad_(True), rather than torch.tensor(sourceTensor).
  self.edge = torch.tensor(self.data.edge_index)
C:\Users\UNITY\Desktop\ANH\Image-Processing-2026\source\baseline_models\link_prediction\SEAL_OGB\seal_link_pred.py:138: UserWarning: It is not recommended to directly access the internal storage format `data` of an 'InMemoryDataset'. If you are absolutely certain what you are doing, access the internal storage via `InMemoryDataset._data` instead to suppress this warning. Alternatively, you can access stacked individual attributes of every graph via `dataset.{attr_name}`.
  pos_edge, A, self.data.x, self.edge_attr,1, self.num_hops, self.node_label,
spatial!
[extract] 213835 links to process...
C:\Users\UNITY\Desktop\ANH\Image-Processing-2026\source\baseline_models\link_prediction\SEAL_OGB\utils.py:88: UserWarning: Creating a tensor from a list of numpy.ndarrays is extremely slow. Please consider converting the list to a single numpy.ndarray with numpy.array() before converting to a tensor. (Triggered internally at C:\actions-runner\_work\pytorch\pytorch\pytorch\torch\csrc\utils\tensor_new.cpp:256.)
  edge_features = torch.tensor([map[i].numpy() for i in edg_idx]).t()
[extract] 10691/213835 (4%) | 247.9 it/s | ETA 819s
[extract] 21382/213835 (9%) | 252.6 it/s | ETA 762s
[extract] 32073/213835 (14%) | 252.7 it/s | ETA 719s
[extract] 42764/213835 (19%) | 253.5 it/s | ETA 675s
[extract] 53455/213835 (24%) | 254.4 it/s | ETA 631s
[extract] 64146/213835 (29%) | 254.5 it/s | ETA 588s
[extract] 74837/213835 (34%) | 254.8 it/s | ETA 546s
[extract] 85528/213835 (39%) | 255.2 it/s | ETA 503s
[extract] 96219/213835 (44%) | 254.3 it/s | ETA 463s
[extract] 106910/213835 (49%) | 252.2 it/s | ETA 424s
[extract] 117601/213835 (54%) | 251.1 it/s | ETA 383s
[extract] 128292/213835 (59%) | 250.4 it/s | ETA 342s
[extract] 138983/213835 (64%) | 250.9 it/s | ETA 298s
[extract] 149674/213835 (69%) | 251.4 it/s | ETA 255s
[extract] 160365/213835 (74%) | 251.7 it/s | ETA 212s
[extract] 171056/213835 (79%) | 252.0 it/s | ETA 170s
[extract] 181747/213835 (84%) | 251.3 it/s | ETA 128s
[extract] 192438/213835 (89%) | 251.5 it/s | ETA 85s
[extract] 203129/213835 (94%) | 251.8 it/s | ETA 43s
[extract] 213820/213835 (99%) | 251.8 it/s | ETA 0s
[extract] 213835/213835 (100%) | 251.8 it/s | ETA 0s
C:\Users\UNITY\Desktop\ANH\Image-Processing-2026\source\baseline_models\link_prediction\SEAL_OGB\seal_link_pred.py:141: UserWarning: It is not recommended to directly access the internal storage format `data` of an 'InMemoryDataset'. If you are absolutely certain what you are doing, access the internal storage via `InMemoryDataset._data` instead to suppress this warning. Alternatively, you can access stacked individual attributes of every graph via `dataset.{attr_name}`.
  neg_edge, A, self.data.x, self.edge_attr,0, self.num_hops, self.node_label,
[extract] 213835 links to process...
[extract] 10691/213835 (4%) | 247.4 it/s | ETA 821s
[extract] 21382/213835 (9%) | 243.5 it/s | ETA 790s
[extract] 32073/213835 (14%) | 245.5 it/s | ETA 740s
[extract] 42764/213835 (19%) | 245.8 it/s | ETA 696s
[extract] 53455/213835 (24%) | 245.6 it/s | ETA 653s
[extract] 64146/213835 (29%) | 245.5 it/s | ETA 610s
[extract] 74837/213835 (34%) | 245.5 it/s | ETA 566s
[extract] 85528/213835 (39%) | 245.5 it/s | ETA 523s
[extract] 96219/213835 (44%) | 244.9 it/s | ETA 480s
[extract] 106910/213835 (49%) | 244.9 it/s | ETA 437s
[extract] 117601/213835 (54%) | 245.1 it/s | ETA 393s
[extract] 128292/213835 (59%) | 245.2 it/s | ETA 349s
[extract] 138983/213835 (64%) | 245.2 it/s | ETA 305s
[extract] 149674/213835 (69%) | 245.3 it/s | ETA 262s
[extract] 160365/213835 (74%) | 244.5 it/s | ETA 219s
[extract] 171056/213835 (79%) | 244.7 it/s | ETA 175s
[extract] 181747/213835 (84%) | 244.9 it/s | ETA 131s
[extract] 192438/213835 (89%) | 245.0 it/s | ETA 87s
[extract] 203129/213835 (94%) | 245.1 it/s | ETA 44s
[extract] 213820/213835 (99%) | 245.3 it/s | ETA 0s
[extract] 213835/213835 (100%) | 245.3 it/s | ETA 0s
Done!
[SEAL] Train dataset ready: 427670 samples.
[SEAL] Building val dataset (SEALDataset)...
Processing...
spatial
[extract] 26729 links to process...
[extract] 1336/26729 (4%) | 229.3 it/s | ETA 111s
[extract] 2672/26729 (9%) | 231.0 it/s | ETA 104s
[extract] 4008/26729 (14%) | 232.1 it/s | ETA 98s
[extract] 5344/26729 (19%) | 233.1 it/s | ETA 92s
[extract] 6680/26729 (24%) | 233.0 it/s | ETA 86s
[extract] 8016/26729 (29%) | 232.9 it/s | ETA 80s
[extract] 9352/26729 (34%) | 232.4 it/s | ETA 75s
[extract] 10688/26729 (39%) | 232.8 it/s | ETA 69s
[extract] 12024/26729 (44%) | 232.8 it/s | ETA 63s
[extract] 13360/26729 (49%) | 233.0 it/s | ETA 57s
[extract] 14696/26729 (54%) | 233.1 it/s | ETA 52s
[extract] 16032/26729 (59%) | 232.0 it/s | ETA 46s
[extract] 17368/26729 (64%) | 232.2 it/s | ETA 40s
[extract] 18704/26729 (69%) | 232.4 it/s | ETA 35s
[extract] 20040/26729 (74%) | 232.7 it/s | ETA 29s
[extract] 21376/26729 (79%) | 233.1 it/s | ETA 23s
[extract] 22712/26729 (84%) | 233.3 it/s | ETA 17s
[extract] 24048/26729 (89%) | 233.5 it/s | ETA 11s
[extract] 25384/26729 (94%) | 233.7 it/s | ETA 6s
[extract] 26720/26729 (99%) | 233.7 it/s | ETA 0s
[extract] 26729/26729 (100%) | 233.7 it/s | ETA 0s
[extract] 26729 links to process...
[extract] 1336/26729 (4%) | 235.3 it/s | ETA 108s
[extract] 2672/26729 (9%) | 234.7 it/s | ETA 102s
[extract] 4008/26729 (14%) | 234.8 it/s | ETA 97s
[extract] 5344/26729 (19%) | 235.0 it/s | ETA 91s
[extract] 6680/26729 (24%) | 235.6 it/s | ETA 85s
[extract] 8016/26729 (29%) | 235.3 it/s | ETA 80s
[extract] 9352/26729 (34%) | 235.6 it/s | ETA 74s
[extract] 10688/26729 (39%) | 235.7 it/s | ETA 68s
[extract] 12024/26729 (44%) | 235.8 it/s | ETA 62s
[extract] 13360/26729 (49%) | 236.3 it/s | ETA 57s
[extract] 14696/26729 (54%) | 236.3 it/s | ETA 51s
[extract] 16032/26729 (59%) | 236.4 it/s | ETA 45s
[extract] 17368/26729 (64%) | 236.3 it/s | ETA 40s
[extract] 18704/26729 (69%) | 236.4 it/s | ETA 34s
[extract] 20040/26729 (74%) | 236.5 it/s | ETA 28s
[extract] 21376/26729 (79%) | 236.6 it/s | ETA 23s
[extract] 22712/26729 (84%) | 236.7 it/s | ETA 17s
[extract] 24048/26729 (89%) | 236.8 it/s | ETA 11s
[extract] 25384/26729 (94%) | 236.8 it/s | ETA 6s
[extract] 26720/26729 (99%) | 233.3 it/s | ETA 0s
[extract] 26729/26729 (100%) | 233.3 it/s | ETA 0s
Done!
[SEAL] Val dataset ready: 53458 samples.
[SEAL] Building test dataset (SEALDataset)...
Processing...
spatial
[extract] 26729 links to process...
[extract] 1336/26729 (4%) | 245.4 it/s | ETA 103s
[extract] 2672/26729 (9%) | 247.6 it/s | ETA 97s
[extract] 4008/26729 (14%) | 246.6 it/s | ETA 92s
[extract] 5344/26729 (19%) | 245.8 it/s | ETA 87s
[extract] 6680/26729 (24%) | 246.5 it/s | ETA 81s
[extract] 8016/26729 (29%) | 247.0 it/s | ETA 76s
[extract] 9352/26729 (34%) | 247.5 it/s | ETA 70s
[extract] 10688/26729 (39%) | 247.8 it/s | ETA 65s
[extract] 12024/26729 (44%) | 247.7 it/s | ETA 59s
[extract] 13360/26729 (49%) | 246.5 it/s | ETA 54s
[extract] 14696/26729 (54%) | 246.1 it/s | ETA 49s
[extract] 16032/26729 (59%) | 245.2 it/s | ETA 44s
[extract] 17368/26729 (64%) | 243.3 it/s | ETA 38s
[extract] 18704/26729 (69%) | 241.6 it/s | ETA 33s
[extract] 20040/26729 (74%) | 240.8 it/s | ETA 28s
[extract] 21376/26729 (79%) | 241.3 it/s | ETA 22s
[extract] 22712/26729 (84%) | 241.6 it/s | ETA 17s
[extract] 24048/26729 (89%) | 241.2 it/s | ETA 11s
[extract] 25384/26729 (94%) | 240.3 it/s | ETA 6s
[extract] 26720/26729 (99%) | 239.5 it/s | ETA 0s
[extract] 26729/26729 (100%) | 239.5 it/s | ETA 0s
[extract] 26729 links to process...
[extract] 1336/26729 (4%) | 230.5 it/s | ETA 110s
[extract] 2672/26729 (9%) | 220.2 it/s | ETA 109s
[extract] 4008/26729 (14%) | 220.9 it/s | ETA 103s
[extract] 5344/26729 (19%) | 219.7 it/s | ETA 97s
[extract] 6680/26729 (24%) | 218.5 it/s | ETA 92s
[extract] 8016/26729 (29%) | 223.2 it/s | ETA 84s
[extract] 9352/26729 (34%) | 225.6 it/s | ETA 77s
[extract] 10688/26729 (39%) | 226.1 it/s | ETA 71s
[extract] 12024/26729 (44%) | 226.4 it/s | ETA 65s
[extract] 13360/26729 (49%) | 228.4 it/s | ETA 59s
[extract] 14696/26729 (54%) | 229.4 it/s | ETA 52s
[extract] 16032/26729 (59%) | 228.9 it/s | ETA 47s
[extract] 17368/26729 (64%) | 228.7 it/s | ETA 41s
[extract] 18704/26729 (69%) | 229.0 it/s | ETA 35s
[extract] 20040/26729 (74%) | 229.1 it/s | ETA 29s
[extract] 21376/26729 (79%) | 230.1 it/s | ETA 23s
[extract] 22712/26729 (84%) | 231.1 it/s | ETA 17s
[extract] 24048/26729 (89%) | 231.9 it/s | ETA 12s
[extract] 25384/26729 (94%) | 232.7 it/s | ETA 6s
[extract] 26720/26729 (99%) | 233.3 it/s | ETA 0s
[extract] 26729/26729 (100%) | 233.3 it/s | ETA 0s
Done!
[SEAL] Test dataset ready: 53458 samples.
Total number of parameters is 43714
SortPooling k is set to 10

[SEAL Epoch 1/20] Run 1/1 - training...

  0%|                                         | 0/418 [00:00<?, ?it/s]C:\Users\UNITY\Desktop\ANH\Image-Processing-2026\source\baseline_models\link_prediction\SEAL_OGB\seal_link_pred.py:235: FutureWarning: `torch.cuda.amp.autocast(args...)` is deprecated. Please use `torch.amp.autocast('cuda', args...)` instead.
  with torch.cuda.amp.autocast(enabled=_use_amp):
C:\Users\UNITY\Desktop\ANH\Image-Processing-2026\source\baseline_models\link_prediction\SEAL_OGB\models.py:208: UserWarning: 'nn.glob.global_sort_pool' is deprecated, use 'nn.aggr.SortAggr' instead
  x = global_sort_pool(x, batch, self.k)

  0%|                                 | 1/418 [00:00<01:47,  3.87it/s]
  1%|2                                | 3/418 [00:00<00:49,  8.39it/s]
  1%|3                                | 5/418 [00:00<00:36, 11.43it/s]
  2%|5                                | 7/418 [00:00<00:30, 13.41it/s]
  2%|7                                | 9/418 [00:00<00:27, 14.68it/s]
  3%|8                               | 11/418 [00:00<00:25, 15.67it/s]
  3%|9                               | 13/418 [00:00<00:24, 16.31it/s]
  4%|#1                              | 15/418 [00:01<00:24, 16.64it/s]
  4%|#3                              | 17/418 [00:01<00:23, 16.97it/s]
  5%|#4                              | 19/418 [00:01<00:23, 17.17it/s]
  5%|#6                              | 21/418 [00:01<00:22, 17.27it/s]
  6%|#7                              | 23/418 [00:01<00:22, 17.38it/s]
  6%|#9                              | 25/418 [00:01<00:22, 17.51it/s]
  6%|##                              | 27/418 [00:01<00:22, 17.53it/s]
  7%|##2                             | 29/418 [00:01<00:21, 17.69it/s]
  7%|##3                             | 31/418 [00:01<00:21, 17.68it/s]
  8%|##5                             | 33/418 [00:02<00:21, 17.69it/s]
  8%|##6                             | 35/418 [00:02<00:21, 17.76it/s]
  9%|##8                             | 37/418 [00:02<00:21, 17.79it/s]
  9%|##9                             | 39/418 [00:02<00:21, 17.77it/s]
 10%|###1                            | 41/418 [00:02<00:21, 17.76it/s]
 10%|###2                            | 43/418 [00:02<00:21, 17.81it/s]
 11%|###4                            | 45/418 [00:02<00:21, 17.74it/s]
 11%|###5                            | 47/418 [00:02<00:20, 17.71it/s]
 12%|###7                            | 49/418 [00:03<00:20, 17.69it/s]
 12%|###9                            | 51/418 [00:03<00:20, 17.70it/s]
 13%|####                            | 53/418 [00:03<00:20, 17.70it/s]
 13%|####2                           | 55/418 [00:03<00:20, 17.70it/s]
 14%|####3                           | 57/418 [00:03<00:20, 17.73it/s]
 14%|####5                           | 59/418 [00:03<00:20, 17.70it/s]
 15%|####6                           | 61/418 [00:03<00:20, 17.71it/s]
 15%|####8                           | 63/418 [00:03<00:20, 17.70it/s]
 16%|####9                           | 65/418 [00:03<00:20, 17.64it/s]
 16%|#####1                          | 67/418 [00:04<00:19, 17.74it/s]
 17%|#####2                          | 69/418 [00:04<00:19, 17.73it/s]
 17%|#####4                          | 71/418 [00:04<00:19, 17.78it/s]
 17%|#####5                          | 73/418 [00:04<00:19, 17.77it/s]
 18%|#####7                          | 75/418 [00:04<00:19, 17.84it/s]
 18%|#####8                          | 77/418 [00:04<00:19, 17.78it/s]
 19%|######                          | 79/418 [00:04<00:19, 17.77it/s]
 19%|######2                         | 81/418 [00:04<00:18, 17.78it/s]
 20%|######3                         | 83/418 [00:04<00:18, 17.69it/s]
 20%|######5                         | 85/418 [00:05<00:18, 17.74it/s]
 21%|######6                         | 87/418 [00:05<00:18, 17.70it/s]
 21%|######8                         | 89/418 [00:05<00:18, 17.59it/s]
 22%|######9                         | 91/418 [00:05<00:18, 17.68it/s]
 22%|#######1                        | 93/418 [00:05<00:19, 17.10it/s]
 23%|#######2                        | 95/418 [00:05<00:19, 16.98it/s]
 23%|#######4                        | 97/418 [00:05<00:18, 17.23it/s]
 24%|#######5                        | 99/418 [00:05<00:18, 17.38it/s]
 24%|#######4                       | 101/418 [00:05<00:18, 17.42it/s]
 25%|#######6                       | 103/418 [00:06<00:17, 17.51it/s]
 25%|#######7                       | 105/418 [00:06<00:18, 17.34it/s]
 26%|#######9                       | 107/418 [00:06<00:17, 17.43it/s]
 26%|########                       | 109/418 [00:06<00:17, 17.47it/s]
 27%|########2                      | 111/418 [00:06<00:17, 17.54it/s]
 27%|########3                      | 113/418 [00:06<00:17, 17.64it/s]
 28%|########5                      | 115/418 [00:06<00:17, 17.68it/s]
 28%|########6                      | 117/418 [00:06<00:16, 17.79it/s]
 28%|########8                      | 119/418 [00:06<00:16, 17.78it/s]
 29%|########9                      | 121/418 [00:07<00:16, 17.79it/s]
 29%|#########1                     | 123/418 [00:07<00:16, 17.76it/s]
 30%|#########2                     | 125/418 [00:07<00:16, 17.70it/s]
 30%|#########4                     | 127/418 [00:07<00:16, 17.73it/s]
 31%|#########5                     | 129/418 [00:07<00:16, 17.69it/s]
 31%|#########7                     | 131/418 [00:07<00:16, 17.65it/s]
 32%|#########8                     | 133/418 [00:07<00:16, 17.64it/s]
 32%|##########                     | 135/418 [00:07<00:16, 17.60it/s]
 33%|##########1                    | 137/418 [00:07<00:16, 17.56it/s]
 33%|##########3                    | 139/418 [00:08<00:15, 17.66it/s]
 34%|##########4                    | 141/418 [00:08<00:15, 17.64it/s]
 34%|##########6                    | 143/418 [00:08<00:15, 17.65it/s]
 35%|##########7                    | 145/418 [00:08<00:15, 17.65it/s]
 35%|##########9                    | 147/418 [00:08<00:15, 17.68it/s]
 36%|###########                    | 149/418 [00:08<00:15, 17.64it/s]
 36%|###########1                   | 151/418 [00:08<00:15, 17.61it/s]
 37%|###########3                   | 153/418 [00:08<00:15, 17.57it/s]
 37%|###########4                   | 155/418 [00:09<00:14, 17.56it/s]
 38%|###########6                   | 157/418 [00:09<00:14, 17.54it/s]
 38%|###########7                   | 159/418 [00:09<00:14, 17.70it/s]
 39%|###########9                   | 161/418 [00:09<00:14, 17.36it/s]
 39%|############                   | 163/418 [00:09<00:14, 17.23it/s]
 39%|############2                  | 165/418 [00:09<00:14, 17.31it/s]
 40%|############3                  | 167/418 [00:09<00:14, 17.53it/s]
 40%|############5                  | 169/418 [00:09<00:14, 17.54it/s]
 41%|############6                  | 171/418 [00:09<00:14, 17.49it/s]
 41%|############8                  | 173/418 [00:10<00:13, 17.52it/s]
 42%|############9                  | 175/418 [00:10<00:13, 17.59it/s]
 42%|#############1                 | 177/418 [00:10<00:13, 17.70it/s]
 43%|#############2                 | 179/418 [00:10<00:13, 17.62it/s]
 43%|#############4                 | 181/418 [00:10<00:13, 17.69it/s]
 44%|#############5                 | 183/418 [00:11<00:38,  6.12it/s]
 44%|#############7                 | 185/418 [00:11<00:30,  7.61it/s]
 45%|#############8                 | 187/418 [00:11<00:25,  9.18it/s]
 45%|##############                 | 189/418 [00:11<00:21, 10.72it/s]
 46%|##############1                | 191/418 [00:11<00:18, 12.14it/s]
 46%|##############3                | 193/418 [00:11<00:16, 13.33it/s]
 47%|##############4                | 195/418 [00:12<00:15, 14.32it/s]
 47%|##############6                | 197/418 [00:12<00:14, 15.17it/s]
 48%|##############7                | 199/418 [00:12<00:13, 15.78it/s]
 48%|##############9                | 201/418 [00:12<00:13, 16.21it/s]
 49%|###############                | 203/418 [00:12<00:12, 16.58it/s]
 49%|###############2               | 205/418 [00:12<00:12, 16.86it/s]
 50%|###############3               | 207/418 [00:12<00:12, 16.99it/s]
 50%|###############5               | 209/418 [00:12<00:12, 17.16it/s]
 50%|###############6               | 211/418 [00:12<00:12, 17.14it/s]
 51%|###############7               | 213/418 [00:13<00:11, 17.28it/s]
 51%|###############9               | 215/418 [00:13<00:11, 17.36it/s]
 52%|################               | 217/418 [00:13<00:11, 17.45it/s]
 52%|################2              | 219/418 [00:13<00:11, 17.54it/s]
 53%|################3              | 221/418 [00:13<00:11, 17.57it/s]
 53%|################5              | 223/418 [00:13<00:11, 17.63it/s]
 54%|################6              | 225/418 [00:13<00:10, 17.60it/s]
 54%|################8              | 227/418 [00:13<00:10, 17.47it/s]
 55%|################9              | 229/418 [00:13<00:10, 17.59it/s]
 55%|#################1             | 231/418 [00:14<00:11, 16.96it/s]
 56%|#################2             | 233/418 [00:14<00:10, 17.20it/s]
 56%|#################4             | 235/418 [00:14<00:10, 17.35it/s]
 57%|#################5             | 237/418 [00:14<00:10, 17.53it/s]
 57%|#################7             | 239/418 [00:14<00:10, 17.59it/s]
 58%|#################8             | 241/418 [00:14<00:10, 17.57it/s]
 58%|##################             | 243/418 [00:14<00:09, 17.71it/s]
 59%|##################1            | 245/418 [00:14<00:09, 17.75it/s]
 59%|##################3            | 247/418 [00:14<00:09, 17.71it/s]
 60%|##################4            | 249/418 [00:15<00:09, 17.70it/s]
 60%|##################6            | 251/418 [00:15<00:09, 17.69it/s]
 61%|##################7            | 253/418 [00:15<00:09, 17.63it/s]
 61%|##################9            | 255/418 [00:15<00:09, 17.52it/s]
 61%|###################            | 257/418 [00:15<00:09, 17.59it/s]
 62%|###################2           | 259/418 [00:15<00:09, 17.48it/s]
 62%|###################3           | 261/418 [00:15<00:08, 17.54it/s]
 63%|###################5           | 263/418 [00:15<00:08, 17.43it/s]
 63%|###################6           | 265/418 [00:16<00:08, 17.44it/s]
 64%|###################8           | 267/418 [00:16<00:08, 17.51it/s]
 64%|###################9           | 269/418 [00:16<00:08, 17.59it/s]
 65%|####################           | 271/418 [00:16<00:08, 17.59it/s]
 65%|####################2          | 273/418 [00:16<00:08, 17.62it/s]
 66%|####################3          | 275/418 [00:16<00:08, 17.77it/s]
 66%|####################5          | 277/418 [00:16<00:07, 17.76it/s]
 67%|####################6          | 279/418 [00:16<00:07, 17.77it/s]
 67%|####################8          | 281/418 [00:16<00:07, 17.70it/s]
 68%|####################9          | 283/418 [00:17<00:07, 17.71it/s]
 68%|#####################1         | 285/418 [00:17<00:07, 17.69it/s]
 69%|#####################2         | 287/418 [00:17<00:07, 17.70it/s]
 69%|#####################4         | 289/418 [00:17<00:07, 17.69it/s]
 70%|#####################5         | 291/418 [00:17<00:07, 17.69it/s]
 70%|#####################7         | 293/418 [00:17<00:07, 17.64it/s]
 71%|#####################8         | 295/418 [00:17<00:06, 17.70it/s]
 71%|######################         | 297/418 [00:17<00:06, 17.70it/s]
 72%|######################1        | 299/418 [00:17<00:06, 17.73it/s]
 72%|######################3        | 301/418 [00:18<00:06, 17.77it/s]
 72%|######################4        | 303/418 [00:18<00:06, 17.84it/s]
 73%|######################6        | 305/418 [00:18<00:06, 17.87it/s]
 73%|######################7        | 307/418 [00:18<00:06, 17.87it/s]
 74%|######################9        | 309/418 [00:18<00:06, 17.92it/s]
 74%|#######################        | 311/418 [00:18<00:05, 18.03it/s]
 75%|#######################2       | 313/418 [00:18<00:05, 18.01it/s]
 75%|#######################3       | 315/418 [00:18<00:05, 17.96it/s]
 76%|#######################5       | 317/418 [00:18<00:05, 18.03it/s]
 76%|#######################6       | 319/418 [00:19<00:05, 17.99it/s]
 77%|#######################8       | 321/418 [00:19<00:05, 18.05it/s]
 77%|#######################9       | 323/418 [00:19<00:05, 17.94it/s]
 78%|########################1      | 325/418 [00:19<00:05, 17.91it/s]
 78%|########################2      | 327/418 [00:19<00:05, 17.85it/s]
 79%|########################3      | 329/418 [00:19<00:04, 17.81it/s]
 79%|########################5      | 331/418 [00:19<00:04, 17.73it/s]
 80%|########################6      | 333/418 [00:19<00:04, 17.75it/s]
 80%|########################8      | 335/418 [00:19<00:04, 17.67it/s]
 81%|########################9      | 337/418 [00:20<00:04, 17.68it/s]
 81%|#########################1     | 339/418 [00:20<00:04, 17.65it/s]
 82%|#########################2     | 341/418 [00:20<00:04, 17.60it/s]
 82%|#########################4     | 343/418 [00:20<00:04, 17.54it/s]
 83%|#########################5     | 345/418 [00:20<00:04, 17.55it/s]
 83%|#########################7     | 347/418 [00:20<00:04, 17.57it/s]
 83%|#########################8     | 349/418 [00:20<00:03, 17.47it/s]
 84%|##########################     | 351/418 [00:20<00:03, 17.59it/s]
 84%|##########################1    | 353/418 [00:20<00:03, 17.61it/s]
 85%|##########################3    | 355/418 [00:21<00:03, 17.71it/s]
 85%|##########################4    | 357/418 [00:21<00:03, 17.74it/s]
 86%|##########################6    | 359/418 [00:21<00:03, 17.78it/s]
 86%|##########################7    | 361/418 [00:21<00:03, 17.78it/s]
 87%|##########################9    | 363/418 [00:21<00:03, 17.82it/s]
 87%|###########################    | 365/418 [00:21<00:02, 17.85it/s]
 88%|###########################2   | 367/418 [00:21<00:02, 17.73it/s]
 88%|###########################3   | 369/418 [00:21<00:02, 17.76it/s]
 89%|###########################5   | 371/418 [00:21<00:02, 17.76it/s]
 89%|###########################6   | 373/418 [00:22<00:02, 17.78it/s]
 90%|###########################8   | 375/418 [00:22<00:02, 17.78it/s]
 90%|###########################9   | 377/418 [00:22<00:02, 17.85it/s]
 91%|############################1  | 379/418 [00:22<00:02, 17.83it/s]
 91%|############################2  | 381/418 [00:22<00:02, 17.83it/s]
 92%|############################4  | 383/418 [00:22<00:01, 17.61it/s]
 92%|############################5  | 385/418 [00:22<00:01, 17.58it/s]
 93%|############################7  | 387/418 [00:22<00:01, 17.75it/s]
 93%|############################8  | 389/418 [00:22<00:01, 17.81it/s]
 94%|############################9  | 391/418 [00:23<00:01, 17.89it/s]
 94%|#############################1 | 393/418 [00:23<00:01, 17.87it/s]
 94%|#############################2 | 395/418 [00:23<00:01, 17.86it/s]
 95%|#############################4 | 397/418 [00:23<00:01, 17.80it/s]
 95%|#############################5 | 399/418 [00:23<00:01, 17.81it/s]
 96%|#############################7 | 401/418 [00:23<00:00, 17.80it/s]
 96%|#############################8 | 403/418 [00:23<00:00, 17.86it/s]
 97%|############################## | 405/418 [00:23<00:00, 17.89it/s]
 97%|##############################1| 407/418 [00:23<00:00, 17.81it/s]
 98%|##############################3| 409/418 [00:24<00:00, 17.78it/s]
 98%|##############################4| 411/418 [00:24<00:00, 17.74it/s]
 99%|##############################6| 413/418 [00:24<00:00, 17.74it/s]
 99%|##############################7| 415/418 [00:24<00:00, 17.71it/s]
100%|##############################9| 417/418 [00:24<00:00, 17.68it/s]
100%|###############################| 418/418 [00:24<00:00, 16.98it/s]
[SEAL Epoch 1] loss=0.6107

[SEAL Epoch 2/20] Run 1/1 - training...

  0%|                                         | 0/418 [00:00<?, ?it/s]
  0%|1                                | 2/418 [00:00<00:26, 15.87it/s]
  1%|3                                | 4/418 [00:00<00:24, 16.89it/s]
  1%|4                                | 6/418 [00:00<00:23, 17.25it/s]
  2%|6                                | 8/418 [00:00<00:23, 17.43it/s]
  2%|7                               | 10/418 [00:00<00:23, 17.60it/s]
  3%|9                               | 12/418 [00:00<00:23, 17.57it/s]
  3%|#                               | 14/418 [00:00<00:22, 17.61it/s]
  4%|#2                              | 16/418 [00:00<00:22, 17.69it/s]
  4%|#3                              | 18/418 [00:01<00:22, 17.63it/s]
  5%|#5                              | 20/418 [00:01<00:23, 17.08it/s]
  5%|#6                              | 22/418 [00:01<00:22, 17.26it/s]
  6%|#8                              | 24/418 [00:01<00:22, 17.21it/s]
  6%|#9                              | 26/418 [00:01<00:22, 17.28it/s]
  7%|##1                             | 28/418 [00:01<00:22, 17.38it/s]
  7%|##2                             | 30/418 [00:01<00:22, 17.54it/s]
  8%|##4                             | 32/418 [00:01<00:22, 17.47it/s]
  8%|##6                             | 34/418 [00:01<00:21, 17.51it/s]
  9%|##7                             | 36/418 [00:02<00:21, 17.59it/s]
  9%|##9                             | 38/418 [00:02<00:21, 17.65it/s]
 10%|###                             | 40/418 [00:02<00:21, 17.68it/s]
 10%|###2                            | 42/418 [00:02<00:21, 17.78it/s]
 11%|###3                            | 44/418 [00:02<00:21, 17.78it/s]
 11%|###5                            | 46/418 [00:02<00:20, 17.79it/s]
 11%|###6                            | 48/418 [00:02<00:20, 17.70it/s]
 12%|###8                            | 50/418 [00:02<00:20, 17.69it/s]
 12%|###9                            | 52/418 [00:02<00:20, 17.77it/s]
 13%|####1                           | 54/418 [00:03<00:20, 17.74it/s]
 13%|####2                           | 56/418 [00:03<00:20, 17.73it/s]
 14%|####4                           | 58/418 [00:03<00:20, 17.72it/s]
 14%|####5                           | 60/418 [00:03<00:20, 17.66it/s]
 15%|####7                           | 62/418 [00:03<00:20, 17.71it/s]
 15%|####8                           | 64/418 [00:03<00:20, 17.68it/s]
 16%|#####                           | 66/418 [00:03<00:19, 17.73it/s]
 16%|#####2                          | 68/418 [00:03<00:19, 17.64it/s]
 17%|#####3                          | 70/418 [00:03<00:19, 17.68it/s]
 17%|#####5                          | 72/418 [00:04<00:19, 17.70it/s]
 18%|#####6                          | 74/418 [00:04<00:19, 17.70it/s]
 18%|#####8                          | 76/418 [00:04<00:19, 17.71it/s]
 19%|#####9                          | 78/418 [00:04<00:19, 17.72it/s]
 19%|######1                         | 80/418 [00:04<00:19, 17.75it/s]
 20%|######2                         | 82/418 [00:04<00:18, 17.86it/s]
 20%|######4                         | 84/418 [00:04<00:18, 17.76it/s]
 21%|######5                         | 86/418 [00:04<00:18, 17.73it/s]
 21%|######7                         | 88/418 [00:04<00:18, 17.78it/s]
 22%|######8                         | 90/418 [00:05<00:18, 17.72it/s]
 22%|#######                         | 92/418 [00:05<00:18, 17.59it/s]
 22%|#######1                        | 94/418 [00:05<00:18, 17.52it/s]
 23%|#######3                        | 96/418 [00:05<00:18, 17.61it/s]
 23%|#######5                        | 98/418 [00:05<00:18, 17.62it/s]
 24%|#######4                       | 100/418 [00:05<00:17, 17.74it/s]
 24%|#######5                       | 102/418 [00:05<00:17, 17.67it/s]
 25%|#######7                       | 104/418 [00:05<00:17, 17.69it/s]
 25%|#######8                       | 106/418 [00:06<00:17, 17.69it/s]
 26%|########                       | 108/418 [00:06<00:17, 17.70it/s]
 26%|########1                      | 110/418 [00:06<00:18, 17.03it/s]
 27%|########3                      | 112/418 [00:06<00:17, 17.36it/s]
 27%|########4                      | 114/418 [00:06<00:17, 17.32it/s]
 28%|########6                      | 116/418 [00:06<00:17, 17.50it/s]
 28%|########7                      | 118/418 [00:06<00:17, 17.51it/s]
 29%|########8                      | 120/418 [00:06<00:16, 17.54it/s]
 29%|#########                      | 122/418 [00:06<00:16, 17.61it/s]
 30%|#########1                     | 124/418 [00:07<00:16, 17.73it/s]
 30%|#########3                     | 126/418 [00:07<00:16, 17.75it/s]
 31%|#########4                     | 128/418 [00:07<00:16, 17.78it/s]
 31%|#########6                     | 130/418 [00:07<00:16, 17.65it/s]
 32%|#########7                     | 132/418 [00:07<00:16, 17.56it/s]
 32%|#########9                     | 134/418 [00:07<00:16, 17.57it/s]
 33%|##########                     | 136/418 [00:07<00:15, 17.64it/s]
 33%|##########2                    | 138/418 [00:07<00:15, 17.52it/s]
 33%|##########3                    | 140/418 [00:07<00:15, 17.49it/s]
 34%|##########5                    | 142/418 [00:08<00:16, 17.19it/s]
 34%|##########6                    | 144/418 [00:08<00:15, 17.13it/s]
 35%|##########8                    | 146/418 [00:08<00:15, 17.12it/s]
 35%|##########9                    | 148/418 [00:08<00:15, 17.32it/s]
 36%|###########1                   | 150/418 [00:08<00:15, 17.46it/s]
 36%|###########2                   | 152/418 [00:08<00:15, 17.50it/s]
 37%|###########4                   | 154/418 [00:08<00:15, 17.38it/s]
 37%|###########5                   | 156/418 [00:08<00:14, 17.49it/s]
 38%|###########7                   | 158/418 [00:08<00:14, 17.49it/s]
 38%|###########8                   | 160/418 [00:09<00:14, 17.58it/s]
 39%|############                   | 162/418 [00:09<00:14, 17.61it/s]
 39%|############1                  | 164/418 [00:09<00:14, 17.62it/s]
 40%|############3                  | 166/418 [00:09<00:14, 17.67it/s]
 40%|############4                  | 168/418 [00:09<00:14, 17.69it/s]
 41%|############6                  | 170/418 [00:09<00:13, 17.73it/s]
 41%|############7                  | 172/418 [00:09<00:13, 17.71it/s]
 42%|############9                  | 174/418 [00:09<00:13, 17.55it/s]
 42%|#############                  | 176/418 [00:10<00:13, 17.61it/s]
 43%|#############2                 | 178/418 [00:10<00:13, 17.59it/s]
 43%|#############3                 | 180/418 [00:10<00:13, 17.66it/s]
 44%|#############4                 | 182/418 [00:10<00:14, 16.65it/s]
 44%|#############6                 | 184/418 [00:10<00:14, 15.68it/s]
 44%|#############7                 | 186/418 [00:10<00:14, 16.22it/s]
 45%|#############9                 | 188/418 [00:10<00:14, 15.97it/s]
 45%|##############                 | 190/418 [00:10<00:14, 16.17it/s]
 46%|##############2                | 192/418 [00:11<00:13, 16.58it/s]
 46%|##############3                | 194/418 [00:11<00:13, 16.84it/s]
 47%|##############5                | 196/418 [00:11<00:13, 17.04it/s]
 47%|##############6                | 198/418 [00:11<00:12, 17.15it/s]
 48%|##############8                | 200/418 [00:11<00:13, 16.46it/s]
 48%|##############9                | 202/418 [00:11<00:12, 16.79it/s]
 49%|###############1               | 204/418 [00:11<00:12, 16.96it/s]
 49%|###############2               | 206/418 [00:11<00:12, 17.15it/s]
 50%|###############4               | 208/418 [00:11<00:12, 17.17it/s]
 50%|###############5               | 210/418 [00:12<00:12, 17.31it/s]
 51%|###############7               | 212/418 [00:12<00:11, 17.41it/s]
 51%|###############8               | 214/418 [00:12<00:11, 17.52it/s]
 52%|################               | 216/418 [00:12<00:11, 17.48it/s]
 52%|################1              | 218/418 [00:12<00:11, 17.46it/s]
 53%|################3              | 220/418 [00:12<00:11, 17.52it/s]
 53%|################4              | 222/418 [00:12<00:11, 16.88it/s]
 54%|################6              | 224/418 [00:12<00:11, 17.07it/s]
 54%|################7              | 226/418 [00:12<00:11, 17.22it/s]
 55%|################9              | 228/418 [00:13<00:10, 17.36it/s]
 55%|#################              | 230/418 [00:13<00:10, 17.42it/s]
 56%|#################2             | 232/418 [00:13<00:10, 17.56it/s]
 56%|#################3             | 234/418 [00:13<00:11, 16.24it/s]
 56%|#################5             | 236/418 [00:13<00:10, 16.69it/s]
 57%|#################6             | 238/418 [00:13<00:10, 16.47it/s]
 57%|#################7             | 240/418 [00:13<00:10, 16.85it/s]
 58%|#################9             | 242/418 [00:13<00:10, 16.88it/s]
 58%|##################             | 244/418 [00:14<00:10, 17.14it/s]
 59%|##################2            | 246/418 [00:14<00:09, 17.25it/s]
 59%|##################3            | 248/418 [00:14<00:09, 17.46it/s]
 60%|##################5            | 250/418 [00:14<00:09, 17.57it/s]
 60%|##################6            | 252/418 [00:14<00:09, 17.51it/s]
 61%|##################8            | 254/418 [00:14<00:09, 17.58it/s]
 61%|##################9            | 256/418 [00:14<00:09, 17.62it/s]
 62%|###################1           | 258/418 [00:14<00:09, 17.71it/s]
 62%|###################2           | 260/418 [00:14<00:08, 17.61it/s]
 63%|###################4           | 262/418 [00:15<00:08, 17.70it/s]
 63%|###################5           | 264/418 [00:15<00:08, 17.70it/s]
 64%|###################7           | 266/418 [00:15<00:08, 17.67it/s]
 64%|###################8           | 268/418 [00:15<00:08, 17.65it/s]
 65%|####################           | 270/418 [00:15<00:08, 17.60it/s]
 65%|####################1          | 272/418 [00:15<00:08, 17.56it/s]
 66%|####################3          | 274/418 [00:15<00:08, 17.60it/s]
 66%|####################4          | 276/418 [00:15<00:08, 17.63it/s]
 67%|####################6          | 278/418 [00:15<00:07, 17.62it/s]
 67%|####################7          | 280/418 [00:16<00:07, 17.61it/s]
 67%|####################9          | 282/418 [00:16<00:07, 17.64it/s]
 68%|#####################          | 284/418 [00:16<00:07, 17.69it/s]
 68%|#####################2         | 286/418 [00:16<00:07, 17.00it/s]
 69%|#####################3         | 288/418 [00:16<00:07, 17.26it/s]
 69%|#####################5         | 290/418 [00:16<00:07, 16.75it/s]
 70%|#####################6         | 292/418 [00:16<00:07, 17.07it/s]
 70%|#####################8         | 294/418 [00:16<00:07, 16.65it/s]
 71%|#####################9         | 296/418 [00:17<00:07, 16.94it/s]
 71%|######################1        | 298/418 [00:17<00:06, 17.28it/s]
 72%|######################2        | 300/418 [00:17<00:06, 17.42it/s]
 72%|######################3        | 302/418 [00:17<00:06, 17.48it/s]
 73%|######################5        | 304/418 [00:17<00:06, 17.63it/s]
 73%|######################6        | 306/418 [00:17<00:06, 17.69it/s]
 74%|######################8        | 308/418 [00:17<00:06, 17.71it/s]
 74%|######################9        | 310/418 [00:17<00:06, 17.75it/s]
 75%|#######################1       | 312/418 [00:17<00:05, 17.79it/s]
 75%|#######################2       | 314/418 [00:18<00:05, 17.70it/s]
 76%|#######################4       | 316/418 [00:18<00:05, 17.87it/s]
 76%|#######################5       | 318/418 [00:18<00:05, 17.89it/s]
 77%|#######################7       | 320/418 [00:18<00:05, 17.22it/s]
 77%|#######################8       | 322/418 [00:18<00:05, 17.44it/s]
 78%|########################       | 324/418 [00:18<00:05, 17.50it/s]
 78%|########################1      | 326/418 [00:18<00:05, 17.60it/s]
 78%|########################3      | 328/418 [00:18<00:05, 17.70it/s]
 79%|########################4      | 330/418 [00:18<00:04, 17.68it/s]
 79%|########################6      | 332/418 [00:19<00:04, 17.81it/s]
 80%|########################7      | 334/418 [00:19<00:04, 17.81it/s]
 80%|########################9      | 336/418 [00:19<00:04, 17.77it/s]
 81%|#########################      | 338/418 [00:19<00:04, 17.70it/s]
 81%|#########################2     | 340/418 [00:19<00:04, 17.02it/s]
 82%|#########################3     | 342/418 [00:19<00:04, 17.15it/s]
 82%|#########################5     | 344/418 [00:19<00:04, 17.30it/s]
 83%|#########################6     | 346/418 [00:19<00:04, 17.47it/s]
 83%|#########################8     | 348/418 [00:19<00:04, 17.45it/s]
 84%|#########################9     | 350/418 [00:20<00:03, 17.48it/s]
 84%|##########################1    | 352/418 [00:20<00:03, 17.59it/s]
 85%|##########################2    | 354/418 [00:20<00:03, 17.72it/s]
 85%|##########################4    | 356/418 [00:20<00:03, 17.67it/s]
 86%|##########################5    | 358/418 [00:20<00:03, 17.81it/s]
 86%|##########################6    | 360/418 [00:20<00:03, 17.80it/s]
 87%|##########################8    | 362/418 [00:20<00:03, 17.84it/s]
 87%|##########################9    | 364/418 [00:20<00:03, 17.81it/s]
 88%|###########################1   | 366/418 [00:20<00:02, 17.74it/s]
 88%|###########################2   | 368/418 [00:21<00:02, 17.76it/s]
 89%|###########################4   | 370/418 [00:21<00:02, 17.73it/s]
 89%|###########################5   | 372/418 [00:21<00:02, 17.71it/s]
 89%|###########################7   | 374/418 [00:21<00:02, 17.71it/s]
 90%|###########################8   | 376/418 [00:21<00:02, 17.72it/s]
 90%|############################   | 378/418 [00:21<00:02, 17.11it/s]
 91%|############################1  | 380/418 [00:21<00:02, 17.28it/s]
 91%|############################3  | 382/418 [00:21<00:02, 17.35it/s]
 92%|############################4  | 384/418 [00:22<00:01, 17.43it/s]
 92%|############################6  | 386/418 [00:22<00:01, 17.48it/s]
 93%|############################7  | 388/418 [00:22<00:01, 17.50it/s]
 93%|############################9  | 390/418 [00:22<00:01, 17.57it/s]
 94%|#############################  | 392/418 [00:22<00:01, 17.62it/s]
 94%|#############################2 | 394/418 [00:22<00:01, 17.64it/s]
 95%|#############################3 | 396/418 [00:22<00:01, 17.62it/s]
 95%|#############################5 | 398/418 [00:22<00:01, 17.59it/s]
 96%|#############################6 | 400/418 [00:22<00:01, 17.61it/s]
 96%|#############################8 | 402/418 [00:23<00:00, 17.55it/s]
 97%|#############################9 | 404/418 [00:23<00:00, 17.61it/s]
 97%|##############################1| 406/418 [00:23<00:00, 17.59it/s]
 98%|##############################2| 408/418 [00:23<00:00, 17.70it/s]
 98%|##############################4| 410/418 [00:23<00:00, 17.43it/s]
 99%|##############################5| 412/418 [00:23<00:00, 17.62it/s]
 99%|##############################7| 414/418 [00:23<00:00, 17.69it/s]
100%|##############################8| 416/418 [00:23<00:00, 17.65it/s]
100%|###############################| 418/418 [00:23<00:00, 16.46it/s]
100%|###############################| 418/418 [00:23<00:00, 17.44it/s]
[SEAL Epoch 2] loss=0.5507

[SEAL Epoch 3/20] Run 1/1 - training...

  0%|                                         | 0/418 [00:00<?, ?it/s]
  0%|1                                | 2/418 [00:00<00:29, 13.98it/s]
  1%|3                                | 4/418 [00:00<00:25, 15.96it/s]
  1%|4                                | 6/418 [00:00<00:24, 16.67it/s]
  2%|6                                | 8/418 [00:00<00:24, 17.02it/s]
  2%|7                               | 10/418 [00:00<00:23, 17.41it/s]
  3%|9                               | 12/418 [00:00<00:23, 17.50it/s]
  3%|#                               | 14/418 [00:00<00:23, 17.52it/s]
  4%|#2                              | 16/418 [00:00<00:22, 17.53it/s]
  4%|#3                              | 18/418 [00:01<00:22, 17.59it/s]
  5%|#5                              | 20/418 [00:01<00:22, 17.55it/s]
  5%|#6                              | 22/418 [00:01<00:22, 17.63it/s]
  6%|#8                              | 24/418 [00:01<00:22, 17.77it/s]
  6%|#9                              | 26/418 [00:02<01:06,  5.93it/s]
  7%|##1                             | 28/418 [00:02<00:52,  7.40it/s]
  7%|##2                             | 30/418 [00:02<00:43,  8.96it/s]
  8%|##4                             | 32/418 [00:02<00:36, 10.56it/s]
  8%|##6                             | 34/418 [00:02<00:31, 12.04it/s]
  9%|##7                             | 36/418 [00:02<00:28, 13.31it/s]
  9%|##9                             | 38/418 [00:02<00:26, 14.41it/s]
 10%|###                             | 40/418 [00:03<00:24, 15.23it/s]
 10%|###2                            | 42/418 [00:03<00:23, 15.90it/s]
 11%|###3                            | 44/418 [00:03<00:22, 16.38it/s]
 11%|###5                            | 46/418 [00:03<00:22, 16.76it/s]
 11%|###6                            | 48/418 [00:03<00:21, 16.95it/s]
 12%|###8                            | 50/418 [00:03<00:21, 17.25it/s]
 12%|###9                            | 52/418 [00:03<00:21, 17.41it/s]
 13%|####1                           | 54/418 [00:03<00:20, 17.47it/s]
 13%|####2                           | 56/418 [00:03<00:20, 17.50it/s]
 14%|####4                           | 58/418 [00:04<00:20, 17.51it/s]
 14%|####5                           | 60/418 [00:04<00:20, 17.65it/s]
 15%|####7                           | 62/418 [00:04<00:20, 17.70it/s]
 15%|####8                           | 64/418 [00:04<00:20, 17.69it/s]
 16%|#####                           | 66/418 [00:04<00:19, 17.71it/s]
 16%|#####2                          | 68/418 [00:04<00:19, 17.77it/s]
 17%|#####3                          | 70/418 [00:04<00:19, 17.73it/s]
 17%|#####5                          | 72/418 [00:04<00:19, 17.80it/s]
 18%|#####6                          | 74/418 [00:04<00:19, 17.78it/s]
 18%|#####8                          | 76/418 [00:05<00:19, 17.68it/s]
 19%|#####9                          | 78/418 [00:05<00:19, 17.68it/s]
 19%|######1                         | 80/418 [00:05<00:19, 17.66it/s]
 20%|######2                         | 82/418 [00:05<00:18, 17.77it/s]
 20%|######4                         | 84/418 [00:05<00:18, 17.81it/s]
 21%|######5                         | 86/418 [00:05<00:18, 17.84it/s]
 21%|######7                         | 88/418 [00:05<00:18, 17.84it/s]
 22%|######8                         | 90/418 [00:05<00:18, 17.83it/s]
 22%|#######                         | 92/418 [00:05<00:18, 17.82it/s]
 22%|#######1                        | 94/418 [00:06<00:18, 17.82it/s]
 23%|#######3                        | 96/418 [00:06<00:18, 17.80it/s]
 23%|#######5                        | 98/418 [00:06<00:17, 17.85it/s]
 24%|#######4                       | 100/418 [00:06<00:17, 17.81it/s]
 24%|#######5                       | 102/418 [00:06<00:17, 17.84it/s]
 25%|#######7                       | 104/418 [00:06<00:17, 17.84it/s]
 25%|#######8                       | 106/418 [00:06<00:17, 17.93it/s]
 26%|########                       | 108/418 [00:06<00:17, 17.80it/s]
 26%|########1                      | 110/418 [00:06<00:17, 17.80it/s]
 27%|########3                      | 112/418 [00:07<00:17, 17.81it/s]
 27%|########4                      | 114/418 [00:07<00:17, 17.74it/s]
 28%|########6                      | 116/418 [00:07<00:17, 17.74it/s]
 28%|########7                      | 118/418 [00:07<00:16, 17.74it/s]
 29%|########8                      | 120/418 [00:07<00:16, 17.70it/s]
 29%|#########                      | 122/418 [00:07<00:16, 17.67it/s]
 30%|#########1                     | 124/418 [00:07<00:16, 17.81it/s]
 30%|#########3                     | 126/418 [00:07<00:16, 17.81it/s]
 31%|#########4                     | 128/418 [00:07<00:16, 17.77it/s]
 31%|#########6                     | 130/418 [00:08<00:16, 17.77it/s]
 32%|#########7                     | 132/418 [00:08<00:16, 17.71it/s]
 32%|#########9                     | 134/418 [00:08<00:16, 17.72it/s]
 33%|##########                     | 136/418 [00:08<00:15, 17.71it/s]
 33%|##########2                    | 138/418 [00:08<00:15, 17.70it/s]
 33%|##########3                    | 140/418 [00:08<00:15, 17.75it/s]
 34%|##########5                    | 142/418 [00:08<00:15, 17.83it/s]
 34%|##########6                    | 144/418 [00:08<00:15, 17.75it/s]
 35%|##########8                    | 146/418 [00:08<00:15, 17.75it/s]
 35%|##########9                    | 148/418 [00:09<00:15, 17.76it/s]
 36%|###########1                   | 150/418 [00:09<00:15, 17.79it/s]
 36%|###########2                   | 152/418 [00:09<00:14, 17.85it/s]
 37%|###########4                   | 154/418 [00:09<00:14, 17.77it/s]
 37%|###########5                   | 156/418 [00:09<00:14, 17.83it/s]
 38%|###########7                   | 158/418 [00:09<00:14, 17.83it/s]
 38%|###########8                   | 160/418 [00:09<00:14, 17.91it/s]
 39%|############                   | 162/418 [00:09<00:14, 17.92it/s]
 39%|############1                  | 164/418 [00:10<00:14, 17.76it/s]
 40%|############3                  | 166/418 [00:10<00:14, 17.75it/s]
 40%|############4                  | 168/418 [00:10<00:14, 17.77it/s]
 41%|############6                  | 170/418 [00:10<00:13, 17.72it/s]
 41%|############7                  | 172/418 [00:10<00:13, 17.71it/s]
 42%|############9                  | 174/418 [00:10<00:13, 17.74it/s]
 42%|#############                  | 176/418 [00:10<00:13, 17.76it/s]
 43%|#############2                 | 178/418 [00:10<00:13, 17.84it/s]
 43%|#############3                 | 180/418 [00:10<00:13, 17.86it/s]
 44%|#############4                 | 182/418 [00:11<00:13, 17.89it/s]
 44%|#############6                 | 184/418 [00:11<00:13, 17.81it/s]
 44%|#############7                 | 186/418 [00:11<00:12, 17.88it/s]
 45%|#############9                 | 188/418 [00:11<00:12, 17.87it/s]
 45%|##############                 | 190/418 [00:11<00:12, 17.81it/s]
 46%|##############2                | 192/418 [00:11<00:12, 17.78it/s]
 46%|##############3                | 194/418 [00:11<00:12, 17.78it/s]
 47%|##############5                | 196/418 [00:11<00:12, 17.72it/s]
 47%|##############6                | 198/418 [00:11<00:12, 17.79it/s]
 48%|##############8                | 200/418 [00:12<00:12, 17.82it/s]
 48%|##############9                | 202/418 [00:12<00:12, 17.73it/s]
 49%|###############1               | 204/418 [00:12<00:12, 17.68it/s]
 49%|###############2               | 206/418 [00:12<00:11, 17.67it/s]
 50%|###############4               | 208/418 [00:12<00:11, 17.65it/s]
 50%|###############5               | 210/418 [00:12<00:11, 17.65it/s]
 51%|###############7               | 212/418 [00:12<00:11, 17.69it/s]
 51%|###############8               | 214/418 [00:12<00:11, 17.61it/s]
 52%|################               | 216/418 [00:12<00:11, 17.56it/s]
 52%|################1              | 218/418 [00:13<00:11, 17.50it/s]
 53%|################3              | 220/418 [00:13<00:11, 17.48it/s]
 53%|################4              | 222/418 [00:13<00:11, 17.58it/s]
 54%|################6              | 224/418 [00:13<00:11, 17.59it/s]
 54%|################7              | 226/418 [00:13<00:10, 17.69it/s]
 55%|################9              | 228/418 [00:13<00:10, 17.46it/s]
 55%|#################              | 230/418 [00:13<00:10, 17.23it/s]
 56%|#################2             | 232/418 [00:13<00:10, 17.08it/s]
 56%|#################3             | 234/418 [00:13<00:10, 17.21it/s]
 56%|#################5             | 236/418 [00:14<00:10, 17.35it/s]
 57%|#################6             | 238/418 [00:14<00:10, 17.39it/s]
 57%|#################7             | 240/418 [00:14<00:10, 17.45it/s]
 58%|#################9             | 242/418 [00:14<00:10, 17.53it/s]
 58%|##################             | 244/418 [00:14<00:09, 17.59it/s]
 59%|##################2            | 246/418 [00:14<00:09, 17.70it/s]
 59%|##################3            | 248/418 [00:14<00:09, 17.69it/s]
 60%|##################5            | 250/418 [00:14<00:09, 17.67it/s]
 60%|##################6            | 252/418 [00:14<00:09, 17.74it/s]
 61%|##################8            | 254/418 [00:15<00:09, 17.90it/s]
 61%|##################9            | 256/418 [00:15<00:09, 17.85it/s]
 62%|###################1           | 258/418 [00:15<00:08, 17.87it/s]
 62%|###################2           | 260/418 [00:15<00:08, 17.83it/s]
 63%|###################4           | 262/418 [00:15<00:08, 17.79it/s]
 63%|###################5           | 264/418 [00:15<00:08, 17.79it/s]
 64%|###################7           | 266/418 [00:15<00:08, 17.66it/s]
 64%|###################8           | 268/418 [00:15<00:08, 17.61it/s]
 65%|####################           | 270/418 [00:16<00:08, 17.63it/s]
 65%|####################1          | 272/418 [00:16<00:08, 17.67it/s]
 66%|####################3          | 274/418 [00:16<00:08, 17.72it/s]
 66%|####################4          | 276/418 [00:16<00:08, 17.73it/s]
 67%|####################6          | 278/418 [00:16<00:07, 17.72it/s]
 67%|####################7          | 280/418 [00:16<00:07, 17.59it/s]
 67%|####################9          | 282/418 [00:16<00:07, 17.55it/s]
 68%|#####################          | 284/418 [00:16<00:07, 17.61it/s]
 68%|#####################2         | 286/418 [00:16<00:07, 17.59it/s]
 69%|#####################3         | 288/418 [00:17<00:07, 17.67it/s]
 69%|#####################5         | 290/418 [00:17<00:07, 17.59it/s]
 70%|#####################6         | 292/418 [00:17<00:07, 17.63it/s]
 70%|#####################8         | 294/418 [00:17<00:07, 17.07it/s]
 71%|#####################9         | 296/418 [00:17<00:07, 17.29it/s]
 71%|######################1        | 298/418 [00:17<00:06, 17.41it/s]
 72%|######################2        | 300/418 [00:17<00:06, 17.51it/s]
 72%|######################3        | 302/418 [00:17<00:06, 17.58it/s]
 73%|######################5        | 304/418 [00:17<00:06, 17.63it/s]
 73%|######################6        | 306/418 [00:18<00:06, 17.69it/s]
 74%|######################8        | 308/418 [00:18<00:06, 17.69it/s]
 74%|######################9        | 310/418 [00:18<00:06, 16.38it/s]
 75%|#######################1       | 312/418 [00:18<00:06, 16.76it/s]
 75%|#######################2       | 314/418 [00:18<00:06, 17.00it/s]
 76%|#######################4       | 316/418 [00:18<00:05, 17.21it/s]
 76%|#######################5       | 318/418 [00:18<00:05, 17.37it/s]
 77%|#######################7       | 320/418 [00:18<00:05, 17.48it/s]
 77%|#######################8       | 322/418 [00:18<00:05, 17.61it/s]
 78%|########################       | 324/418 [00:19<00:05, 17.65it/s]
 78%|########################1      | 326/418 [00:19<00:05, 17.75it/s]
 78%|########################3      | 328/418 [00:19<00:05, 17.77it/s]
 79%|########################4      | 330/418 [00:19<00:04, 17.86it/s]
 79%|########################6      | 332/418 [00:19<00:04, 17.81it/s]
 80%|########################7      | 334/418 [00:19<00:04, 17.90it/s]
 80%|########################9      | 336/418 [00:19<00:04, 17.85it/s]
 81%|#########################      | 338/418 [00:19<00:04, 17.87it/s]
 81%|#########################2     | 340/418 [00:19<00:04, 17.86it/s]
 82%|#########################3     | 342/418 [00:20<00:04, 17.84it/s]
 82%|#########################5     | 344/418 [00:20<00:04, 17.73it/s]
 83%|#########################6     | 346/418 [00:20<00:04, 17.81it/s]
 83%|#########################8     | 348/418 [00:20<00:03, 17.85it/s]
 84%|#########################9     | 350/418 [00:20<00:03, 17.82it/s]
 84%|##########################1    | 352/418 [00:20<00:03, 17.77it/s]
 85%|##########################2    | 354/418 [00:20<00:03, 17.81it/s]
 85%|##########################4    | 356/418 [00:20<00:03, 17.81it/s]
 86%|##########################5    | 358/418 [00:21<00:03, 17.81it/s]
 86%|##########################6    | 360/418 [00:21<00:03, 17.83it/s]
 87%|##########################8    | 362/418 [00:21<00:03, 17.81it/s]
 87%|##########################9    | 364/418 [00:21<00:03, 17.68it/s]
 88%|###########################1   | 366/418 [00:21<00:03, 16.40it/s]
 88%|###########################2   | 368/418 [00:21<00:02, 16.85it/s]
 89%|###########################4   | 370/418 [00:21<00:02, 17.12it/s]
 89%|###########################5   | 372/418 [00:21<00:02, 17.31it/s]
 89%|###########################7   | 374/418 [00:21<00:02, 17.44it/s]
 90%|###########################8   | 376/418 [00:22<00:02, 17.51it/s]
 90%|############################   | 378/418 [00:22<00:02, 17.09it/s]
 91%|############################1  | 380/418 [00:22<00:02, 17.27it/s]
 91%|############################3  | 382/418 [00:22<00:02, 17.49it/s]
 92%|############################4  | 384/418 [00:22<00:01, 17.56it/s]
 92%|############################6  | 386/418 [00:22<00:01, 17.60it/s]
 93%|############################7  | 388/418 [00:22<00:01, 17.71it/s]
 93%|############################9  | 390/418 [00:22<00:01, 17.73it/s]
 94%|#############################  | 392/418 [00:22<00:01, 17.74it/s]
 94%|#############################2 | 394/418 [00:23<00:01, 17.80it/s]
 95%|#############################3 | 396/418 [00:23<00:01, 17.76it/s]
 95%|#############################5 | 398/418 [00:23<00:01, 17.77it/s]
 96%|#############################6 | 400/418 [00:23<00:01, 17.61it/s]
 96%|#############################8 | 402/418 [00:23<00:00, 17.69it/s]
 97%|#############################9 | 404/418 [00:23<00:00, 17.08it/s]
 97%|##############################1| 406/418 [00:23<00:00, 17.26it/s]
 98%|##############################2| 408/418 [00:23<00:00, 17.33it/s]
 98%|##############################4| 410/418 [00:23<00:00, 17.48it/s]
 99%|##############################5| 412/418 [00:24<00:00, 17.56it/s]
 99%|##############################7| 414/418 [00:24<00:00, 17.61it/s]
100%|##############################8| 416/418 [00:24<00:00, 17.56it/s]
100%|###############################| 418/418 [00:24<00:00, 17.74it/s]
100%|###############################| 418/418 [00:24<00:00, 17.10it/s]
[SEAL Epoch 3] loss=0.5309

[SEAL Epoch 4/20] Run 1/1 - training...

  0%|                                         | 0/418 [00:00<?, ?it/s]
  0%|1                                | 2/418 [00:00<00:25, 16.37it/s]
  1%|3                                | 4/418 [00:00<00:24, 17.15it/s]
  1%|4                                | 6/418 [00:00<00:23, 17.45it/s]
  2%|6                                | 8/418 [00:00<00:23, 17.52it/s]
  2%|7                               | 10/418 [00:00<00:23, 17.56it/s]
  3%|9                               | 12/418 [00:00<00:22, 17.67it/s]
  3%|#                               | 14/418 [00:00<00:22, 17.67it/s]
  4%|#2                              | 16/418 [00:00<00:22, 17.66it/s]
  4%|#3                              | 18/418 [00:01<00:22, 17.64it/s]
  5%|#5                              | 20/418 [00:01<00:22, 17.58it/s]
  5%|#6                              | 22/418 [00:01<00:22, 17.49it/s]
  6%|#8                              | 24/418 [00:01<00:22, 17.41it/s]
  6%|#9                              | 26/418 [00:01<00:22, 17.53it/s]
  7%|##1                             | 28/418 [00:01<00:22, 17.58it/s]
  7%|##2                             | 30/418 [00:01<00:22, 17.60it/s]
  8%|##4                             | 32/418 [00:01<00:21, 17.61it/s]
  8%|##6                             | 34/418 [00:01<00:21, 17.60it/s]
  9%|##7                             | 36/418 [00:02<00:21, 17.66it/s]
  9%|##9                             | 38/418 [00:02<00:22, 16.97it/s]
 10%|###                             | 40/418 [00:02<00:21, 17.26it/s]
 10%|###2                            | 42/418 [00:02<00:22, 16.70it/s]
 11%|###3                            | 44/418 [00:02<00:21, 17.07it/s]
 11%|###5                            | 46/418 [00:02<00:22, 16.55it/s]
 11%|###6                            | 48/418 [00:02<00:22, 16.79it/s]
 12%|###8                            | 50/418 [00:02<00:21, 17.05it/s]
 12%|###9                            | 52/418 [00:02<00:21, 17.29it/s]
 13%|####1                           | 54/418 [00:03<00:20, 17.42it/s]
 13%|####2                           | 56/418 [00:03<00:20, 17.29it/s]
 14%|####4                           | 58/418 [00:03<00:20, 17.44it/s]
 14%|####5                           | 60/418 [00:03<00:20, 17.62it/s]
 15%|####7                           | 62/418 [00:03<00:20, 17.70it/s]
 15%|####8                           | 64/418 [00:03<00:20, 17.69it/s]
 16%|#####                           | 66/418 [00:03<00:19, 17.72it/s]
 16%|#####2                          | 68/418 [00:03<00:19, 17.77it/s]
 17%|#####3                          | 70/418 [00:04<00:19, 17.73it/s]
 17%|#####5                          | 72/418 [00:04<00:19, 17.71it/s]
 18%|#####6                          | 74/418 [00:04<00:19, 17.61it/s]
 18%|#####8                          | 76/418 [00:04<00:19, 17.66it/s]
 19%|#####9                          | 78/418 [00:04<00:19, 17.59it/s]
 19%|######1                         | 80/418 [00:04<00:19, 17.55it/s]
 20%|######2                         | 82/418 [00:04<00:19, 17.57it/s]
 20%|######4                         | 84/418 [00:04<00:19, 16.83it/s]
 21%|######5                         | 86/418 [00:04<00:19, 17.09it/s]
 21%|######7                         | 88/418 [00:05<00:19, 17.31it/s]
 22%|######8                         | 90/418 [00:05<00:18, 17.38it/s]
 22%|#######                         | 92/418 [00:05<00:18, 17.36it/s]
 22%|#######1                        | 94/418 [00:05<00:18, 17.46it/s]
 23%|#######3                        | 96/418 [00:05<00:18, 17.54it/s]
 23%|#######5                        | 98/418 [00:05<00:18, 17.57it/s]
 24%|#######4                       | 100/418 [00:05<00:18, 16.88it/s]
 24%|#######5                       | 102/418 [00:05<00:18, 17.13it/s]
 25%|#######7                       | 104/418 [00:05<00:18, 17.00it/s]
 25%|#######8                       | 106/418 [00:06<00:18, 17.13it/s]
 26%|########                       | 108/418 [00:06<00:17, 17.37it/s]
 26%|########1                      | 110/418 [00:06<00:17, 17.62it/s]
 27%|########3                      | 112/418 [00:06<00:17, 17.62it/s]
 27%|########4                      | 114/418 [00:06<00:17, 17.63it/s]
 28%|########6                      | 116/418 [00:06<00:17, 17.65it/s]
 28%|########7                      | 118/418 [00:06<00:16, 17.68it/s]
 29%|########8                      | 120/418 [00:06<00:16, 17.73it/s]
 29%|#########                      | 122/418 [00:06<00:16, 17.80it/s]
 30%|#########1                     | 124/418 [00:07<00:16, 17.82it/s]
 30%|#########3                     | 126/418 [00:07<00:16, 17.83it/s]
 31%|#########4                     | 128/418 [00:07<00:16, 18.00it/s]
 31%|#########6                     | 130/418 [00:07<00:16, 17.97it/s]
 32%|#########7                     | 132/418 [00:07<00:15, 17.92it/s]
 32%|#########9                     | 134/418 [00:07<00:15, 17.84it/s]
 33%|##########                     | 136/418 [00:07<00:15, 17.84it/s]
 33%|##########2                    | 138/418 [00:07<00:15, 17.78it/s]
 33%|##########3                    | 140/418 [00:08<00:15, 17.68it/s]
 34%|##########5                    | 142/418 [00:08<00:15, 17.62it/s]
 34%|##########6                    | 144/418 [00:08<00:15, 17.61it/s]
 35%|##########8                    | 146/418 [00:08<00:15, 17.80it/s]
 35%|##########9                    | 148/418 [00:08<00:15, 17.83it/s]
 36%|###########1                   | 150/418 [00:08<00:15, 17.75it/s]
 36%|###########2                   | 152/418 [00:08<00:15, 17.72it/s]
 37%|###########4                   | 154/418 [00:08<00:14, 17.77it/s]
 37%|###########5                   | 156/418 [00:08<00:14, 17.73it/s]
 38%|###########7                   | 158/418 [00:09<00:14, 17.73it/s]
 38%|###########8                   | 160/418 [00:09<00:14, 17.65it/s]
 39%|############                   | 162/418 [00:09<00:14, 17.66it/s]
 39%|############1                  | 164/418 [00:09<00:14, 17.60it/s]
 40%|############3                  | 166/418 [00:09<00:14, 17.61it/s]
 40%|############4                  | 168/418 [00:09<00:14, 17.61it/s]
 41%|############6                  | 170/418 [00:09<00:14, 17.57it/s]
 41%|############7                  | 172/418 [00:09<00:14, 17.50it/s]
 42%|############9                  | 174/418 [00:09<00:13, 17.54it/s]
 42%|#############                  | 176/418 [00:10<00:13, 17.61it/s]
 43%|#############2                 | 178/418 [00:10<00:13, 17.59it/s]
 43%|#############3                 | 180/418 [00:10<00:13, 17.60it/s]
 44%|#############4                 | 182/418 [00:10<00:13, 17.50it/s]
 44%|#############6                 | 184/418 [00:10<00:13, 17.64it/s]
 44%|#############7                 | 186/418 [00:10<00:13, 17.64it/s]
 45%|#############9                 | 188/418 [00:10<00:13, 17.65it/s]
 45%|##############                 | 190/418 [00:10<00:12, 17.69it/s]
 46%|##############2                | 192/418 [00:10<00:12, 17.63it/s]
 46%|##############3                | 194/418 [00:11<00:12, 17.68it/s]
 47%|##############5                | 196/418 [00:11<00:12, 17.72it/s]
 47%|##############6                | 198/418 [00:11<00:12, 17.72it/s]
 48%|##############8                | 200/418 [00:11<00:12, 17.72it/s]
 48%|##############9                | 202/418 [00:11<00:12, 17.77it/s]
 49%|###############1               | 204/418 [00:11<00:12, 17.78it/s]
 49%|###############2               | 206/418 [00:11<00:11, 17.73it/s]
 50%|###############4               | 208/418 [00:11<00:11, 17.72it/s]
 50%|###############5               | 210/418 [00:11<00:11, 17.73it/s]
 51%|###############7               | 212/418 [00:12<00:11, 17.64it/s]
 51%|###############8               | 214/418 [00:12<00:11, 17.67it/s]
 52%|################               | 216/418 [00:12<00:11, 17.62it/s]
 52%|################1              | 218/418 [00:12<00:11, 17.61it/s]
 53%|################3              | 220/418 [00:12<00:11, 17.57it/s]
 53%|################4              | 222/418 [00:12<00:11, 17.58it/s]
 54%|################6              | 224/418 [00:12<00:10, 17.67it/s]
 54%|################7              | 226/418 [00:12<00:10, 17.64it/s]
 55%|################9              | 228/418 [00:12<00:10, 17.62it/s]
 55%|#################              | 230/418 [00:13<00:10, 17.54it/s]
 56%|#################2             | 232/418 [00:13<00:10, 17.47it/s]
 56%|#################3             | 234/418 [00:13<00:10, 17.54it/s]
 56%|#################5             | 236/418 [00:13<00:10, 17.40it/s]
 57%|#################6             | 238/418 [00:13<00:10, 17.49it/s]
 57%|#################7             | 240/418 [00:13<00:10, 17.52it/s]
 58%|#################9             | 242/418 [00:13<00:10, 17.54it/s]
 58%|##################             | 244/418 [00:13<00:09, 17.48it/s]
 59%|##################2            | 246/418 [00:14<00:09, 17.47it/s]
 59%|##################3            | 248/418 [00:14<00:09, 17.47it/s]
 60%|##################5            | 250/418 [00:14<00:09, 17.55it/s]
 60%|##################6            | 252/418 [00:14<00:09, 17.51it/s]
 61%|##################8            | 254/418 [00:14<00:09, 17.55it/s]
 61%|##################9            | 256/418 [00:14<00:09, 17.54it/s]
 62%|###################1           | 258/418 [00:14<00:09, 17.56it/s]
 62%|###################2           | 260/418 [00:14<00:09, 17.46it/s]
 63%|###################4           | 262/418 [00:14<00:08, 17.54it/s]
 63%|###################5           | 264/418 [00:15<00:08, 17.58it/s]
 64%|###################7           | 266/418 [00:15<00:08, 17.68it/s]
 64%|###################8           | 268/418 [00:15<00:08, 17.29it/s]
 65%|####################           | 270/418 [00:15<00:08, 17.08it/s]
 65%|####################1          | 272/418 [00:15<00:08, 16.94it/s]
 66%|####################3          | 274/418 [00:15<00:08, 16.90it/s]
 66%|####################4          | 276/418 [00:15<00:08, 16.92it/s]
 67%|####################6          | 278/418 [00:15<00:08, 16.96it/s]
 67%|####################7          | 280/418 [00:15<00:08, 17.18it/s]
 67%|####################9          | 282/418 [00:16<00:07, 17.27it/s]
 68%|#####################          | 284/418 [00:16<00:07, 17.33it/s]
 68%|#####################2         | 286/418 [00:16<00:07, 17.42it/s]
 69%|#####################3         | 288/418 [00:16<00:07, 17.51it/s]
 69%|#####################5         | 290/418 [00:16<00:07, 17.59it/s]
 70%|#####################6         | 292/418 [00:16<00:07, 17.66it/s]
 70%|#####################8         | 294/418 [00:16<00:07, 17.67it/s]
 71%|#####################9         | 296/418 [00:16<00:07, 16.99it/s]
 71%|######################1        | 298/418 [00:17<00:07, 17.14it/s]
 72%|######################2        | 300/418 [00:17<00:06, 17.33it/s]
 72%|######################3        | 302/418 [00:17<00:06, 17.41it/s]
 73%|######################5        | 304/418 [00:17<00:06, 17.42it/s]
 73%|######################6        | 306/418 [00:17<00:06, 17.57it/s]
 74%|######################8        | 308/418 [00:17<00:06, 17.62it/s]
 74%|######################9        | 310/418 [00:17<00:06, 17.56it/s]
 75%|#######################1       | 312/418 [00:17<00:06, 17.59it/s]
 75%|#######################2       | 314/418 [00:17<00:05, 17.65it/s]
 76%|#######################4       | 316/418 [00:18<00:05, 17.66it/s]
 76%|#######################5       | 318/418 [00:18<00:05, 17.72it/s]
 77%|#######################7       | 320/418 [00:18<00:05, 17.72it/s]
 77%|#######################8       | 322/418 [00:18<00:05, 17.68it/s]
 78%|########################       | 324/418 [00:18<00:05, 17.73it/s]
 78%|########################1      | 326/418 [00:18<00:05, 17.14it/s]
 78%|########################3      | 328/418 [00:18<00:05, 17.37it/s]
 79%|########################4      | 330/418 [00:18<00:05, 17.56it/s]
 79%|########################6      | 332/418 [00:18<00:04, 17.60it/s]
 80%|########################7      | 334/418 [00:19<00:04, 17.59it/s]
 80%|########################9      | 336/418 [00:19<00:04, 16.82it/s]
 81%|#########################      | 338/418 [00:19<00:04, 17.06it/s]
 81%|#########################2     | 340/418 [00:19<00:04, 16.54it/s]
 82%|#########################3     | 342/418 [00:19<00:04, 16.79it/s]
 82%|#########################5     | 344/418 [00:19<00:04, 17.00it/s]
 83%|#########################6     | 346/418 [00:19<00:04, 16.53it/s]
 83%|#########################8     | 348/418 [00:19<00:04, 16.83it/s]
 84%|#########################9     | 350/418 [00:20<00:03, 17.05it/s]
 84%|##########################1    | 352/418 [00:20<00:03, 17.19it/s]
 85%|##########################2    | 354/418 [00:20<00:03, 17.33it/s]
 85%|##########################4    | 356/418 [00:20<00:03, 17.54it/s]
 86%|##########################5    | 358/418 [00:20<00:03, 17.50it/s]
 86%|##########################6    | 360/418 [00:20<00:03, 17.56it/s]
 87%|##########################8    | 362/418 [00:20<00:03, 17.61it/s]
 87%|##########################9    | 364/418 [00:20<00:03, 17.68it/s]
 88%|###########################1   | 366/418 [00:20<00:02, 17.61it/s]
 88%|###########################2   | 368/418 [00:21<00:02, 17.60it/s]
 89%|###########################4   | 370/418 [00:21<00:02, 17.66it/s]
 89%|###########################5   | 372/418 [00:21<00:02, 17.56it/s]
 89%|###########################7   | 374/418 [00:21<00:02, 17.64it/s]
 90%|###########################8   | 376/418 [00:21<00:02, 17.52it/s]
 90%|############################   | 378/418 [00:21<00:02, 17.56it/s]
 91%|############################1  | 380/418 [00:21<00:02, 17.57it/s]
 91%|############################3  | 382/418 [00:21<00:02, 17.63it/s]
 92%|############################4  | 384/418 [00:21<00:01, 17.79it/s]
 92%|############################6  | 386/418 [00:22<00:01, 17.78it/s]
 93%|############################7  | 388/418 [00:22<00:01, 17.70it/s]
 93%|############################9  | 390/418 [00:22<00:01, 17.64it/s]
 94%|#############################  | 392/418 [00:22<00:01, 17.58it/s]
 94%|#############################2 | 394/418 [00:22<00:01, 17.61it/s]
 95%|#############################3 | 396/418 [00:22<00:01, 17.59it/s]
 95%|#############################5 | 398/418 [00:22<00:01, 17.67it/s]
 96%|#############################6 | 400/418 [00:22<00:01, 17.53it/s]
 96%|#############################8 | 402/418 [00:22<00:00, 17.61it/s]
 97%|#############################9 | 404/418 [00:23<00:00, 17.65it/s]
 97%|##############################1| 406/418 [00:23<00:00, 17.69it/s]
 98%|##############################2| 408/418 [00:23<00:00, 17.82it/s]
 98%|##############################4| 410/418 [00:23<00:00, 17.71it/s]
 99%|##############################5| 412/418 [00:23<00:00, 17.65it/s]
 99%|##############################7| 414/418 [00:23<00:00, 17.80it/s]
100%|##############################8| 416/418 [00:23<00:00, 17.74it/s]
100%|###############################| 418/418 [00:23<00:00, 17.51it/s]
100%|###############################| 418/418 [00:23<00:00, 17.50it/s]
[SEAL Epoch 4] loss=0.5247

[SEAL Epoch 5/20] Run 1/1 - training...

  0%|                                         | 0/418 [00:00<?, ?it/s]
  0%|1                                | 2/418 [00:00<00:28, 14.42it/s]
  1%|3                                | 4/418 [00:00<00:25, 16.19it/s]
  1%|4                                | 6/418 [00:00<00:24, 16.78it/s]
  2%|6                                | 8/418 [00:00<00:23, 17.13it/s]
  2%|7                               | 10/418 [00:00<00:23, 17.32it/s]
  3%|9                               | 12/418 [00:00<00:23, 17.51it/s]
  3%|#                               | 14/418 [00:00<00:22, 17.59it/s]
  4%|#2                              | 16/418 [00:00<00:22, 17.60it/s]
  4%|#3                              | 18/418 [00:01<00:22, 17.53it/s]
  5%|#5                              | 20/418 [00:01<00:22, 17.49it/s]
  5%|#6                              | 22/418 [00:01<00:22, 17.52it/s]
  6%|#8                              | 24/418 [00:01<00:23, 16.45it/s]
  6%|#9                              | 26/418 [00:01<00:23, 16.82it/s]
  7%|##1                             | 28/418 [00:01<00:22, 17.06it/s]
  7%|##2                             | 30/418 [00:01<00:22, 17.18it/s]
  8%|##4                             | 32/418 [00:01<00:22, 17.21it/s]
  8%|##6                             | 34/418 [00:01<00:22, 17.35it/s]
  9%|##7                             | 36/418 [00:02<00:21, 17.36it/s]
  9%|##9                             | 38/418 [00:02<00:21, 17.49it/s]
 10%|###                             | 40/418 [00:02<00:21, 17.53it/s]
 10%|###2                            | 42/418 [00:02<00:21, 17.58it/s]
 11%|###3                            | 44/418 [00:02<00:21, 17.66it/s]
 11%|###5                            | 46/418 [00:02<00:21, 17.66it/s]
 11%|###6                            | 48/418 [00:02<00:20, 17.71it/s]
 12%|###8                            | 50/418 [00:02<00:20, 17.66it/s]
 12%|###9                            | 52/418 [00:02<00:20, 17.71it/s]
 13%|####1                           | 54/418 [00:03<00:20, 17.53it/s]
 13%|####2                           | 56/418 [00:03<00:20, 17.59it/s]
 14%|####4                           | 58/418 [00:03<00:21, 16.94it/s]
 14%|####5                           | 60/418 [00:03<00:22, 15.97it/s]
 15%|####7                           | 62/418 [00:03<00:21, 16.48it/s]
 15%|####8                           | 64/418 [00:03<00:22, 16.08it/s]
 16%|#####                           | 66/418 [00:03<00:21, 16.52it/s]
 16%|#####2                          | 68/418 [00:03<00:20, 16.93it/s]
 17%|#####3                          | 70/418 [00:04<00:20, 17.25it/s]
 17%|#####5                          | 72/418 [00:04<00:19, 17.39it/s]
 18%|#####6                          | 74/418 [00:04<00:19, 17.51it/s]
 18%|#####8                          | 76/418 [00:04<00:19, 17.60it/s]
 19%|#####9                          | 78/418 [00:04<00:19, 17.64it/s]
 19%|######1                         | 80/418 [00:04<00:19, 17.64it/s]
 20%|######2                         | 82/418 [00:04<00:19, 17.67it/s]
 20%|######4                         | 84/418 [00:04<00:18, 17.73it/s]
 21%|######5                         | 86/418 [00:04<00:18, 17.70it/s]
 21%|######7                         | 88/418 [00:05<00:18, 17.53it/s]
 22%|######8                         | 90/418 [00:05<00:18, 17.47it/s]
 22%|#######                         | 92/418 [00:05<00:18, 17.51it/s]
 22%|#######1                        | 94/418 [00:05<00:18, 17.56it/s]
 23%|#######3                        | 96/418 [00:05<00:18, 17.52it/s]
 23%|#######5                        | 98/418 [00:05<00:18, 17.56it/s]
 24%|#######4                       | 100/418 [00:05<00:18, 17.55it/s]
 24%|#######5                       | 102/418 [00:05<00:17, 17.66it/s]
 25%|#######7                       | 104/418 [00:06<00:17, 17.70it/s]
 25%|#######8                       | 106/418 [00:06<00:17, 17.56it/s]
 26%|########                       | 108/418 [00:06<00:17, 17.75it/s]
 26%|########1                      | 110/418 [00:06<00:17, 17.87it/s]
 27%|########3                      | 112/418 [00:06<00:17, 17.25it/s]
 27%|########4                      | 114/418 [00:06<00:17, 17.35it/s]
 28%|########6                      | 116/418 [00:06<00:17, 17.44it/s]
 28%|########7                      | 118/418 [00:06<00:17, 17.58it/s]
 29%|########8                      | 120/418 [00:06<00:16, 17.67it/s]
 29%|#########                      | 122/418 [00:07<00:16, 17.72it/s]
 30%|#########1                     | 124/418 [00:07<00:16, 17.77it/s]
 30%|#########3                     | 126/418 [00:07<00:16, 17.87it/s]
 31%|#########4                     | 128/418 [00:07<00:16, 17.88it/s]
 31%|#########6                     | 130/418 [00:07<00:16, 17.84it/s]
 32%|#########7                     | 132/418 [00:07<00:16, 17.86it/s]
 32%|#########9                     | 134/418 [00:07<00:15, 17.94it/s]
 33%|##########                     | 136/418 [00:07<00:15, 17.89it/s]
 33%|##########2                    | 138/418 [00:07<00:15, 17.95it/s]
 33%|##########3                    | 140/418 [00:08<00:15, 17.96it/s]
 34%|##########5                    | 142/418 [00:08<00:15, 17.87it/s]
 34%|##########6                    | 144/418 [00:08<00:15, 17.64it/s]
 35%|##########8                    | 146/418 [00:08<00:15, 17.67it/s]
 35%|##########9                    | 148/418 [00:08<00:15, 17.68it/s]
 36%|###########1                   | 150/418 [00:08<00:15, 17.68it/s]
 36%|###########2                   | 152/418 [00:08<00:15, 17.69it/s]
 37%|###########4                   | 154/418 [00:08<00:14, 17.62it/s]
 37%|###########5                   | 156/418 [00:08<00:14, 17.55it/s]
 38%|###########7                   | 158/418 [00:09<00:14, 17.47it/s]
 38%|###########8                   | 160/418 [00:09<00:14, 17.52it/s]
 39%|############                   | 162/418 [00:09<00:14, 17.51it/s]
 39%|############1                  | 164/418 [00:09<00:14, 17.65it/s]
 40%|############3                  | 166/418 [00:09<00:14, 17.68it/s]
 40%|############4                  | 168/418 [00:09<00:14, 17.76it/s]
 41%|############6                  | 170/418 [00:09<00:13, 17.76it/s]
 41%|############7                  | 172/418 [00:09<00:13, 17.74it/s]
 42%|############9                  | 174/418 [00:09<00:13, 17.64it/s]
 42%|#############                  | 176/418 [00:10<00:13, 17.64it/s]
 43%|#############2                 | 178/418 [00:10<00:13, 17.63it/s]
 43%|#############3                 | 180/418 [00:10<00:13, 17.62it/s]
 44%|#############4                 | 182/418 [00:10<00:13, 17.67it/s]
 44%|#############6                 | 184/418 [00:10<00:13, 17.71it/s]
 44%|#############7                 | 186/418 [00:10<00:13, 17.63it/s]
 45%|#############9                 | 188/418 [00:10<00:13, 17.69it/s]
 45%|##############                 | 190/418 [00:10<00:12, 17.72it/s]
 46%|##############2                | 192/418 [00:10<00:12, 17.66it/s]
 46%|##############3                | 194/418 [00:11<00:36,  6.11it/s]
 47%|##############5                | 196/418 [00:11<00:29,  7.60it/s]
 47%|##############6                | 198/418 [00:12<00:24,  8.98it/s]
 48%|##############8                | 200/418 [00:12<00:20, 10.40it/s]
 48%|##############9                | 202/418 [00:12<00:18, 11.85it/s]
 49%|###############1               | 204/418 [00:12<00:16, 12.77it/s]
 49%|###############2               | 206/418 [00:12<00:15, 13.98it/s]
 50%|###############4               | 208/418 [00:12<00:14, 14.88it/s]
 50%|###############5               | 210/418 [00:12<00:13, 15.65it/s]
 51%|###############7               | 212/418 [00:12<00:12, 16.26it/s]
 51%|###############8               | 214/418 [00:12<00:12, 16.68it/s]
 52%|################               | 216/418 [00:13<00:11, 17.01it/s]
 52%|################1              | 218/418 [00:13<00:11, 17.17it/s]
 53%|################3              | 220/418 [00:13<00:11, 17.42it/s]
 53%|################4              | 222/418 [00:13<00:11, 17.46it/s]
 54%|################6              | 224/418 [00:13<00:11, 17.61it/s]
 54%|################7              | 226/418 [00:13<00:10, 17.69it/s]
 55%|################9              | 228/418 [00:13<00:10, 17.71it/s]
 55%|#################              | 230/418 [00:13<00:10, 17.60it/s]
 56%|#################2             | 232/418 [00:13<00:10, 17.63it/s]
 56%|#################3             | 234/418 [00:14<00:10, 17.74it/s]
 56%|#################5             | 236/418 [00:14<00:10, 17.70it/s]
 57%|#################6             | 238/418 [00:14<00:10, 17.79it/s]
 57%|#################7             | 240/418 [00:14<00:09, 17.84it/s]
 58%|#################9             | 242/418 [00:14<00:09, 17.79it/s]
 58%|##################             | 244/418 [00:14<00:09, 17.82it/s]
 59%|##################2            | 246/418 [00:14<00:09, 17.82it/s]
 59%|##################3            | 248/418 [00:14<00:09, 17.80it/s]
 60%|##################5            | 250/418 [00:15<00:09, 17.74it/s]
 60%|##################6            | 252/418 [00:15<00:09, 17.64it/s]
 61%|##################8            | 254/418 [00:15<00:09, 17.13it/s]
 61%|##################9            | 256/418 [00:15<00:09, 17.27it/s]
 62%|###################1           | 258/418 [00:15<00:09, 17.39it/s]
 62%|###################2           | 260/418 [00:15<00:09, 17.55it/s]
 63%|###################4           | 262/418 [00:15<00:08, 17.58it/s]
 63%|###################5           | 264/418 [00:15<00:08, 17.59it/s]
 64%|###################7           | 266/418 [00:15<00:08, 17.59it/s]
 64%|###################8           | 268/418 [00:16<00:09, 16.65it/s]
 65%|####################           | 270/418 [00:16<00:08, 16.86it/s]
 65%|####################1          | 272/418 [00:16<00:08, 17.04it/s]
 66%|####################3          | 274/418 [00:16<00:08, 17.20it/s]
 66%|####################4          | 276/418 [00:16<00:08, 17.31it/s]
 67%|####################6          | 278/418 [00:16<00:08, 17.44it/s]
 67%|####################7          | 280/418 [00:16<00:08, 16.77it/s]
 67%|####################9          | 282/418 [00:16<00:08, 16.98it/s]
 68%|#####################          | 284/418 [00:16<00:07, 17.21it/s]
 68%|#####################2         | 286/418 [00:17<00:07, 17.29it/s]
 69%|#####################3         | 288/418 [00:17<00:07, 17.45it/s]
 69%|#####################5         | 290/418 [00:17<00:07, 17.50it/s]
 70%|#####################6         | 292/418 [00:17<00:07, 17.53it/s]
 70%|#####################8         | 294/418 [00:17<00:07, 17.54it/s]
 71%|#####################9         | 296/418 [00:17<00:06, 17.43it/s]
 71%|######################1        | 298/418 [00:17<00:07, 16.29it/s]
 72%|######################2        | 300/418 [00:17<00:07, 16.65it/s]
 72%|######################3        | 302/418 [00:18<00:06, 16.74it/s]
 73%|######################5        | 304/418 [00:18<00:06, 16.74it/s]
 73%|######################6        | 306/418 [00:18<00:06, 16.68it/s]
 74%|######################8        | 308/418 [00:18<00:06, 16.79it/s]
 74%|######################9        | 310/418 [00:18<00:06, 16.73it/s]
 75%|#######################1       | 312/418 [00:18<00:06, 16.69it/s]
 75%|#######################2       | 314/418 [00:18<00:06, 17.04it/s]
 76%|#######################4       | 316/418 [00:18<00:05, 17.28it/s]
 76%|#######################5       | 318/418 [00:18<00:05, 17.47it/s]
 77%|#######################7       | 320/418 [00:19<00:05, 17.50it/s]
 77%|#######################8       | 322/418 [00:19<00:05, 17.60it/s]
 78%|########################       | 324/418 [00:19<00:05, 17.54it/s]
 78%|########################1      | 326/418 [00:19<00:05, 17.57it/s]
 78%|########################3      | 328/418 [00:19<00:05, 17.58it/s]
 79%|########################4      | 330/418 [00:19<00:04, 17.66it/s]
 79%|########################6      | 332/418 [00:19<00:04, 17.66it/s]
 80%|########################7      | 334/418 [00:19<00:04, 17.71it/s]
 80%|########################9      | 336/418 [00:19<00:04, 17.70it/s]
 81%|#########################      | 338/418 [00:20<00:04, 17.79it/s]
 81%|#########################2     | 340/418 [00:20<00:04, 17.64it/s]
 82%|#########################3     | 342/418 [00:20<00:04, 17.64it/s]
 82%|#########################5     | 344/418 [00:20<00:04, 17.64it/s]
 83%|#########################6     | 346/418 [00:20<00:04, 17.59it/s]
 83%|#########################8     | 348/418 [00:20<00:03, 17.64it/s]
 84%|#########################9     | 350/418 [00:20<00:03, 17.66it/s]
 84%|##########################1    | 352/418 [00:20<00:03, 17.61it/s]
 85%|##########################2    | 354/418 [00:21<00:03, 17.55it/s]
 85%|##########################4    | 356/418 [00:21<00:03, 17.57it/s]
 86%|##########################5    | 358/418 [00:21<00:03, 17.12it/s]
 86%|##########################6    | 360/418 [00:21<00:03, 16.97it/s]
 87%|##########################8    | 362/418 [00:21<00:03, 16.86it/s]
 87%|##########################9    | 364/418 [00:21<00:03, 16.86it/s]
 88%|###########################1   | 366/418 [00:21<00:03, 16.90it/s]
 88%|###########################2   | 368/418 [00:21<00:02, 17.07it/s]
 89%|###########################4   | 370/418 [00:21<00:02, 17.18it/s]
 89%|###########################5   | 372/418 [00:22<00:02, 17.31it/s]
 89%|###########################7   | 374/418 [00:22<00:02, 17.36it/s]
 90%|###########################8   | 376/418 [00:22<00:02, 17.40it/s]
 90%|############################   | 378/418 [00:22<00:02, 16.85it/s]
 91%|############################1  | 380/418 [00:22<00:02, 17.01it/s]
 91%|############################3  | 382/418 [00:22<00:02, 17.20it/s]
 92%|############################4  | 384/418 [00:22<00:01, 17.36it/s]
 92%|############################6  | 386/418 [00:22<00:01, 17.27it/s]
 93%|############################7  | 388/418 [00:22<00:01, 17.42it/s]
 93%|############################9  | 390/418 [00:23<00:01, 17.51it/s]
 94%|#############################  | 392/418 [00:23<00:01, 16.97it/s]
 94%|#############################2 | 394/418 [00:23<00:01, 17.13it/s]
 95%|#############################3 | 396/418 [00:23<00:01, 17.28it/s]
 95%|#############################5 | 398/418 [00:23<00:01, 17.46it/s]
 96%|#############################6 | 400/418 [00:23<00:01, 17.63it/s]
 96%|#############################8 | 402/418 [00:23<00:00, 17.71it/s]
 97%|#############################9 | 404/418 [00:23<00:00, 17.74it/s]
 97%|##############################1| 406/418 [00:24<00:00, 17.91it/s]
 98%|##############################2| 408/418 [00:24<00:00, 17.91it/s]
 98%|##############################4| 410/418 [00:24<00:00, 17.81it/s]
 99%|##############################5| 412/418 [00:24<00:00, 17.74it/s]
 99%|##############################7| 414/418 [00:24<00:00, 17.79it/s]
100%|##############################8| 416/418 [00:24<00:00, 17.80it/s]
100%|###############################| 418/418 [00:24<00:00, 18.01it/s]
100%|###############################| 418/418 [00:24<00:00, 16.93it/s]
[SEAL Epoch 5] loss=0.5236

[SEAL Epoch 6/20] Run 1/1 - training...

  0%|                                         | 0/418 [00:00<?, ?it/s]
  0%|1                                | 2/418 [00:00<00:25, 16.20it/s]
  1%|3                                | 4/418 [00:00<00:24, 17.17it/s]
  1%|4                                | 6/418 [00:00<00:23, 17.48it/s]
  2%|6                                | 8/418 [00:00<00:23, 17.56it/s]
  2%|7                               | 10/418 [00:00<00:23, 17.58it/s]
  3%|9                               | 12/418 [00:00<00:23, 17.65it/s]
  3%|#                               | 14/418 [00:00<00:22, 17.70it/s]
  4%|#2                              | 16/418 [00:00<00:22, 17.75it/s]
  4%|#3                              | 18/418 [00:01<00:22, 17.75it/s]
  5%|#5                              | 20/418 [00:01<00:22, 17.75it/s]
  5%|#6                              | 22/418 [00:01<00:22, 17.73it/s]
  6%|#8                              | 24/418 [00:01<00:22, 17.81it/s]
  6%|#9                              | 26/418 [00:01<00:21, 17.83it/s]
  7%|##1                             | 28/418 [00:01<00:21, 17.85it/s]
  7%|##2                             | 30/418 [00:01<00:21, 17.84it/s]
  8%|##4                             | 32/418 [00:01<00:21, 17.85it/s]
  8%|##6                             | 34/418 [00:01<00:22, 17.20it/s]
  9%|##7                             | 36/418 [00:02<00:22, 17.32it/s]
  9%|##9                             | 38/418 [00:02<00:21, 17.48it/s]
 10%|###                             | 40/418 [00:02<00:21, 17.51it/s]
 10%|###2                            | 42/418 [00:02<00:21, 17.51it/s]
 11%|###3                            | 44/418 [00:02<00:21, 17.71it/s]
 11%|###5                            | 46/418 [00:02<00:21, 17.66it/s]
 11%|###6                            | 48/418 [00:02<00:20, 17.63it/s]
 12%|###8                            | 50/418 [00:02<00:20, 17.68it/s]
 12%|###9                            | 52/418 [00:02<00:20, 17.75it/s]
 13%|####1                           | 54/418 [00:03<00:20, 17.72it/s]
 13%|####2                           | 56/418 [00:03<00:20, 17.75it/s]
 14%|####4                           | 58/418 [00:03<00:20, 17.67it/s]
 14%|####5                           | 60/418 [00:03<00:20, 17.69it/s]
 15%|####7                           | 62/418 [00:03<00:20, 17.78it/s]
 15%|####8                           | 64/418 [00:03<00:19, 17.81it/s]
 16%|#####                           | 66/418 [00:03<00:19, 17.73it/s]
 16%|#####2                          | 68/418 [00:03<00:19, 17.81it/s]
 17%|#####3                          | 70/418 [00:03<00:19, 17.89it/s]
 17%|#####5                          | 72/418 [00:04<00:19, 17.83it/s]
 18%|#####6                          | 74/418 [00:04<00:19, 17.84it/s]
 18%|#####8                          | 76/418 [00:04<00:19, 17.90it/s]
 19%|#####9                          | 78/418 [00:04<00:19, 17.89it/s]
 19%|######1                         | 80/418 [00:04<00:18, 17.89it/s]
 20%|######2                         | 82/418 [00:04<00:18, 17.98it/s]
 20%|######4                         | 84/418 [00:04<00:18, 17.93it/s]
 21%|######5                         | 86/418 [00:04<00:18, 17.90it/s]
 21%|######7                         | 88/418 [00:04<00:18, 17.91it/s]
 22%|######8                         | 90/418 [00:05<00:18, 17.84it/s]
 22%|#######                         | 92/418 [00:05<00:18, 17.78it/s]
 22%|#######1                        | 94/418 [00:05<00:18, 17.77it/s]
 23%|#######3                        | 96/418 [00:05<00:18, 17.77it/s]
 23%|#######5                        | 98/418 [00:05<00:17, 17.81it/s]
 24%|#######4                       | 100/418 [00:05<00:18, 17.66it/s]
 24%|#######5                       | 102/418 [00:05<00:17, 17.71it/s]
 25%|#######7                       | 104/418 [00:05<00:17, 17.75it/s]
 25%|#######8                       | 106/418 [00:05<00:17, 17.75it/s]
 26%|########                       | 108/418 [00:06<00:17, 17.80it/s]
 26%|########1                      | 110/418 [00:06<00:18, 17.07it/s]
 27%|########3                      | 112/418 [00:06<00:17, 17.22it/s]
 27%|########4                      | 114/418 [00:06<00:17, 17.29it/s]
 28%|########6                      | 116/418 [00:06<00:17, 17.39it/s]
 28%|########7                      | 118/418 [00:06<00:17, 17.38it/s]
 29%|########8                      | 120/418 [00:06<00:17, 17.46it/s]
 29%|#########                      | 122/418 [00:06<00:16, 17.56it/s]
 30%|#########1                     | 124/418 [00:07<00:16, 17.64it/s]
 30%|#########3                     | 126/418 [00:07<00:16, 17.65it/s]
 31%|#########4                     | 128/418 [00:07<00:16, 17.65it/s]
 31%|#########6                     | 130/418 [00:07<00:16, 17.50it/s]
 32%|#########7                     | 132/418 [00:07<00:16, 17.49it/s]
 32%|#########9                     | 134/418 [00:07<00:16, 17.53it/s]
 33%|##########                     | 136/418 [00:07<00:15, 17.66it/s]
 33%|##########2                    | 138/418 [00:07<00:15, 17.72it/s]
 33%|##########3                    | 140/418 [00:07<00:15, 17.70it/s]
 34%|##########5                    | 142/418 [00:08<00:15, 17.77it/s]
 34%|##########6                    | 144/418 [00:08<00:15, 17.80it/s]
 35%|##########8                    | 146/418 [00:08<00:15, 17.91it/s]
 35%|##########9                    | 148/418 [00:08<00:15, 17.91it/s]
 36%|###########1                   | 150/418 [00:08<00:14, 17.88it/s]
 36%|###########2                   | 152/418 [00:08<00:14, 17.83it/s]
 37%|###########4                   | 154/418 [00:08<00:14, 17.93it/s]
 37%|###########5                   | 156/418 [00:08<00:14, 17.93it/s]
 38%|###########7                   | 158/418 [00:08<00:14, 17.89it/s]
 38%|###########8                   | 160/418 [00:09<00:14, 17.83it/s]
 39%|############                   | 162/418 [00:09<00:14, 17.88it/s]
 39%|############1                  | 164/418 [00:09<00:14, 17.84it/s]
 40%|############3                  | 166/418 [00:09<00:14, 17.81it/s]
 40%|############4                  | 168/418 [00:09<00:14, 17.78it/s]
 41%|############6                  | 170/418 [00:09<00:13, 17.75it/s]
 41%|############7                  | 172/418 [00:09<00:13, 17.67it/s]
 42%|############9                  | 174/418 [00:09<00:13, 17.64it/s]
 42%|#############                  | 176/418 [00:09<00:13, 17.61it/s]
 43%|#############2                 | 178/418 [00:10<00:13, 17.71it/s]
 43%|#############3                 | 180/418 [00:10<00:13, 17.12it/s]
 44%|#############4                 | 182/418 [00:10<00:13, 17.28it/s]
 44%|#############6                 | 184/418 [00:10<00:13, 17.44it/s]
 44%|#############7                 | 186/418 [00:10<00:13, 17.48it/s]
 45%|#############9                 | 188/418 [00:10<00:13, 17.47it/s]
 45%|##############                 | 190/418 [00:10<00:13, 17.32it/s]
 46%|##############2                | 192/418 [00:10<00:12, 17.49it/s]
 46%|##############3                | 194/418 [00:10<00:13, 16.90it/s]
 47%|##############5                | 196/418 [00:11<00:12, 17.18it/s]
 47%|##############6                | 198/418 [00:11<00:13, 16.67it/s]
 48%|##############8                | 200/418 [00:11<00:12, 16.95it/s]
 48%|##############9                | 202/418 [00:11<00:12, 17.17it/s]
 49%|###############1               | 204/418 [00:11<00:12, 17.31it/s]
 49%|###############2               | 206/418 [00:11<00:12, 17.43it/s]
 50%|###############4               | 208/418 [00:11<00:12, 17.43it/s]
 50%|###############5               | 210/418 [00:11<00:11, 17.61it/s]
 51%|###############7               | 212/418 [00:12<00:11, 17.62it/s]
 51%|###############8               | 214/418 [00:12<00:11, 17.69it/s]
 52%|################               | 216/418 [00:12<00:11, 17.77it/s]
 52%|################1              | 218/418 [00:12<00:11, 17.86it/s]
 53%|################3              | 220/418 [00:12<00:11, 17.80it/s]
 53%|################4              | 222/418 [00:12<00:11, 17.75it/s]
 54%|################6              | 224/418 [00:12<00:10, 17.65it/s]
 54%|################7              | 226/418 [00:12<00:11, 17.37it/s]
 55%|################9              | 228/418 [00:12<00:10, 17.42it/s]
 55%|#################              | 230/418 [00:13<00:10, 17.32it/s]
 56%|#################2             | 232/418 [00:13<00:10, 17.35it/s]
 56%|#################3             | 234/418 [00:13<00:10, 17.33it/s]
 56%|#################5             | 236/418 [00:13<00:10, 17.41it/s]
 57%|#################6             | 238/418 [00:13<00:10, 17.46it/s]
 57%|#################7             | 240/418 [00:13<00:10, 17.58it/s]
 58%|#################9             | 242/418 [00:13<00:09, 17.63it/s]
 58%|##################             | 244/418 [00:13<00:09, 17.56it/s]
 59%|##################2            | 246/418 [00:13<00:09, 17.57it/s]
 59%|##################3            | 248/418 [00:14<00:09, 17.55it/s]
 60%|##################5            | 250/418 [00:14<00:09, 17.01it/s]
 60%|##################6            | 252/418 [00:14<00:09, 17.26it/s]
 61%|##################8            | 254/418 [00:14<00:09, 17.36it/s]
 61%|##################9            | 256/418 [00:14<00:09, 17.54it/s]
 62%|###################1           | 258/418 [00:14<00:09, 17.54it/s]
 62%|###################2           | 260/418 [00:14<00:08, 17.61it/s]
 63%|###################4           | 262/418 [00:14<00:08, 17.47it/s]
 63%|###################5           | 264/418 [00:14<00:08, 17.67it/s]
 64%|###################7           | 266/418 [00:15<00:08, 17.66it/s]
 64%|###################8           | 268/418 [00:15<00:08, 17.73it/s]
 65%|####################           | 270/418 [00:15<00:08, 17.74it/s]
 65%|####################1          | 272/418 [00:15<00:08, 17.69it/s]
 66%|####################3          | 274/418 [00:15<00:08, 17.63it/s]
 66%|####################4          | 276/418 [00:15<00:08, 17.64it/s]
 67%|####################6          | 278/418 [00:15<00:07, 17.63it/s]
 67%|####################7          | 280/418 [00:15<00:07, 17.69it/s]
 67%|####################9          | 282/418 [00:16<00:07, 17.45it/s]
 68%|#####################          | 284/418 [00:16<00:07, 17.57it/s]
 68%|#####################2         | 286/418 [00:16<00:07, 17.59it/s]
 69%|#####################3         | 288/418 [00:16<00:07, 17.64it/s]
 69%|#####################5         | 290/418 [00:16<00:07, 16.85it/s]
 70%|#####################6         | 292/418 [00:16<00:07, 17.06it/s]
 70%|#####################8         | 294/418 [00:16<00:07, 17.13it/s]
 71%|#####################9         | 296/418 [00:16<00:07, 17.30it/s]
 71%|######################1        | 298/418 [00:16<00:06, 17.48it/s]
 72%|######################2        | 300/418 [00:17<00:06, 17.37it/s]
 72%|######################3        | 302/418 [00:17<00:06, 17.23it/s]
 73%|######################5        | 304/418 [00:17<00:06, 17.35it/s]
 73%|######################6        | 306/418 [00:17<00:06, 17.52it/s]
 74%|######################8        | 308/418 [00:17<00:06, 17.50it/s]
 74%|######################9        | 310/418 [00:17<00:06, 17.58it/s]
 75%|#######################1       | 312/418 [00:17<00:06, 17.58it/s]
 75%|#######################2       | 314/418 [00:17<00:05, 17.62it/s]
 76%|#######################4       | 316/418 [00:17<00:05, 17.54it/s]
 76%|#######################5       | 318/418 [00:18<00:05, 17.59it/s]
 77%|#######################7       | 320/418 [00:18<00:05, 17.77it/s]
 77%|#######################8       | 322/418 [00:18<00:05, 17.75it/s]
 78%|########################       | 324/418 [00:18<00:05, 17.69it/s]
 78%|########################1      | 326/418 [00:18<00:05, 17.66it/s]
 78%|########################3      | 328/418 [00:18<00:05, 17.69it/s]
 79%|########################4      | 330/418 [00:18<00:04, 17.74it/s]
 79%|########################6      | 332/418 [00:18<00:04, 17.64it/s]
 80%|########################7      | 334/418 [00:18<00:04, 17.69it/s]
 80%|########################9      | 336/418 [00:19<00:04, 17.79it/s]
 81%|#########################      | 338/418 [00:19<00:04, 17.87it/s]
 81%|#########################2     | 340/418 [00:19<00:04, 17.13it/s]
 82%|#########################3     | 342/418 [00:19<00:04, 17.30it/s]
 82%|#########################5     | 344/418 [00:19<00:04, 16.85it/s]
 83%|#########################6     | 346/418 [00:19<00:04, 17.10it/s]
 83%|#########################8     | 348/418 [00:19<00:04, 17.32it/s]
 84%|#########################9     | 350/418 [00:19<00:03, 17.42it/s]
 84%|##########################1    | 352/418 [00:20<00:03, 17.44it/s]
 85%|##########################2    | 354/418 [00:20<00:03, 17.50it/s]
 85%|##########################4    | 356/418 [00:20<00:03, 17.48it/s]
 86%|##########################5    | 358/418 [00:20<00:03, 17.59it/s]
 86%|##########################6    | 360/418 [00:20<00:03, 17.66it/s]
 87%|##########################8    | 362/418 [00:20<00:03, 17.65it/s]
 87%|##########################9    | 364/418 [00:20<00:03, 17.51it/s]
 88%|###########################1   | 366/418 [00:20<00:02, 17.63it/s]
 88%|###########################2   | 368/418 [00:20<00:02, 17.61it/s]
 89%|###########################4   | 370/418 [00:21<00:02, 17.63it/s]
 89%|###########################5   | 372/418 [00:21<00:02, 17.72it/s]
 89%|###########################7   | 374/418 [00:21<00:02, 17.63it/s]
 90%|###########################8   | 376/418 [00:21<00:02, 17.71it/s]
 90%|############################   | 378/418 [00:21<00:02, 17.72it/s]
 91%|############################1  | 380/418 [00:21<00:02, 17.69it/s]
 91%|############################3  | 382/418 [00:21<00:02, 17.74it/s]
 92%|############################4  | 384/418 [00:21<00:01, 17.74it/s]
 92%|############################6  | 386/418 [00:21<00:01, 17.75it/s]
 93%|############################7  | 388/418 [00:22<00:01, 17.71it/s]
 93%|############################9  | 390/418 [00:22<00:01, 17.68it/s]
 94%|#############################  | 392/418 [00:22<00:01, 17.67it/s]
 94%|#############################2 | 394/418 [00:22<00:01, 17.79it/s]
 95%|#############################3 | 396/418 [00:22<00:01, 17.86it/s]
 95%|#############################5 | 398/418 [00:22<00:01, 17.73it/s]
 96%|#############################6 | 400/418 [00:22<00:01, 17.78it/s]
 96%|#############################8 | 402/418 [00:22<00:00, 17.79it/s]
 97%|#############################9 | 404/418 [00:22<00:00, 17.80it/s]
 97%|##############################1| 406/418 [00:23<00:00, 17.85it/s]
 98%|##############################2| 408/418 [00:23<00:00, 17.90it/s]
 98%|##############################4| 410/418 [00:23<00:00, 17.83it/s]
 99%|##############################5| 412/418 [00:23<00:00, 17.70it/s]
 99%|##############################7| 414/418 [00:23<00:00, 17.71it/s]
100%|##############################8| 416/418 [00:23<00:00, 17.59it/s]
100%|###############################| 418/418 [00:23<00:00, 17.74it/s]
100%|###############################| 418/418 [00:23<00:00, 17.60it/s]
[SEAL Epoch 6] loss=0.5227

[SEAL Epoch 7/20] Run 1/1 - training...

  0%|                                         | 0/418 [00:00<?, ?it/s]
  0%|1                                | 2/418 [00:00<00:25, 16.43it/s]
  1%|3                                | 4/418 [00:00<00:24, 16.84it/s]
  1%|4                                | 6/418 [00:00<00:24, 17.16it/s]
  2%|6                                | 8/418 [00:00<00:23, 17.36it/s]
  2%|7                               | 10/418 [00:00<00:23, 17.48it/s]
  3%|9                               | 12/418 [00:00<00:23, 17.57it/s]
  3%|#                               | 14/418 [00:00<00:22, 17.71it/s]
  4%|#2                              | 16/418 [00:00<00:22, 17.67it/s]
  4%|#3                              | 18/418 [00:01<00:22, 17.52it/s]
  5%|#5                              | 20/418 [00:01<00:22, 17.51it/s]
  5%|#6                              | 22/418 [00:01<00:22, 17.55it/s]
  6%|#8                              | 24/418 [00:01<00:22, 17.62it/s]
  6%|#9                              | 26/418 [00:01<00:22, 17.66it/s]
  7%|##1                             | 28/418 [00:01<00:23, 16.70it/s]
  7%|##2                             | 30/418 [00:01<00:22, 16.91it/s]
  8%|##4                             | 32/418 [00:01<00:22, 17.15it/s]
  8%|##6                             | 34/418 [00:01<00:23, 16.53it/s]
  9%|##7                             | 36/418 [00:02<00:22, 16.92it/s]
  9%|##9                             | 38/418 [00:02<00:22, 17.15it/s]
 10%|###                             | 40/418 [00:02<00:21, 17.33it/s]
 10%|###2                            | 42/418 [00:02<00:21, 17.44it/s]
 11%|###3                            | 44/418 [00:02<00:21, 17.50it/s]
 11%|###5                            | 46/418 [00:02<00:21, 17.56it/s]
 11%|###6                            | 48/418 [00:02<00:20, 17.76it/s]
 12%|###8                            | 50/418 [00:02<00:20, 17.74it/s]
 12%|###9                            | 52/418 [00:02<00:20, 17.73it/s]
 13%|####1                           | 54/418 [00:03<00:20, 17.76it/s]
 13%|####2                           | 56/418 [00:03<00:20, 17.77it/s]
 14%|####4                           | 58/418 [00:03<00:20, 17.70it/s]
 14%|####5                           | 60/418 [00:03<00:20, 17.77it/s]
 15%|####7                           | 62/418 [00:03<00:19, 17.81it/s]
 15%|####8                           | 64/418 [00:03<00:19, 17.81it/s]
 16%|#####                           | 66/418 [00:03<00:21, 16.59it/s]
 16%|#####2                          | 68/418 [00:03<00:20, 16.93it/s]
 17%|#####3                          | 70/418 [00:04<00:20, 16.63it/s]
 17%|#####5                          | 72/418 [00:04<00:20, 17.00it/s]
 18%|#####6                          | 74/418 [00:04<00:20, 17.16it/s]
 18%|#####8                          | 76/418 [00:04<00:19, 17.36it/s]
 19%|#####9                          | 78/418 [00:04<00:19, 17.42it/s]
 19%|######1                         | 80/418 [00:04<00:19, 17.47it/s]
 20%|######2                         | 82/418 [00:04<00:19, 17.66it/s]
 20%|######4                         | 84/418 [00:04<00:18, 17.67it/s]
 21%|######5                         | 86/418 [00:04<00:18, 17.74it/s]
 21%|######7                         | 88/418 [00:05<00:18, 17.71it/s]
 22%|######8                         | 90/418 [00:05<00:18, 17.69it/s]
 22%|#######                         | 92/418 [00:05<00:18, 17.70it/s]
 22%|#######1                        | 94/418 [00:05<00:18, 17.64it/s]
 23%|#######3                        | 96/418 [00:05<00:18, 17.62it/s]
 23%|#######5                        | 98/418 [00:05<00:18, 17.65it/s]
 24%|#######4                       | 100/418 [00:05<00:18, 17.24it/s]
 24%|#######5                       | 102/418 [00:05<00:18, 17.25it/s]
 25%|#######7                       | 104/418 [00:05<00:18, 17.36it/s]
 25%|#######8                       | 106/418 [00:06<00:18, 17.30it/s]
 26%|########                       | 108/418 [00:06<00:17, 17.42it/s]
 26%|########1                      | 110/418 [00:06<00:17, 17.51it/s]
 27%|########3                      | 112/418 [00:06<00:17, 17.48it/s]
 27%|########4                      | 114/418 [00:06<00:17, 17.53it/s]
 28%|########6                      | 116/418 [00:07<00:49,  6.11it/s]
 28%|########7                      | 118/418 [00:07<00:39,  7.61it/s]
 29%|########8                      | 120/418 [00:07<00:32,  9.21it/s]
 29%|#########                      | 122/418 [00:07<00:27, 10.74it/s]
 30%|#########1                     | 124/418 [00:07<00:24, 12.18it/s]
 30%|#########3                     | 126/418 [00:07<00:21, 13.44it/s]
 31%|#########4                     | 128/418 [00:08<00:20, 14.46it/s]
 31%|#########6                     | 130/418 [00:08<00:18, 15.25it/s]
 32%|#########7                     | 132/418 [00:08<00:17, 15.92it/s]
 32%|#########9                     | 134/418 [00:08<00:17, 16.33it/s]
 33%|##########                     | 136/418 [00:08<00:16, 16.68it/s]
 33%|##########2                    | 138/418 [00:08<00:17, 16.30it/s]
 33%|##########3                    | 140/418 [00:08<00:16, 16.57it/s]
 34%|##########5                    | 142/418 [00:08<00:16, 16.82it/s]
 34%|##########6                    | 144/418 [00:08<00:16, 17.06it/s]
 35%|##########8                    | 146/418 [00:09<00:15, 17.20it/s]
 35%|##########9                    | 148/418 [00:09<00:15, 17.35it/s]
 36%|###########1                   | 150/418 [00:09<00:15, 17.46it/s]
 36%|###########2                   | 152/418 [00:09<00:15, 17.54it/s]
 37%|###########4                   | 154/418 [00:09<00:14, 17.68it/s]
 37%|###########5                   | 156/418 [00:09<00:14, 17.65it/s]
 38%|###########7                   | 158/418 [00:09<00:14, 17.71it/s]
 38%|###########8                   | 160/418 [00:09<00:14, 17.79it/s]
 39%|############                   | 162/418 [00:09<00:14, 17.83it/s]
 39%|############1                  | 164/418 [00:10<00:14, 17.80it/s]
 40%|############3                  | 166/418 [00:10<00:14, 17.85it/s]
 40%|############4                  | 168/418 [00:10<00:13, 17.89it/s]
 41%|############6                  | 170/418 [00:10<00:13, 17.84it/s]
 41%|############7                  | 172/418 [00:10<00:13, 17.79it/s]
 42%|############9                  | 174/418 [00:10<00:13, 17.73it/s]
 42%|#############                  | 176/418 [00:10<00:13, 17.45it/s]
 43%|#############2                 | 178/418 [00:10<00:13, 17.50it/s]
 43%|#############3                 | 180/418 [00:11<00:13, 17.61it/s]
 44%|#############4                 | 182/418 [00:11<00:13, 17.58it/s]
 44%|#############6                 | 184/418 [00:11<00:13, 17.70it/s]
 44%|#############7                 | 186/418 [00:11<00:13, 17.63it/s]
 45%|#############9                 | 188/418 [00:11<00:13, 17.55it/s]
 45%|##############                 | 190/418 [00:11<00:13, 17.49it/s]
 46%|##############2                | 192/418 [00:11<00:12, 17.60it/s]
 46%|##############3                | 194/418 [00:11<00:12, 17.57it/s]
 47%|##############5                | 196/418 [00:11<00:12, 17.63it/s]
 47%|##############6                | 198/418 [00:12<00:12, 17.67it/s]
 48%|##############8                | 200/418 [00:12<00:12, 17.64it/s]
 48%|##############9                | 202/418 [00:12<00:12, 17.77it/s]
 49%|###############1               | 204/418 [00:12<00:12, 17.65it/s]
 49%|###############2               | 206/418 [00:12<00:12, 17.61it/s]
 50%|###############4               | 208/418 [00:12<00:11, 17.58it/s]
 50%|###############5               | 210/418 [00:12<00:11, 17.62it/s]
 51%|###############7               | 212/418 [00:12<00:11, 17.66it/s]
 51%|###############8               | 214/418 [00:12<00:11, 17.68it/s]
 52%|################               | 216/418 [00:13<00:11, 17.85it/s]
 52%|################1              | 218/418 [00:13<00:11, 17.89it/s]
 53%|################3              | 220/418 [00:13<00:11, 17.86it/s]
 53%|################4              | 222/418 [00:13<00:10, 17.89it/s]
 54%|################6              | 224/418 [00:13<00:10, 17.82it/s]
 54%|################7              | 226/418 [00:13<00:10, 17.84it/s]
 55%|################9              | 228/418 [00:13<00:10, 17.88it/s]
 55%|#################              | 230/418 [00:13<00:10, 17.86it/s]
 56%|#################2             | 232/418 [00:13<00:10, 17.81it/s]
 56%|#################3             | 234/418 [00:14<00:10, 17.55it/s]
 56%|#################5             | 236/418 [00:14<00:10, 17.54it/s]
 57%|#################6             | 238/418 [00:14<00:10, 17.55it/s]
 57%|#################7             | 240/418 [00:14<00:10, 17.69it/s]
 58%|#################9             | 242/418 [00:14<00:10, 17.59it/s]
 58%|##################             | 244/418 [00:14<00:09, 17.64it/s]
 59%|##################2            | 246/418 [00:14<00:09, 17.57it/s]
 59%|##################3            | 248/418 [00:14<00:09, 17.01it/s]
 60%|##################5            | 250/418 [00:14<00:09, 17.21it/s]
 60%|##################6            | 252/418 [00:15<00:09, 17.17it/s]
 61%|##################8            | 254/418 [00:15<00:09, 17.28it/s]
 61%|##################9            | 256/418 [00:15<00:09, 17.30it/s]
 62%|###################1           | 258/418 [00:15<00:09, 17.36it/s]
 62%|###################2           | 260/418 [00:15<00:09, 17.49it/s]
 63%|###################4           | 262/418 [00:15<00:09, 17.09it/s]
 63%|###################5           | 264/418 [00:15<00:09, 16.92it/s]
 64%|###################7           | 266/418 [00:15<00:08, 16.90it/s]
 64%|###################8           | 268/418 [00:16<00:08, 16.89it/s]
 65%|####################           | 270/418 [00:16<00:08, 16.90it/s]
 65%|####################1          | 272/418 [00:16<00:08, 17.12it/s]
 66%|####################3          | 274/418 [00:16<00:08, 17.31it/s]
 66%|####################4          | 276/418 [00:16<00:08, 17.30it/s]
 67%|####################6          | 278/418 [00:16<00:08, 17.44it/s]
 67%|####################7          | 280/418 [00:16<00:07, 17.46it/s]
 67%|####################9          | 282/418 [00:16<00:07, 17.52it/s]
 68%|#####################          | 284/418 [00:16<00:07, 17.63it/s]
 68%|#####################2         | 286/418 [00:17<00:07, 17.69it/s]
 69%|#####################3         | 288/418 [00:17<00:07, 17.71it/s]
 69%|#####################5         | 290/418 [00:17<00:07, 17.72it/s]
 70%|#####################6         | 292/418 [00:17<00:07, 17.73it/s]
 70%|#####################8         | 294/418 [00:17<00:07, 17.70it/s]
 71%|#####################9         | 296/418 [00:17<00:06, 17.68it/s]
 71%|######################1        | 298/418 [00:17<00:06, 17.62it/s]
 72%|######################2        | 300/418 [00:17<00:06, 17.66it/s]
 72%|######################3        | 302/418 [00:17<00:06, 17.69it/s]
 73%|######################5        | 304/418 [00:18<00:06, 17.69it/s]
 73%|######################6        | 306/418 [00:18<00:06, 17.83it/s]
 74%|######################8        | 308/418 [00:18<00:06, 17.80it/s]
 74%|######################9        | 310/418 [00:18<00:06, 17.78it/s]
 75%|#######################1       | 312/418 [00:18<00:05, 17.79it/s]
 75%|#######################2       | 314/418 [00:18<00:05, 17.67it/s]
 76%|#######################4       | 316/418 [00:18<00:05, 17.70it/s]
 76%|#######################5       | 318/418 [00:18<00:05, 17.75it/s]
 77%|#######################7       | 320/418 [00:18<00:05, 17.77it/s]
 77%|#######################8       | 322/418 [00:19<00:05, 17.84it/s]
 78%|########################       | 324/418 [00:19<00:05, 17.79it/s]
 78%|########################1      | 326/418 [00:19<00:05, 17.81it/s]
 78%|########################3      | 328/418 [00:19<00:05, 17.86it/s]
 79%|########################4      | 330/418 [00:19<00:05, 17.11it/s]
 79%|########################6      | 332/418 [00:19<00:04, 17.24it/s]
 80%|########################7      | 334/418 [00:19<00:04, 17.40it/s]
 80%|########################9      | 336/418 [00:19<00:04, 17.56it/s]
 81%|#########################      | 338/418 [00:20<00:04, 17.60it/s]
 81%|#########################2     | 340/418 [00:20<00:04, 17.63it/s]
 82%|#########################3     | 342/418 [00:20<00:04, 17.60it/s]
 82%|#########################5     | 344/418 [00:20<00:04, 17.76it/s]
 83%|#########################6     | 346/418 [00:20<00:04, 17.80it/s]
 83%|#########################8     | 348/418 [00:20<00:03, 17.79it/s]
 84%|#########################9     | 350/418 [00:20<00:03, 17.88it/s]
 84%|##########################1    | 352/418 [00:20<00:03, 17.85it/s]
 85%|##########################2    | 354/418 [00:20<00:03, 17.82it/s]
 85%|##########################4    | 356/418 [00:21<00:03, 17.79it/s]
 86%|##########################5    | 358/418 [00:21<00:03, 17.79it/s]
 86%|##########################6    | 360/418 [00:21<00:03, 17.76it/s]
 87%|##########################8    | 362/418 [00:21<00:03, 17.72it/s]
 87%|##########################9    | 364/418 [00:21<00:03, 17.70it/s]
 88%|###########################1   | 366/418 [00:21<00:03, 17.01it/s]
 88%|###########################2   | 368/418 [00:21<00:02, 17.21it/s]
 89%|###########################4   | 370/418 [00:21<00:02, 17.37it/s]
 89%|###########################5   | 372/418 [00:21<00:02, 17.54it/s]
 89%|###########################7   | 374/418 [00:22<00:02, 17.57it/s]
 90%|###########################8   | 376/418 [00:22<00:02, 17.62it/s]
 90%|############################   | 378/418 [00:22<00:02, 17.65it/s]
 91%|############################1  | 380/418 [00:22<00:02, 17.65it/s]
 91%|############################3  | 382/418 [00:22<00:02, 17.75it/s]
 92%|############################4  | 384/418 [00:22<00:01, 17.78it/s]
 92%|############################6  | 386/418 [00:22<00:01, 17.18it/s]
 93%|############################7  | 388/418 [00:22<00:01, 17.34it/s]
 93%|############################9  | 390/418 [00:22<00:01, 17.47it/s]
 94%|#############################  | 392/418 [00:23<00:01, 17.54it/s]
 94%|#############################2 | 394/418 [00:23<00:01, 17.61it/s]
 95%|#############################3 | 396/418 [00:23<00:01, 17.63it/s]
 95%|#############################5 | 398/418 [00:23<00:01, 17.69it/s]
 96%|#############################6 | 400/418 [00:23<00:01, 17.86it/s]
 96%|#############################8 | 402/418 [00:23<00:00, 17.90it/s]
 97%|#############################9 | 404/418 [00:23<00:00, 17.85it/s]
 97%|##############################1| 406/418 [00:23<00:00, 17.84it/s]
 98%|##############################2| 408/418 [00:23<00:00, 17.77it/s]
 98%|##############################4| 410/418 [00:24<00:00, 17.72it/s]
 99%|##############################5| 412/418 [00:24<00:00, 17.69it/s]
 99%|##############################7| 414/418 [00:24<00:00, 17.68it/s]
100%|##############################8| 416/418 [00:24<00:00, 17.63it/s]
100%|###############################| 418/418 [00:24<00:00, 17.79it/s]
100%|###############################| 418/418 [00:24<00:00, 17.04it/s]
[SEAL Epoch 7] loss=0.5214

[SEAL Epoch 8/20] Run 1/1 - training...

  0%|                                         | 0/418 [00:00<?, ?it/s]
  0%|1                                | 2/418 [00:00<00:30, 13.72it/s]
  1%|3                                | 4/418 [00:00<00:27, 15.27it/s]
  1%|4                                | 6/418 [00:00<00:28, 14.50it/s]
  2%|6                                | 8/418 [00:00<00:26, 15.27it/s]
  2%|7                               | 10/418 [00:00<00:25, 16.06it/s]
  3%|9                               | 12/418 [00:00<00:24, 16.62it/s]
  3%|#                               | 14/418 [00:00<00:23, 16.96it/s]
  4%|#2                              | 16/418 [00:00<00:23, 17.20it/s]
  4%|#3                              | 18/418 [00:01<00:23, 17.17it/s]
  5%|#5                              | 20/418 [00:01<00:22, 17.39it/s]
  5%|#6                              | 22/418 [00:01<00:22, 17.57it/s]
  6%|#8                              | 24/418 [00:01<00:22, 17.72it/s]
  6%|#9                              | 26/418 [00:01<00:22, 17.71it/s]
  7%|##1                             | 28/418 [00:01<00:22, 17.61it/s]
  7%|##2                             | 30/418 [00:01<00:21, 17.70it/s]
  8%|##4                             | 32/418 [00:01<00:21, 17.79it/s]
  8%|##6                             | 34/418 [00:01<00:21, 17.75it/s]
  9%|##7                             | 36/418 [00:02<00:21, 17.68it/s]
  9%|##9                             | 38/418 [00:02<00:21, 17.88it/s]
 10%|###                             | 40/418 [00:02<00:21, 17.83it/s]
 10%|###2                            | 42/418 [00:02<00:21, 17.82it/s]
 11%|###3                            | 44/418 [00:02<00:21, 17.81it/s]
 11%|###5                            | 46/418 [00:02<00:20, 17.76it/s]
 11%|###6                            | 48/418 [00:02<00:20, 17.69it/s]
 12%|###8                            | 50/418 [00:02<00:20, 17.73it/s]
 12%|###9                            | 52/418 [00:03<00:20, 17.71it/s]
 13%|####1                           | 54/418 [00:03<00:20, 17.63it/s]
 13%|####2                           | 56/418 [00:03<00:20, 17.59it/s]
 14%|####4                           | 58/418 [00:03<00:20, 17.62it/s]
 14%|####5                           | 60/418 [00:03<00:20, 17.06it/s]
 15%|####7                           | 62/418 [00:03<00:20, 17.28it/s]
 15%|####8                           | 64/418 [00:03<00:20, 17.41it/s]
 16%|#####                           | 66/418 [00:03<00:20, 17.49it/s]
 16%|#####2                          | 68/418 [00:03<00:19, 17.52it/s]
 17%|#####3                          | 70/418 [00:04<00:19, 17.51it/s]
 17%|#####5                          | 72/418 [00:04<00:19, 17.68it/s]
 18%|#####6                          | 74/418 [00:04<00:19, 17.49it/s]
 18%|#####8                          | 76/418 [00:04<00:19, 17.53it/s]
 19%|#####9                          | 78/418 [00:04<00:19, 17.54it/s]
 19%|######1                         | 80/418 [00:04<00:19, 17.58it/s]
 20%|######2                         | 82/418 [00:04<00:19, 17.54it/s]
 20%|######4                         | 84/418 [00:04<00:18, 17.66it/s]
 21%|######5                         | 86/418 [00:04<00:18, 17.63it/s]
 21%|######7                         | 88/418 [00:05<00:18, 17.74it/s]
 22%|######8                         | 90/418 [00:05<00:18, 17.72it/s]
 22%|#######                         | 92/418 [00:05<00:18, 17.82it/s]
 22%|#######1                        | 94/418 [00:05<00:18, 17.85it/s]
 23%|#######3                        | 96/418 [00:05<00:18, 17.82it/s]
 23%|#######5                        | 98/418 [00:05<00:18, 17.77it/s]
 24%|#######4                       | 100/418 [00:05<00:17, 17.77it/s]
 24%|#######5                       | 102/418 [00:05<00:17, 17.74it/s]
 25%|#######7                       | 104/418 [00:05<00:17, 17.78it/s]
 25%|#######8                       | 106/418 [00:06<00:17, 17.81it/s]
 26%|########                       | 108/418 [00:06<00:17, 17.84it/s]
 26%|########1                      | 110/418 [00:06<00:17, 17.90it/s]
 27%|########3                      | 112/418 [00:06<00:17, 17.95it/s]
 27%|########4                      | 114/418 [00:06<00:17, 17.74it/s]
 28%|########6                      | 116/418 [00:06<00:17, 17.67it/s]
 28%|########7                      | 118/418 [00:06<00:16, 17.73it/s]
 29%|########8                      | 120/418 [00:06<00:17, 16.85it/s]
 29%|#########                      | 122/418 [00:06<00:17, 17.10it/s]
 30%|#########1                     | 124/418 [00:07<00:17, 16.54it/s]
 30%|#########3                     | 126/418 [00:07<00:18, 16.08it/s]
 31%|#########4                     | 128/418 [00:07<00:17, 16.57it/s]
 31%|#########6                     | 130/418 [00:07<00:17, 16.50it/s]
 32%|#########7                     | 132/418 [00:07<00:16, 16.90it/s]
 32%|#########9                     | 134/418 [00:07<00:16, 17.09it/s]
 33%|##########                     | 136/418 [00:07<00:16, 17.30it/s]
 33%|##########2                    | 138/418 [00:07<00:15, 17.54it/s]
 33%|##########3                    | 140/418 [00:08<00:15, 17.56it/s]
 34%|##########5                    | 142/418 [00:08<00:15, 17.60it/s]
 34%|##########6                    | 144/418 [00:08<00:15, 17.60it/s]
 35%|##########8                    | 146/418 [00:08<00:15, 17.83it/s]
 35%|##########9                    | 148/418 [00:08<00:15, 17.79it/s]
 36%|###########1                   | 150/418 [00:08<00:15, 17.80it/s]
 36%|###########2                   | 152/418 [00:08<00:14, 17.83it/s]
 37%|###########4                   | 154/418 [00:08<00:14, 17.88it/s]
 37%|###########5                   | 156/418 [00:08<00:14, 17.92it/s]
 38%|###########7                   | 158/418 [00:09<00:14, 17.80it/s]
 38%|###########8                   | 160/418 [00:09<00:14, 17.84it/s]
 39%|############                   | 162/418 [00:09<00:14, 17.77it/s]
 39%|############1                  | 164/418 [00:09<00:14, 17.88it/s]
 40%|############3                  | 166/418 [00:09<00:14, 17.24it/s]
 40%|############4                  | 168/418 [00:09<00:14, 17.44it/s]
 41%|############6                  | 170/418 [00:09<00:14, 17.52it/s]
 41%|############7                  | 172/418 [00:09<00:13, 17.61it/s]
 42%|############9                  | 174/418 [00:09<00:13, 17.69it/s]
 42%|#############                  | 176/418 [00:10<00:13, 17.78it/s]
 43%|#############2                 | 178/418 [00:10<00:13, 17.78it/s]
 43%|#############3                 | 180/418 [00:10<00:13, 17.75it/s]
 44%|#############4                 | 182/418 [00:10<00:13, 17.54it/s]
 44%|#############6                 | 184/418 [00:10<00:13, 17.48it/s]
 44%|#############7                 | 186/418 [00:10<00:13, 17.55it/s]
 45%|#############9                 | 188/418 [00:10<00:13, 17.55it/s]
 45%|##############                 | 190/418 [00:10<00:12, 17.59it/s]
 46%|##############2                | 192/418 [00:10<00:12, 17.62it/s]
 46%|##############3                | 194/418 [00:11<00:12, 17.57it/s]
 47%|##############5                | 196/418 [00:11<00:12, 17.58it/s]
 47%|##############6                | 198/418 [00:11<00:12, 17.59it/s]
 48%|##############8                | 200/418 [00:11<00:12, 17.68it/s]
 48%|##############9                | 202/418 [00:11<00:12, 17.59it/s]
 49%|###############1               | 204/418 [00:11<00:12, 17.67it/s]
 49%|###############2               | 206/418 [00:11<00:11, 17.69it/s]
 50%|###############4               | 208/418 [00:11<00:11, 17.65it/s]
 50%|###############5               | 210/418 [00:12<00:11, 17.67it/s]
 51%|###############7               | 212/418 [00:12<00:11, 17.65it/s]
 51%|###############8               | 214/418 [00:12<00:11, 17.60it/s]
 52%|################               | 216/418 [00:12<00:11, 17.57it/s]
 52%|################1              | 218/418 [00:12<00:11, 17.70it/s]
 53%|################3              | 220/418 [00:12<00:11, 17.73it/s]
 53%|################4              | 222/418 [00:12<00:11, 17.69it/s]
 54%|################6              | 224/418 [00:12<00:10, 17.70it/s]
 54%|################7              | 226/418 [00:12<00:10, 17.69it/s]
 55%|################9              | 228/418 [00:13<00:10, 17.70it/s]
 55%|#################              | 230/418 [00:13<00:10, 17.71it/s]
 56%|#################2             | 232/418 [00:13<00:10, 17.60it/s]
 56%|#################3             | 234/418 [00:13<00:10, 17.62it/s]
 56%|#################5             | 236/418 [00:13<00:10, 17.67it/s]
 57%|#################6             | 238/418 [00:13<00:10, 17.73it/s]
 57%|#################7             | 240/418 [00:13<00:10, 17.69it/s]
 58%|#################9             | 242/418 [00:13<00:09, 17.74it/s]
 58%|##################             | 244/418 [00:13<00:09, 17.75it/s]
 59%|##################2            | 246/418 [00:14<00:09, 17.74it/s]
 59%|##################3            | 248/418 [00:14<00:09, 17.73it/s]
 60%|##################5            | 250/418 [00:14<00:09, 17.73it/s]
 60%|##################6            | 252/418 [00:14<00:09, 17.75it/s]
 61%|##################8            | 254/418 [00:14<00:09, 17.62it/s]
 61%|##################9            | 256/418 [00:14<00:09, 17.63it/s]
 62%|###################1           | 258/418 [00:14<00:09, 17.52it/s]
 62%|###################2           | 260/418 [00:14<00:09, 17.53it/s]
 63%|###################4           | 262/418 [00:14<00:08, 17.61it/s]
 63%|###################5           | 264/418 [00:15<00:08, 17.60it/s]
 64%|###################7           | 266/418 [00:15<00:08, 17.68it/s]
 64%|###################8           | 268/418 [00:15<00:08, 17.70it/s]
 65%|####################           | 270/418 [00:15<00:08, 17.71it/s]
 65%|####################1          | 272/418 [00:15<00:08, 17.66it/s]
 66%|####################3          | 274/418 [00:15<00:08, 17.56it/s]
 66%|####################4          | 276/418 [00:15<00:08, 17.52it/s]
 67%|####################6          | 278/418 [00:15<00:07, 17.54it/s]
 67%|####################7          | 280/418 [00:15<00:07, 17.58it/s]
 67%|####################9          | 282/418 [00:16<00:07, 17.58it/s]
 68%|#####################          | 284/418 [00:16<00:07, 17.60it/s]
 68%|#####################2         | 286/418 [00:16<00:07, 17.62it/s]
 69%|#####################3         | 288/418 [00:16<00:07, 17.65it/s]
 69%|#####################5         | 290/418 [00:16<00:07, 17.70it/s]
 70%|#####################6         | 292/418 [00:16<00:07, 17.75it/s]
 70%|#####################8         | 294/418 [00:16<00:06, 17.72it/s]
 71%|#####################9         | 296/418 [00:16<00:06, 17.67it/s]
 71%|######################1        | 298/418 [00:17<00:06, 17.58it/s]
 72%|######################2        | 300/418 [00:17<00:06, 17.55it/s]
 72%|######################3        | 302/418 [00:17<00:06, 17.55it/s]
 73%|######################5        | 304/418 [00:17<00:06, 17.58it/s]
 73%|######################6        | 306/418 [00:17<00:06, 17.55it/s]
 74%|######################8        | 308/418 [00:17<00:06, 17.60it/s]
 74%|######################9        | 310/418 [00:17<00:06, 17.75it/s]
 75%|#######################1       | 312/418 [00:17<00:05, 17.67it/s]
 75%|#######################2       | 314/418 [00:17<00:05, 17.71it/s]
 76%|#######################4       | 316/418 [00:18<00:05, 17.76it/s]
 76%|#######################5       | 318/418 [00:18<00:05, 17.72it/s]
 77%|#######################7       | 320/418 [00:18<00:05, 17.67it/s]
 77%|#######################8       | 322/418 [00:18<00:05, 17.65it/s]
 78%|########################       | 324/418 [00:18<00:05, 17.65it/s]
 78%|########################1      | 326/418 [00:18<00:05, 17.62it/s]
 78%|########################3      | 328/418 [00:18<00:05, 17.60it/s]
 79%|########################4      | 330/418 [00:18<00:04, 17.68it/s]
 79%|########################6      | 332/418 [00:18<00:05, 17.11it/s]
 80%|########################7      | 334/418 [00:19<00:04, 17.27it/s]
 80%|########################9      | 336/418 [00:19<00:04, 17.42it/s]
 81%|#########################      | 338/418 [00:19<00:04, 17.39it/s]
 81%|#########################2     | 340/418 [00:19<00:04, 17.45it/s]
 82%|#########################3     | 342/418 [00:19<00:04, 17.53it/s]
 82%|#########################5     | 344/418 [00:19<00:04, 17.72it/s]
 83%|#########################6     | 346/418 [00:19<00:04, 17.69it/s]
 83%|#########################8     | 348/418 [00:19<00:03, 17.56it/s]
 84%|#########################9     | 350/418 [00:19<00:04, 16.34it/s]
 84%|##########################1    | 352/418 [00:20<00:03, 16.74it/s]
 85%|##########################2    | 354/418 [00:20<00:03, 17.00it/s]
 85%|##########################4    | 356/418 [00:20<00:03, 17.25it/s]
 86%|##########################5    | 358/418 [00:20<00:03, 17.41it/s]
 86%|##########################6    | 360/418 [00:20<00:03, 17.49it/s]
 87%|##########################8    | 362/418 [00:20<00:03, 17.59it/s]
 87%|##########################9    | 364/418 [00:20<00:03, 17.64it/s]
 88%|###########################1   | 366/418 [00:20<00:02, 17.57it/s]
 88%|###########################2   | 368/418 [00:21<00:02, 17.79it/s]
 89%|###########################4   | 370/418 [00:21<00:02, 17.79it/s]
 89%|###########################5   | 372/418 [00:21<00:02, 17.74it/s]
 89%|###########################7   | 374/418 [00:21<00:02, 17.68it/s]
 90%|###########################8   | 376/418 [00:21<00:02, 17.66it/s]
 90%|############################   | 378/418 [00:21<00:02, 16.89it/s]
 91%|############################1  | 380/418 [00:21<00:02, 16.35it/s]
 91%|############################3  | 382/418 [00:21<00:02, 16.69it/s]
 92%|############################4  | 384/418 [00:21<00:01, 17.03it/s]
 92%|############################6  | 386/418 [00:22<00:01, 17.29it/s]
 93%|############################7  | 388/418 [00:22<00:01, 17.42it/s]
 93%|############################9  | 390/418 [00:22<00:01, 17.45it/s]
 94%|#############################  | 392/418 [00:22<00:01, 17.49it/s]
 94%|#############################2 | 394/418 [00:22<00:01, 17.52it/s]
 95%|#############################3 | 396/418 [00:22<00:01, 17.51it/s]
 95%|#############################5 | 398/418 [00:22<00:01, 17.52it/s]
 96%|#############################6 | 400/418 [00:22<00:01, 17.54it/s]
 96%|#############################8 | 402/418 [00:22<00:00, 17.53it/s]
 97%|#############################9 | 404/418 [00:23<00:00, 17.76it/s]
 97%|##############################1| 406/418 [00:23<00:00, 17.72it/s]
 98%|##############################2| 408/418 [00:23<00:00, 17.79it/s]
 98%|##############################4| 410/418 [00:23<00:00, 17.77it/s]
 99%|##############################5| 412/418 [00:23<00:00, 17.82it/s]
 99%|##############################7| 414/418 [00:23<00:00, 17.82it/s]
100%|##############################8| 416/418 [00:23<00:00, 17.86it/s]
100%|###############################| 418/418 [00:23<00:00, 17.96it/s]
100%|###############################| 418/418 [00:23<00:00, 17.52it/s]
[SEAL Epoch 8] loss=0.5212

[SEAL Epoch 9/20] Run 1/1 - training...

  0%|                                         | 0/418 [00:00<?, ?it/s]
  0%|1                                | 2/418 [00:00<00:26, 15.87it/s]
  1%|3                                | 4/418 [00:00<00:24, 16.71it/s]
  1%|4                                | 6/418 [00:00<00:24, 17.12it/s]
  2%|6                                | 8/418 [00:00<00:23, 17.38it/s]
  2%|7                               | 10/418 [00:00<00:23, 17.51it/s]
  3%|9                               | 12/418 [00:00<00:23, 17.53it/s]
  3%|#                               | 14/418 [00:00<00:22, 17.74it/s]
  4%|#2                              | 16/418 [00:00<00:22, 17.78it/s]
  4%|#3                              | 18/418 [00:01<00:22, 17.72it/s]
  5%|#5                              | 20/418 [00:01<00:22, 17.67it/s]
  5%|#6                              | 22/418 [00:01<00:22, 17.78it/s]
  6%|#8                              | 24/418 [00:01<00:22, 17.85it/s]
  6%|#9                              | 26/418 [00:01<00:22, 17.81it/s]
  7%|##1                             | 28/418 [00:01<00:21, 17.78it/s]
  7%|##2                             | 30/418 [00:01<00:21, 17.65it/s]
  8%|##4                             | 32/418 [00:01<00:21, 17.63it/s]
  8%|##6                             | 34/418 [00:01<00:21, 17.59it/s]
  9%|##7                             | 36/418 [00:02<00:21, 17.57it/s]
  9%|##9                             | 38/418 [00:02<00:21, 17.58it/s]
 10%|###                             | 40/418 [00:02<00:21, 17.68it/s]
 10%|###2                            | 42/418 [00:02<00:21, 17.67it/s]
 11%|###3                            | 44/418 [00:02<00:21, 17.68it/s]
 11%|###5                            | 46/418 [00:02<00:21, 17.71it/s]
 11%|###6                            | 48/418 [00:02<00:20, 17.72it/s]
 12%|###8                            | 50/418 [00:02<00:20, 17.68it/s]
 12%|###9                            | 52/418 [00:02<00:20, 17.59it/s]
 13%|####1                           | 54/418 [00:03<00:21, 16.82it/s]
 13%|####2                           | 56/418 [00:03<00:21, 17.02it/s]
 14%|####4                           | 58/418 [00:03<00:20, 17.26it/s]
 14%|####5                           | 60/418 [00:03<00:22, 16.10it/s]
 15%|####7                           | 62/418 [00:03<00:21, 16.48it/s]
 15%|####8                           | 64/418 [00:03<00:21, 16.20it/s]
 16%|#####                           | 66/418 [00:03<00:21, 16.67it/s]
 16%|#####2                          | 68/418 [00:03<00:20, 16.89it/s]
 17%|#####3                          | 70/418 [00:04<00:20, 17.13it/s]
 17%|#####5                          | 72/418 [00:04<00:20, 17.29it/s]
 18%|#####6                          | 74/418 [00:04<00:19, 17.43it/s]
 18%|#####8                          | 76/418 [00:04<00:19, 17.53it/s]
 19%|#####9                          | 78/418 [00:04<00:19, 17.63it/s]
 19%|######1                         | 80/418 [00:04<00:19, 17.63it/s]
 20%|######2                         | 82/418 [00:04<00:18, 17.75it/s]
 20%|######4                         | 84/418 [00:04<00:18, 17.71it/s]
 21%|######5                         | 86/418 [00:04<00:18, 17.71it/s]
 21%|######7                         | 88/418 [00:05<00:18, 17.74it/s]
 22%|######8                         | 90/418 [00:05<00:18, 17.73it/s]
 22%|#######                         | 92/418 [00:05<00:18, 17.81it/s]
 22%|#######1                        | 94/418 [00:05<00:18, 17.75it/s]
 23%|#######3                        | 96/418 [00:05<00:18, 17.72it/s]
 23%|#######5                        | 98/418 [00:05<00:18, 17.67it/s]
 24%|#######4                       | 100/418 [00:05<00:18, 17.59it/s]
 24%|#######5                       | 102/418 [00:05<00:17, 17.61it/s]
 25%|#######7                       | 104/418 [00:05<00:17, 17.57it/s]
 25%|#######8                       | 106/418 [00:06<00:17, 17.64it/s]
 26%|########                       | 108/418 [00:06<00:17, 17.71it/s]
 26%|########1                      | 110/418 [00:06<00:17, 17.72it/s]
 27%|########3                      | 112/418 [00:06<00:17, 17.74it/s]
 27%|########4                      | 114/418 [00:06<00:17, 17.73it/s]
 28%|########6                      | 116/418 [00:06<00:16, 17.83it/s]
 28%|########7                      | 118/418 [00:06<00:16, 17.79it/s]
 29%|########8                      | 120/418 [00:06<00:16, 17.75it/s]
 29%|#########                      | 122/418 [00:06<00:16, 17.67it/s]
 30%|#########1                     | 124/418 [00:07<00:16, 17.70it/s]
 30%|#########3                     | 126/418 [00:07<00:16, 17.65it/s]
 31%|#########4                     | 128/418 [00:07<00:16, 17.65it/s]
 31%|#########6                     | 130/418 [00:07<00:16, 17.62it/s]
 32%|#########7                     | 132/418 [00:07<00:16, 17.58it/s]
 32%|#########9                     | 134/418 [00:07<00:16, 17.58it/s]
 33%|##########                     | 136/418 [00:07<00:17, 16.44it/s]
 33%|##########2                    | 138/418 [00:07<00:16, 16.82it/s]
 33%|##########3                    | 140/418 [00:08<00:16, 17.01it/s]
 34%|##########5                    | 142/418 [00:08<00:15, 17.26it/s]
 34%|##########6                    | 144/418 [00:08<00:15, 17.32it/s]
 35%|##########8                    | 146/418 [00:08<00:15, 17.40it/s]
 35%|##########9                    | 148/418 [00:08<00:15, 17.59it/s]
 36%|###########1                   | 150/418 [00:08<00:16, 16.25it/s]
 36%|###########2                   | 152/418 [00:08<00:16, 15.94it/s]
 37%|###########4                   | 154/418 [00:08<00:16, 16.43it/s]
 37%|###########5                   | 156/418 [00:08<00:15, 16.67it/s]
 38%|###########7                   | 158/418 [00:09<00:15, 16.98it/s]
 38%|###########8                   | 160/418 [00:09<00:15, 17.15it/s]
 39%|############                   | 162/418 [00:09<00:14, 17.29it/s]
 39%|############1                  | 164/418 [00:09<00:14, 17.46it/s]
 40%|############3                  | 166/418 [00:09<00:14, 17.63it/s]
 40%|############4                  | 168/418 [00:09<00:14, 17.22it/s]
 41%|############6                  | 170/418 [00:09<00:14, 17.41it/s]
 41%|############7                  | 172/418 [00:09<00:14, 17.45it/s]
 42%|############9                  | 174/418 [00:10<00:13, 17.54it/s]
 42%|#############                  | 176/418 [00:10<00:13, 17.52it/s]
 43%|#############2                 | 178/418 [00:10<00:13, 17.51it/s]
 43%|#############3                 | 180/418 [00:10<00:13, 17.55it/s]
 44%|#############4                 | 182/418 [00:10<00:13, 17.47it/s]
 44%|#############6                 | 184/418 [00:10<00:13, 17.50it/s]
 44%|#############7                 | 186/418 [00:10<00:13, 17.59it/s]
 45%|#############9                 | 188/418 [00:10<00:13, 17.65it/s]
 45%|##############                 | 190/418 [00:10<00:13, 16.94it/s]
 46%|##############2                | 192/418 [00:11<00:13, 17.16it/s]
 46%|##############3                | 194/418 [00:11<00:12, 17.31it/s]
 47%|##############5                | 196/418 [00:11<00:12, 17.45it/s]
 47%|##############6                | 198/418 [00:11<00:12, 17.52it/s]
 48%|##############8                | 200/418 [00:11<00:12, 17.46it/s]
 48%|##############9                | 202/418 [00:11<00:12, 17.57it/s]
 49%|###############1               | 204/418 [00:11<00:12, 17.61it/s]
 49%|###############2               | 206/418 [00:11<00:12, 17.60it/s]
 50%|###############4               | 208/418 [00:11<00:11, 17.63it/s]
 50%|###############5               | 210/418 [00:12<00:11, 17.55it/s]
 51%|###############7               | 212/418 [00:12<00:11, 17.59it/s]
 51%|###############8               | 214/418 [00:12<00:11, 17.63it/s]
 52%|################               | 216/418 [00:12<00:11, 17.61it/s]
 52%|################1              | 218/418 [00:12<00:11, 17.53it/s]
 53%|################3              | 220/418 [00:12<00:11, 17.60it/s]
 53%|################4              | 222/418 [00:12<00:11, 17.54it/s]
 54%|################6              | 224/418 [00:12<00:11, 17.52it/s]
 54%|################7              | 226/418 [00:12<00:10, 17.58it/s]
 55%|################9              | 228/418 [00:13<00:10, 17.70it/s]
 55%|#################              | 230/418 [00:13<00:10, 17.80it/s]
 56%|#################2             | 232/418 [00:13<00:10, 17.80it/s]
 56%|#################3             | 234/418 [00:13<00:10, 17.82it/s]
 56%|#################5             | 236/418 [00:13<00:10, 17.90it/s]
 57%|#################6             | 238/418 [00:13<00:10, 17.86it/s]
 57%|#################7             | 240/418 [00:13<00:10, 17.77it/s]
 58%|#################9             | 242/418 [00:13<00:09, 17.74it/s]
 58%|##################             | 244/418 [00:13<00:09, 17.65it/s]
 59%|##################2            | 246/418 [00:14<00:09, 17.54it/s]
 59%|##################3            | 248/418 [00:14<00:09, 17.51it/s]
 60%|##################5            | 250/418 [00:14<00:09, 17.55it/s]
 60%|##################6            | 252/418 [00:14<00:09, 17.62it/s]
 61%|##################8            | 254/418 [00:14<00:09, 17.64it/s]
 61%|##################9            | 256/418 [00:14<00:09, 17.71it/s]
 62%|###################1           | 258/418 [00:14<00:09, 16.40it/s]
 62%|###################2           | 260/418 [00:14<00:09, 16.81it/s]
 63%|###################4           | 262/418 [00:15<00:09, 16.26it/s]
 63%|###################5           | 264/418 [00:15<00:09, 16.70it/s]
 64%|###################7           | 266/418 [00:15<00:08, 17.07it/s]
 64%|###################8           | 268/418 [00:15<00:08, 17.25it/s]
 65%|####################           | 270/418 [00:15<00:08, 16.77it/s]
 65%|####################1          | 272/418 [00:15<00:08, 16.85it/s]
 66%|####################3          | 274/418 [00:15<00:08, 17.09it/s]
 66%|####################4          | 276/418 [00:15<00:08, 17.29it/s]
 67%|####################6          | 278/418 [00:15<00:07, 17.53it/s]
 67%|####################7          | 280/418 [00:16<00:07, 17.57it/s]
 67%|####################9          | 282/418 [00:16<00:07, 17.48it/s]
 68%|#####################          | 284/418 [00:16<00:07, 17.58it/s]
 68%|#####################2         | 286/418 [00:16<00:07, 17.69it/s]
 69%|#####################3         | 288/418 [00:16<00:07, 17.72it/s]
 69%|#####################5         | 290/418 [00:16<00:07, 17.66it/s]
 70%|#####################6         | 292/418 [00:16<00:07, 17.74it/s]
 70%|#####################8         | 294/418 [00:16<00:06, 17.72it/s]
 71%|#####################9         | 296/418 [00:16<00:06, 17.76it/s]
 71%|######################1        | 298/418 [00:17<00:06, 17.68it/s]
 72%|######################2        | 300/418 [00:17<00:06, 17.74it/s]
 72%|######################3        | 302/418 [00:17<00:06, 17.73it/s]
 73%|######################5        | 304/418 [00:17<00:06, 17.79it/s]
 73%|######################6        | 306/418 [00:17<00:06, 17.76it/s]
 74%|######################8        | 308/418 [00:17<00:06, 17.82it/s]
 74%|######################9        | 310/418 [00:17<00:06, 17.86it/s]
 75%|#######################1       | 312/418 [00:17<00:05, 17.74it/s]
 75%|#######################2       | 314/418 [00:17<00:05, 17.73it/s]
 76%|#######################4       | 316/418 [00:18<00:05, 17.75it/s]
 76%|#######################5       | 318/418 [00:18<00:05, 17.76it/s]
 77%|#######################7       | 320/418 [00:18<00:05, 17.74it/s]
 77%|#######################8       | 322/418 [00:18<00:05, 17.74it/s]
 78%|########################       | 324/418 [00:18<00:05, 17.69it/s]
 78%|########################1      | 326/418 [00:18<00:05, 17.76it/s]
 78%|########################3      | 328/418 [00:18<00:05, 17.69it/s]
 79%|########################4      | 330/418 [00:18<00:04, 17.71it/s]
 79%|########################6      | 332/418 [00:19<00:04, 17.68it/s]
 80%|########################7      | 334/418 [00:19<00:04, 17.71it/s]
 80%|########################9      | 336/418 [00:19<00:04, 17.66it/s]
 81%|#########################      | 338/418 [00:19<00:04, 17.67it/s]
 81%|#########################2     | 340/418 [00:19<00:04, 17.66it/s]
 82%|#########################3     | 342/418 [00:19<00:04, 17.59it/s]
 82%|#########################5     | 344/418 [00:19<00:04, 17.61it/s]
 83%|#########################6     | 346/418 [00:19<00:04, 17.55it/s]
 83%|#########################8     | 348/418 [00:19<00:04, 17.49it/s]
 84%|#########################9     | 350/418 [00:20<00:03, 17.46it/s]
 84%|##########################1    | 352/418 [00:20<00:03, 17.53it/s]
 85%|##########################2    | 354/418 [00:20<00:03, 17.61it/s]
 85%|##########################4    | 356/418 [00:20<00:03, 17.67it/s]
 86%|##########################5    | 358/418 [00:20<00:03, 17.59it/s]
 86%|##########################6    | 360/418 [00:20<00:03, 17.67it/s]
 87%|##########################8    | 362/418 [00:20<00:03, 17.65it/s]
 87%|##########################9    | 364/418 [00:20<00:03, 17.74it/s]
 88%|###########################1   | 366/418 [00:20<00:02, 17.88it/s]
 88%|###########################2   | 368/418 [00:21<00:02, 17.79it/s]
 89%|###########################4   | 370/418 [00:21<00:02, 17.76it/s]
 89%|###########################5   | 372/418 [00:21<00:02, 17.79it/s]
 89%|###########################7   | 374/418 [00:21<00:02, 17.74it/s]
 90%|###########################8   | 376/418 [00:21<00:02, 17.71it/s]
 90%|############################   | 378/418 [00:21<00:02, 17.69it/s]
 91%|############################1  | 380/418 [00:21<00:02, 17.63it/s]
 91%|############################3  | 382/418 [00:21<00:02, 17.67it/s]
 92%|############################4  | 384/418 [00:21<00:01, 17.61it/s]
 92%|############################6  | 386/418 [00:22<00:01, 17.66it/s]
 93%|############################7  | 388/418 [00:22<00:01, 17.59it/s]
 93%|############################9  | 390/418 [00:22<00:01, 17.76it/s]
 94%|#############################  | 392/418 [00:22<00:01, 17.82it/s]
 94%|#############################2 | 394/418 [00:22<00:01, 17.79it/s]
 95%|#############################3 | 396/418 [00:22<00:01, 17.76it/s]
 95%|#############################5 | 398/418 [00:22<00:01, 17.78it/s]
 96%|#############################6 | 400/418 [00:22<00:01, 17.75it/s]
 96%|#############################8 | 402/418 [00:22<00:00, 17.84it/s]
 97%|#############################9 | 404/418 [00:23<00:00, 17.90it/s]
 97%|##############################1| 406/418 [00:23<00:00, 17.77it/s]
 98%|##############################2| 408/418 [00:23<00:00, 17.77it/s]
 98%|##############################4| 410/418 [00:23<00:00, 17.74it/s]
 99%|##############################5| 412/418 [00:23<00:00, 17.69it/s]
 99%|##############################7| 414/418 [00:23<00:00, 17.70it/s]
100%|##############################8| 416/418 [00:23<00:00, 17.74it/s]
100%|###############################| 418/418 [00:23<00:00, 17.93it/s]
100%|###############################| 418/418 [00:23<00:00, 17.51it/s]
[SEAL Epoch 9] loss=0.5199

[SEAL Epoch 10/20] Run 1/1 - training...

  0%|                                         | 0/418 [00:00<?, ?it/s]
  0%|1                                | 2/418 [00:00<00:25, 16.29it/s]
  1%|3                                | 4/418 [00:00<00:24, 17.20it/s]
  1%|4                                | 6/418 [00:00<00:23, 17.41it/s]
  2%|6                                | 8/418 [00:00<00:23, 17.53it/s]
  2%|7                               | 10/418 [00:00<00:23, 17.69it/s]
  3%|9                               | 12/418 [00:00<00:22, 17.78it/s]
  3%|#                               | 14/418 [00:00<00:23, 17.08it/s]
  4%|#2                              | 16/418 [00:00<00:23, 17.30it/s]
  4%|#3                              | 18/418 [00:01<00:22, 17.40it/s]
  5%|#5                              | 20/418 [00:01<00:22, 17.65it/s]
  5%|#6                              | 22/418 [00:01<00:22, 17.69it/s]
  6%|#8                              | 24/418 [00:01<00:22, 17.73it/s]
  6%|#9                              | 26/418 [00:01<00:21, 17.86it/s]
  7%|##1                             | 28/418 [00:01<00:21, 17.85it/s]
  7%|##2                             | 30/418 [00:01<00:21, 17.85it/s]
  8%|##4                             | 32/418 [00:01<00:21, 17.83it/s]
  8%|##6                             | 34/418 [00:01<00:21, 17.79it/s]
  9%|##7                             | 36/418 [00:02<00:21, 17.79it/s]
  9%|##9                             | 38/418 [00:02<00:21, 17.85it/s]
 10%|###                             | 40/418 [00:02<00:21, 17.83it/s]
 10%|###2                            | 42/418 [00:02<00:21, 17.75it/s]
 11%|###3                            | 44/418 [00:02<00:20, 17.81it/s]
 11%|###5                            | 46/418 [00:02<00:20, 17.86it/s]
 11%|###6                            | 48/418 [00:02<00:21, 17.14it/s]
 12%|###8                            | 50/418 [00:02<00:21, 17.33it/s]
 12%|###9                            | 52/418 [00:02<00:20, 17.45it/s]
 13%|####1                           | 54/418 [00:03<00:20, 17.58it/s]
 13%|####2                           | 56/418 [00:03<00:20, 17.64it/s]
 14%|####4                           | 58/418 [00:03<00:20, 17.74it/s]
 14%|####5                           | 60/418 [00:03<00:20, 17.72it/s]
 15%|####7                           | 62/418 [00:04<00:59,  6.03it/s]
 15%|####8                           | 64/418 [00:04<00:47,  7.52it/s]
 16%|#####                           | 66/418 [00:04<00:38,  9.09it/s]
 16%|#####2                          | 68/418 [00:04<00:32, 10.61it/s]
 17%|#####3                          | 70/418 [00:04<00:28, 12.05it/s]
 17%|#####5                          | 72/418 [00:04<00:25, 13.33it/s]
 18%|#####6                          | 74/418 [00:04<00:23, 14.39it/s]
 18%|#####8                          | 76/418 [00:05<00:22, 15.21it/s]
 19%|#####9                          | 78/418 [00:05<00:21, 15.80it/s]
 19%|######1                         | 80/418 [00:05<00:20, 16.26it/s]
 20%|######2                         | 82/418 [00:05<00:20, 16.68it/s]
 20%|######4                         | 84/418 [00:05<00:19, 16.99it/s]
 21%|######5                         | 86/418 [00:05<00:19, 17.24it/s]
 21%|######7                         | 88/418 [00:05<00:18, 17.38it/s]
 22%|######8                         | 90/418 [00:05<00:18, 17.45it/s]
 22%|#######                         | 92/418 [00:05<00:18, 17.53it/s]
 22%|#######1                        | 94/418 [00:06<00:18, 17.56it/s]
 23%|#######3                        | 96/418 [00:06<00:18, 17.48it/s]
 23%|#######5                        | 98/418 [00:06<00:18, 17.65it/s]
 24%|#######4                       | 100/418 [00:06<00:17, 17.70it/s]
 24%|#######5                       | 102/418 [00:06<00:17, 17.64it/s]
 25%|#######7                       | 104/418 [00:06<00:17, 17.61it/s]
 25%|#######8                       | 106/418 [00:06<00:17, 17.66it/s]
 26%|########                       | 108/418 [00:06<00:17, 17.65it/s]
 26%|########1                      | 110/418 [00:06<00:17, 17.62it/s]
 27%|########3                      | 112/418 [00:07<00:17, 17.62it/s]
 27%|########4                      | 114/418 [00:07<00:17, 17.66it/s]
 28%|########6                      | 116/418 [00:07<00:17, 17.71it/s]
 28%|########7                      | 118/418 [00:07<00:16, 17.85it/s]
 29%|########8                      | 120/418 [00:07<00:16, 17.81it/s]
 29%|#########                      | 122/418 [00:07<00:16, 17.83it/s]
 30%|#########1                     | 124/418 [00:07<00:16, 17.76it/s]
 30%|#########3                     | 126/418 [00:07<00:16, 17.78it/s]
 31%|#########4                     | 128/418 [00:07<00:16, 17.74it/s]
 31%|#########6                     | 130/418 [00:08<00:16, 17.76it/s]
 32%|#########7                     | 132/418 [00:08<00:16, 17.76it/s]
 32%|#########9                     | 134/418 [00:08<00:16, 17.68it/s]
 33%|##########                     | 136/418 [00:08<00:15, 17.65it/s]
 33%|##########2                    | 138/418 [00:08<00:15, 17.50it/s]
 33%|##########3                    | 140/418 [00:08<00:15, 17.57it/s]
 34%|##########5                    | 142/418 [00:08<00:15, 17.60it/s]
 34%|##########6                    | 144/418 [00:08<00:15, 17.58it/s]
 35%|##########8                    | 146/418 [00:09<00:15, 17.62it/s]
 35%|##########9                    | 148/418 [00:09<00:15, 17.66it/s]
 36%|###########1                   | 150/418 [00:09<00:15, 17.63it/s]
 36%|###########2                   | 152/418 [00:09<00:15, 17.71it/s]
 37%|###########4                   | 154/418 [00:09<00:14, 17.80it/s]
 37%|###########5                   | 156/418 [00:09<00:14, 17.76it/s]
 38%|###########7                   | 158/418 [00:09<00:14, 17.67it/s]
 38%|###########8                   | 160/418 [00:09<00:14, 17.57it/s]
 39%|############                   | 162/418 [00:09<00:14, 17.62it/s]
 39%|############1                  | 164/418 [00:10<00:14, 17.71it/s]
 40%|############3                  | 166/418 [00:10<00:14, 17.70it/s]
 40%|############4                  | 168/418 [00:10<00:14, 17.73it/s]
 41%|############6                  | 170/418 [00:10<00:13, 17.72it/s]
 41%|############7                  | 172/418 [00:10<00:13, 17.68it/s]
 42%|############9                  | 174/418 [00:10<00:13, 17.65it/s]
 42%|#############                  | 176/418 [00:10<00:13, 17.68it/s]
 43%|#############2                 | 178/418 [00:10<00:13, 17.71it/s]
 43%|#############3                 | 180/418 [00:10<00:13, 17.72it/s]
 44%|#############4                 | 182/418 [00:11<00:13, 17.81it/s]
 44%|#############6                 | 184/418 [00:11<00:13, 17.80it/s]
 44%|#############7                 | 186/418 [00:11<00:13, 17.80it/s]
 45%|#############9                 | 188/418 [00:11<00:12, 17.84it/s]
 45%|##############                 | 190/418 [00:11<00:12, 17.88it/s]
 46%|##############2                | 192/418 [00:11<00:12, 17.84it/s]
 46%|##############3                | 194/418 [00:11<00:12, 17.81it/s]
 47%|##############5                | 196/418 [00:11<00:12, 17.76it/s]
 47%|##############6                | 198/418 [00:11<00:12, 17.74it/s]
 48%|##############8                | 200/418 [00:12<00:12, 17.75it/s]
 48%|##############9                | 202/418 [00:12<00:12, 17.72it/s]
 49%|###############1               | 204/418 [00:12<00:12, 17.65it/s]
 49%|###############2               | 206/418 [00:12<00:12, 17.59it/s]
 50%|###############4               | 208/418 [00:12<00:11, 17.53it/s]
 50%|###############5               | 210/418 [00:12<00:11, 17.60it/s]
 51%|###############7               | 212/418 [00:12<00:11, 17.62it/s]
 51%|###############8               | 214/418 [00:12<00:11, 17.73it/s]
 52%|################               | 216/418 [00:12<00:11, 17.78it/s]
 52%|################1              | 218/418 [00:13<00:11, 17.76it/s]
 53%|################3              | 220/418 [00:13<00:11, 17.85it/s]
 53%|################4              | 222/418 [00:13<00:11, 17.81it/s]
 54%|################6              | 224/418 [00:13<00:10, 17.69it/s]
 54%|################7              | 226/418 [00:13<00:10, 17.75it/s]
 55%|################9              | 228/418 [00:13<00:10, 17.76it/s]
 55%|#################              | 230/418 [00:13<00:10, 17.79it/s]
 56%|#################2             | 232/418 [00:13<00:10, 17.86it/s]
 56%|#################3             | 234/418 [00:13<00:10, 17.84it/s]
 56%|#################5             | 236/418 [00:14<00:10, 17.84it/s]
 57%|#################6             | 238/418 [00:14<00:10, 17.81it/s]
 57%|#################7             | 240/418 [00:14<00:10, 17.77it/s]
 58%|#################9             | 242/418 [00:14<00:09, 17.68it/s]
 58%|##################             | 244/418 [00:14<00:09, 17.60it/s]
 59%|##################2            | 246/418 [00:14<00:09, 17.80it/s]
 59%|##################3            | 248/418 [00:14<00:09, 17.73it/s]
 60%|##################5            | 250/418 [00:14<00:09, 17.72it/s]
 60%|##################6            | 252/418 [00:14<00:09, 17.84it/s]
 61%|##################8            | 254/418 [00:15<00:09, 17.86it/s]
 61%|##################9            | 256/418 [00:15<00:09, 17.74it/s]
 62%|###################1           | 258/418 [00:15<00:09, 17.72it/s]
 62%|###################2           | 260/418 [00:15<00:08, 17.66it/s]
 63%|###################4           | 262/418 [00:15<00:08, 17.62it/s]
 63%|###################5           | 264/418 [00:15<00:08, 17.77it/s]
 64%|###################7           | 266/418 [00:15<00:08, 17.75it/s]
 64%|###################8           | 268/418 [00:15<00:08, 17.73it/s]
 65%|####################           | 270/418 [00:15<00:08, 17.64it/s]
 65%|####################1          | 272/418 [00:16<00:08, 17.69it/s]
 66%|####################3          | 274/418 [00:16<00:08, 17.64it/s]
 66%|####################4          | 276/418 [00:16<00:08, 17.66it/s]
 67%|####################6          | 278/418 [00:16<00:07, 17.67it/s]
 67%|####################7          | 280/418 [00:16<00:07, 17.70it/s]
 67%|####################9          | 282/418 [00:16<00:07, 17.76it/s]
 68%|#####################          | 284/418 [00:16<00:07, 17.72it/s]
 68%|#####################2         | 286/418 [00:16<00:07, 17.55it/s]
 69%|#####################3         | 288/418 [00:17<00:07, 17.57it/s]
 69%|#####################5         | 290/418 [00:17<00:07, 17.59it/s]
 70%|#####################6         | 292/418 [00:17<00:07, 17.53it/s]
 70%|#####################8         | 294/418 [00:17<00:07, 17.52it/s]
 71%|#####################9         | 296/418 [00:17<00:06, 17.50it/s]
 71%|######################1        | 298/418 [00:17<00:06, 17.55it/s]
 72%|######################2        | 300/418 [00:17<00:06, 17.43it/s]
 72%|######################3        | 302/418 [00:17<00:06, 17.53it/s]
 73%|######################5        | 304/418 [00:17<00:06, 17.53it/s]
 73%|######################6        | 306/418 [00:18<00:06, 17.53it/s]
 74%|######################8        | 308/418 [00:18<00:06, 17.65it/s]
 74%|######################9        | 310/418 [00:18<00:06, 17.64it/s]
 75%|#######################1       | 312/418 [00:18<00:06, 17.63it/s]
 75%|#######################2       | 314/418 [00:18<00:05, 17.54it/s]
 76%|#######################4       | 316/418 [00:18<00:05, 17.58it/s]
 76%|#######################5       | 318/418 [00:18<00:05, 17.63it/s]
 77%|#######################7       | 320/418 [00:18<00:05, 17.78it/s]
 77%|#######################8       | 322/418 [00:18<00:05, 17.73it/s]
 78%|########################       | 324/418 [00:19<00:05, 17.67it/s]
 78%|########################1      | 326/418 [00:19<00:05, 17.67it/s]
 78%|########################3      | 328/418 [00:19<00:05, 17.60it/s]
 79%|########################4      | 330/418 [00:19<00:04, 17.61it/s]
 79%|########################6      | 332/418 [00:19<00:04, 17.51it/s]
 80%|########################7      | 334/418 [00:19<00:04, 17.59it/s]
 80%|########################9      | 336/418 [00:19<00:04, 17.68it/s]
 81%|#########################      | 338/418 [00:19<00:04, 17.56it/s]
 81%|#########################2     | 340/418 [00:19<00:04, 17.63it/s]
 82%|#########################3     | 342/418 [00:20<00:04, 17.65it/s]
 82%|#########################5     | 344/418 [00:20<00:04, 17.73it/s]
 83%|#########################6     | 346/418 [00:20<00:04, 17.78it/s]
 83%|#########################8     | 348/418 [00:20<00:03, 17.73it/s]
 84%|#########################9     | 350/418 [00:20<00:03, 17.72it/s]
 84%|##########################1    | 352/418 [00:20<00:03, 17.71it/s]
 85%|##########################2    | 354/418 [00:20<00:03, 17.70it/s]
 85%|##########################4    | 356/418 [00:20<00:03, 17.61it/s]
 86%|##########################5    | 358/418 [00:20<00:03, 17.64it/s]
 86%|##########################6    | 360/418 [00:21<00:03, 17.65it/s]
 87%|##########################8    | 362/418 [00:21<00:03, 17.73it/s]
 87%|##########################9    | 364/418 [00:21<00:03, 17.68it/s]
 88%|###########################1   | 366/418 [00:21<00:02, 17.68it/s]
 88%|###########################2   | 368/418 [00:21<00:02, 17.62it/s]
 89%|###########################4   | 370/418 [00:21<00:02, 17.62it/s]
 89%|###########################5   | 372/418 [00:21<00:02, 17.66it/s]
 89%|###########################7   | 374/418 [00:21<00:02, 17.79it/s]
 90%|###########################8   | 376/418 [00:22<00:02, 17.83it/s]
 90%|############################   | 378/418 [00:22<00:02, 17.77it/s]
 91%|############################1  | 380/418 [00:22<00:02, 17.78it/s]
 91%|############################3  | 382/418 [00:22<00:02, 17.08it/s]
 92%|############################4  | 384/418 [00:22<00:01, 17.24it/s]
 92%|############################6  | 386/418 [00:22<00:01, 16.72it/s]
 93%|############################7  | 388/418 [00:22<00:01, 17.05it/s]
 93%|############################9  | 390/418 [00:22<00:01, 17.23it/s]
 94%|#############################  | 392/418 [00:22<00:01, 17.28it/s]
 94%|#############################2 | 394/418 [00:23<00:01, 17.40it/s]
 95%|#############################3 | 396/418 [00:23<00:01, 17.46it/s]
 95%|#############################5 | 398/418 [00:23<00:01, 17.63it/s]
 96%|#############################6 | 400/418 [00:23<00:01, 17.04it/s]
 96%|#############################8 | 402/418 [00:23<00:00, 17.24it/s]
 97%|#############################9 | 404/418 [00:23<00:00, 17.42it/s]
 97%|##############################1| 406/418 [00:23<00:00, 17.51it/s]
 98%|##############################2| 408/418 [00:23<00:00, 17.57it/s]
 98%|##############################4| 410/418 [00:23<00:00, 17.62it/s]
 99%|##############################5| 412/418 [00:24<00:00, 17.45it/s]
 99%|##############################7| 414/418 [00:24<00:00, 17.51it/s]
100%|##############################8| 416/418 [00:24<00:00, 17.58it/s]
100%|###############################| 418/418 [00:24<00:00, 17.79it/s]
100%|###############################| 418/418 [00:24<00:00, 17.12it/s]
[SEAL Epoch 10] loss=0.5188
[SEAL Epoch 10] Evaluating...

  0%|                                          | 0/53 [00:00<?, ?it/s]
  4%|#2                                | 2/53 [00:00<00:04, 11.64it/s]
  8%|##5                               | 4/53 [00:00<00:04, 11.68it/s]
 11%|###8                              | 6/53 [00:00<00:04, 11.66it/s]
 15%|#####1                            | 8/53 [00:00<00:03, 11.59it/s]
 19%|######2                          | 10/53 [00:00<00:03, 11.62it/s]
 23%|#######4                         | 12/53 [00:01<00:03, 11.53it/s]
 26%|########7                        | 14/53 [00:01<00:03, 11.52it/s]
 30%|#########9                       | 16/53 [00:01<00:03, 11.58it/s]
 34%|###########2                     | 18/53 [00:01<00:03, 11.62it/s]
 38%|############4                    | 20/53 [00:01<00:02, 11.61it/s]
 42%|#############6                   | 22/53 [00:01<00:02, 11.58it/s]
 45%|##############9                  | 24/53 [00:02<00:02, 11.59it/s]
 49%|################1                | 26/53 [00:02<00:02, 11.57it/s]
 53%|#################4               | 28/53 [00:02<00:02, 11.58it/s]
 57%|##################6              | 30/53 [00:02<00:01, 11.51it/s]
 60%|###################9             | 32/53 [00:03<00:04,  5.00it/s]
 64%|#####################1           | 34/53 [00:03<00:03,  6.04it/s]
 68%|######################4          | 36/53 [00:03<00:02,  7.01it/s]
 72%|#######################6         | 38/53 [00:04<00:01,  7.92it/s]
 75%|########################9        | 40/53 [00:04<00:01,  8.71it/s]
 79%|##########################1      | 42/53 [00:04<00:01,  9.37it/s]
 83%|###########################3     | 44/53 [00:04<00:00,  9.91it/s]
 87%|############################6    | 46/53 [00:04<00:00, 10.35it/s]
 91%|#############################8   | 48/53 [00:04<00:00, 10.66it/s]
 94%|###############################1 | 50/53 [00:05<00:00, 10.89it/s]
 98%|################################3| 52/53 [00:05<00:00, 11.04it/s]
100%|#################################| 53/53 [00:05<00:00, 10.01it/s]

  0%|                                          | 0/53 [00:00<?, ?it/s]
  4%|#2                                | 2/53 [00:00<00:04, 11.57it/s]
  8%|##5                               | 4/53 [00:00<00:04, 11.41it/s]
 11%|###8                              | 6/53 [00:00<00:04, 11.53it/s]
 15%|#####1                            | 8/53 [00:00<00:03, 11.55it/s]
 19%|######2                          | 10/53 [00:00<00:03, 11.61it/s]
 23%|#######4                         | 12/53 [00:01<00:03, 11.65it/s]
 26%|########7                        | 14/53 [00:01<00:03, 11.62it/s]
 30%|#########9                       | 16/53 [00:01<00:03, 11.56it/s]
 34%|###########2                     | 18/53 [00:01<00:03, 11.64it/s]
 38%|############4                    | 20/53 [00:01<00:02, 11.55it/s]
 42%|#############6                   | 22/53 [00:01<00:02, 11.56it/s]
 45%|##############9                  | 24/53 [00:02<00:02, 11.60it/s]
 49%|################1                | 26/53 [00:02<00:02, 11.60it/s]
 53%|#################4               | 28/53 [00:02<00:02, 11.47it/s]
 57%|##################6              | 30/53 [00:02<00:01, 11.55it/s]
 60%|###################9             | 32/53 [00:02<00:01, 11.53it/s]
 64%|#####################1           | 34/53 [00:02<00:01, 11.47it/s]
 68%|######################4          | 36/53 [00:03<00:01, 11.50it/s]
 72%|#######################6         | 38/53 [00:03<00:01, 11.46it/s]
 75%|########################9        | 40/53 [00:03<00:01, 11.50it/s]
 79%|##########################1      | 42/53 [00:03<00:00, 11.51it/s]
 83%|###########################3     | 44/53 [00:03<00:00, 11.45it/s]
 87%|############################6    | 46/53 [00:03<00:00, 11.37it/s]
 91%|#############################8   | 48/53 [00:04<00:00, 11.42it/s]
 94%|###############################1 | 50/53 [00:04<00:00, 11.43it/s]
 98%|################################3| 52/53 [00:04<00:00, 11.42it/s]
100%|#################################| 53/53 [00:04<00:00, 11.67it/s]
AUC
Run: 01, Epoch: 10, Loss: 0.5188, Train: 80.30%, Valid: 80.65%, Test: 80.79%

[SEAL Epoch 11/20] Run 1/1 - training...

  0%|                                         | 0/418 [00:00<?, ?it/s]C:\Users\UNITY\Desktop\ANH\Image-Processing-2026\source\baseline_models\link_prediction\SEAL_OGB\seal_link_pred.py:235: FutureWarning: `torch.cuda.amp.autocast(args...)` is deprecated. Please use `torch.amp.autocast('cuda', args...)` instead.
  with torch.cuda.amp.autocast(enabled=_use_amp):
C:\Users\UNITY\Desktop\ANH\Image-Processing-2026\source\baseline_models\link_prediction\SEAL_OGB\models.py:208: UserWarning: 'nn.glob.global_sort_pool' is deprecated, use 'nn.aggr.SortAggr' instead
  x = global_sort_pool(x, batch, self.k)

  0%|                                 | 1/418 [00:00<00:45,  9.23it/s]
  1%|2                                | 3/418 [00:00<00:29, 13.97it/s]
  1%|3                                | 5/418 [00:00<00:26, 15.60it/s]
  2%|5                                | 7/418 [00:00<00:25, 16.44it/s]
  2%|7                                | 9/418 [00:00<00:24, 16.86it/s]
  3%|8                               | 11/418 [00:00<00:23, 17.17it/s]
  3%|9                               | 13/418 [00:00<00:23, 17.24it/s]
  4%|#1                              | 15/418 [00:00<00:23, 17.42it/s]
  4%|#3                              | 17/418 [00:01<00:23, 17.38it/s]
  5%|#4                              | 19/418 [00:01<00:23, 17.25it/s]
  5%|#6                              | 21/418 [00:01<00:23, 17.06it/s]
  6%|#7                              | 23/418 [00:01<00:23, 17.06it/s]
  6%|#9                              | 25/418 [00:01<00:23, 16.53it/s]
  6%|##                              | 27/418 [00:01<00:23, 16.80it/s]
  7%|##2                             | 29/418 [00:01<00:23, 16.71it/s]
  7%|##3                             | 31/418 [00:01<00:23, 16.64it/s]
  8%|##5                             | 33/418 [00:01<00:23, 16.63it/s]
  8%|##6                             | 35/418 [00:02<00:22, 16.68it/s]
  9%|##8                             | 37/418 [00:02<00:22, 16.97it/s]
  9%|##9                             | 39/418 [00:02<00:22, 17.17it/s]
 10%|###1                            | 41/418 [00:02<00:21, 17.37it/s]
 10%|###2                            | 43/418 [00:02<00:21, 17.44it/s]
 11%|###4                            | 45/418 [00:02<00:21, 17.52it/s]
 11%|###5                            | 47/418 [00:02<00:21, 17.61it/s]
 12%|###7                            | 49/418 [00:02<00:20, 17.68it/s]
 12%|###9                            | 51/418 [00:03<00:20, 17.71it/s]
 13%|####                            | 53/418 [00:03<00:20, 17.66it/s]
 13%|####2                           | 55/418 [00:03<00:20, 17.61it/s]
 14%|####3                           | 57/418 [00:03<00:20, 17.74it/s]
 14%|####5                           | 59/418 [00:03<00:20, 17.73it/s]
 15%|####6                           | 61/418 [00:03<00:20, 17.68it/s]
 15%|####8                           | 63/418 [00:03<00:20, 17.71it/s]
 16%|####9                           | 65/418 [00:03<00:20, 17.63it/s]
 16%|#####1                          | 67/418 [00:03<00:19, 17.75it/s]
 17%|#####2                          | 69/418 [00:04<00:19, 17.78it/s]
 17%|#####4                          | 71/418 [00:04<00:19, 17.72it/s]
 17%|#####5                          | 73/418 [00:04<00:19, 17.79it/s]
 18%|#####7                          | 75/418 [00:04<00:19, 17.67it/s]
 18%|#####8                          | 77/418 [00:04<00:19, 17.72it/s]
 19%|######                          | 79/418 [00:04<00:19, 17.62it/s]
 19%|######2                         | 81/418 [00:04<00:19, 17.54it/s]
 20%|######3                         | 83/418 [00:04<00:19, 17.50it/s]
 20%|######5                         | 85/418 [00:04<00:18, 17.61it/s]
 21%|######6                         | 87/418 [00:05<00:18, 17.57it/s]
 21%|######8                         | 89/418 [00:05<00:18, 17.50it/s]
 22%|######9                         | 91/418 [00:05<00:18, 17.61it/s]
 22%|#######1                        | 93/418 [00:05<00:18, 17.72it/s]
 23%|#######2                        | 95/418 [00:05<00:18, 17.76it/s]
 23%|#######4                        | 97/418 [00:05<00:18, 17.71it/s]
 24%|#######5                        | 99/418 [00:05<00:18, 17.68it/s]
 24%|#######4                       | 101/418 [00:05<00:17, 17.63it/s]
 25%|#######6                       | 103/418 [00:05<00:17, 17.65it/s]
 25%|#######7                       | 105/418 [00:06<00:17, 17.74it/s]
 26%|#######9                       | 107/418 [00:06<00:17, 17.63it/s]
 26%|########                       | 109/418 [00:06<00:17, 17.72it/s]
 27%|########2                      | 111/418 [00:06<00:17, 17.69it/s]
 27%|########3                      | 113/418 [00:06<00:17, 17.77it/s]
 28%|########5                      | 115/418 [00:06<00:17, 17.73it/s]
 28%|########6                      | 117/418 [00:06<00:16, 17.71it/s]
 28%|########8                      | 119/418 [00:06<00:16, 17.64it/s]
 29%|########9                      | 121/418 [00:06<00:16, 17.61it/s]
 29%|#########1                     | 123/418 [00:07<00:16, 17.65it/s]
 30%|#########2                     | 125/418 [00:07<00:16, 17.64it/s]
 30%|#########4                     | 127/418 [00:07<00:16, 17.61it/s]
 31%|#########5                     | 129/418 [00:07<00:16, 17.60it/s]
 31%|#########7                     | 131/418 [00:07<00:16, 17.72it/s]
 32%|#########8                     | 133/418 [00:07<00:16, 17.68it/s]
 32%|##########                     | 135/418 [00:07<00:16, 17.59it/s]
 33%|##########1                    | 137/418 [00:07<00:15, 17.63it/s]
 33%|##########3                    | 139/418 [00:07<00:15, 17.61it/s]
 34%|##########4                    | 141/418 [00:08<00:15, 17.51it/s]
 34%|##########6                    | 143/418 [00:08<00:15, 17.47it/s]
 35%|##########7                    | 145/418 [00:08<00:15, 17.50it/s]
 35%|##########9                    | 147/418 [00:08<00:15, 17.53it/s]
 36%|###########                    | 149/418 [00:08<00:15, 17.50it/s]
 36%|###########1                   | 151/418 [00:08<00:15, 17.53it/s]
 37%|###########3                   | 153/418 [00:08<00:15, 17.37it/s]
 37%|###########4                   | 155/418 [00:08<00:15, 17.15it/s]
 38%|###########6                   | 157/418 [00:09<00:15, 17.05it/s]
 38%|###########7                   | 159/418 [00:09<00:15, 16.93it/s]
 39%|###########9                   | 161/418 [00:09<00:15, 16.82it/s]
 39%|############                   | 163/418 [00:09<00:15, 16.76it/s]
 39%|############2                  | 165/418 [00:09<00:15, 16.74it/s]
 40%|############3                  | 167/418 [00:09<00:14, 17.00it/s]
 40%|############5                  | 169/418 [00:09<00:14, 17.18it/s]
 41%|############6                  | 171/418 [00:09<00:14, 17.36it/s]
 41%|############8                  | 173/418 [00:09<00:14, 17.35it/s]
 42%|############9                  | 175/418 [00:10<00:13, 17.41it/s]
 42%|#############1                 | 177/418 [00:10<00:13, 17.45it/s]
 43%|#############2                 | 179/418 [00:10<00:13, 17.45it/s]
 43%|#############4                 | 181/418 [00:10<00:13, 17.38it/s]
 44%|#############5                 | 183/418 [00:10<00:13, 17.26it/s]
 44%|#############7                 | 185/418 [00:10<00:13, 17.38it/s]
 45%|#############8                 | 187/418 [00:10<00:13, 17.49it/s]
 45%|##############                 | 189/418 [00:10<00:13, 16.87it/s]
 46%|##############1                | 191/418 [00:11<00:13, 16.82it/s]
 46%|##############3                | 193/418 [00:11<00:13, 16.72it/s]
 47%|##############4                | 195/418 [00:11<00:13, 16.76it/s]
 47%|##############6                | 197/418 [00:11<00:13, 16.72it/s]
 48%|##############7                | 199/418 [00:11<00:13, 16.84it/s]
 48%|##############9                | 201/418 [00:11<00:12, 16.95it/s]
 49%|###############                | 203/418 [00:12<00:43,  4.99it/s]
 49%|###############2               | 205/418 [00:12<00:33,  6.35it/s]
 50%|###############3               | 207/418 [00:12<00:26,  7.84it/s]
 50%|###############5               | 209/418 [00:13<00:22,  9.37it/s]
 50%|###############6               | 211/418 [00:13<00:19, 10.89it/s]
 51%|###############7               | 213/418 [00:13<00:16, 12.26it/s]
 51%|###############9               | 215/418 [00:13<00:15, 13.43it/s]
 52%|################               | 217/418 [00:13<00:13, 14.47it/s]
 52%|################2              | 219/418 [00:13<00:13, 15.24it/s]
 53%|################3              | 221/418 [00:13<00:12, 15.87it/s]
 53%|################5              | 223/418 [00:13<00:11, 16.45it/s]
 54%|################6              | 225/418 [00:13<00:11, 16.80it/s]
 54%|################8              | 227/418 [00:14<00:11, 16.87it/s]
 55%|################9              | 229/418 [00:14<00:11, 17.02it/s]
 55%|#################1             | 231/418 [00:14<00:10, 17.20it/s]
 56%|#################2             | 233/418 [00:14<00:10, 17.21it/s]
 56%|#################4             | 235/418 [00:14<00:10, 17.21it/s]
 57%|#################5             | 237/418 [00:14<00:10, 17.25it/s]
 57%|#################7             | 239/418 [00:14<00:10, 17.13it/s]
 58%|#################8             | 241/418 [00:14<00:10, 17.27it/s]
 58%|##################             | 243/418 [00:14<00:10, 17.29it/s]
 59%|##################1            | 245/418 [00:15<00:10, 17.28it/s]
 59%|##################3            | 247/418 [00:15<00:09, 17.31it/s]
 60%|##################4            | 249/418 [00:15<00:09, 17.33it/s]
 60%|##################6            | 251/418 [00:15<00:10, 16.16it/s]
 61%|##################7            | 253/418 [00:15<00:10, 15.95it/s]
 61%|##################9            | 255/418 [00:15<00:09, 16.38it/s]
 61%|###################            | 257/418 [00:15<00:09, 16.61it/s]
 62%|###################2           | 259/418 [00:15<00:09, 16.87it/s]
 62%|###################3           | 261/418 [00:16<00:09, 17.06it/s]
 63%|###################5           | 263/418 [00:16<00:09, 17.19it/s]
 63%|###################6           | 265/418 [00:16<00:08, 17.35it/s]
 64%|###################8           | 267/418 [00:16<00:08, 17.30it/s]
 64%|###################9           | 269/418 [00:16<00:08, 17.41it/s]
 65%|####################           | 271/418 [00:16<00:08, 16.74it/s]
 65%|####################2          | 273/418 [00:16<00:09, 15.76it/s]
 66%|####################3          | 275/418 [00:16<00:08, 16.29it/s]
 66%|####################5          | 277/418 [00:17<00:08, 16.63it/s]
 67%|####################6          | 279/418 [00:17<00:08, 16.90it/s]
 67%|####################8          | 281/418 [00:17<00:08, 17.06it/s]
 68%|####################9          | 283/418 [00:17<00:07, 17.17it/s]
 68%|#####################1         | 285/418 [00:17<00:07, 17.25it/s]
 69%|#####################2         | 287/418 [00:17<00:07, 16.58it/s]
 69%|#####################4         | 289/418 [00:17<00:07, 16.78it/s]
 70%|#####################5         | 291/418 [00:17<00:07, 16.76it/s]
 70%|#####################7         | 293/418 [00:17<00:07, 15.80it/s]
 71%|#####################8         | 295/418 [00:18<00:07, 16.35it/s]
 71%|######################         | 297/418 [00:18<00:07, 15.31it/s]
 72%|######################1        | 299/418 [00:18<00:07, 15.91it/s]
 72%|######################3        | 301/418 [00:18<00:07, 15.77it/s]
 72%|######################4        | 303/418 [00:18<00:07, 15.01it/s]
 73%|######################6        | 305/418 [00:18<00:07, 15.57it/s]
 73%|######################7        | 307/418 [00:18<00:06, 16.31it/s]
 74%|######################9        | 309/418 [00:19<00:07, 15.11it/s]
 74%|#######################        | 311/418 [00:19<00:06, 15.74it/s]
 75%|#######################2       | 313/418 [00:19<00:06, 16.17it/s]
 75%|#######################3       | 315/418 [00:19<00:06, 16.54it/s]
 76%|#######################5       | 317/418 [00:19<00:06, 16.83it/s]
 76%|#######################6       | 319/418 [00:19<00:05, 16.98it/s]
 77%|#######################8       | 321/418 [00:19<00:05, 17.04it/s]
 77%|#######################9       | 323/418 [00:19<00:05, 17.14it/s]
 78%|########################1      | 325/418 [00:19<00:05, 17.28it/s]
 78%|########################2      | 327/418 [00:20<00:05, 17.20it/s]
 79%|########################3      | 329/418 [00:20<00:05, 17.21it/s]
 79%|########################5      | 331/418 [00:20<00:05, 15.91it/s]
 80%|########################6      | 333/418 [00:20<00:05, 16.36it/s]
 80%|########################8      | 335/418 [00:20<00:04, 16.67it/s]
 81%|########################9      | 337/418 [00:20<00:04, 16.24it/s]
 81%|#########################1     | 339/418 [00:20<00:04, 16.68it/s]
 82%|#########################2     | 341/418 [00:20<00:04, 16.91it/s]
 82%|#########################4     | 343/418 [00:21<00:04, 17.10it/s]
 83%|#########################5     | 345/418 [00:21<00:04, 17.16it/s]
 83%|#########################7     | 347/418 [00:21<00:04, 17.10it/s]
 83%|#########################8     | 349/418 [00:21<00:04, 16.82it/s]
 84%|##########################     | 351/418 [00:21<00:03, 17.08it/s]
 84%|##########################1    | 353/418 [00:21<00:03, 17.10it/s]
 85%|##########################3    | 355/418 [00:21<00:03, 17.22it/s]
 85%|##########################4    | 357/418 [00:21<00:03, 17.30it/s]
 86%|##########################6    | 359/418 [00:21<00:03, 17.28it/s]
 86%|##########################7    | 361/418 [00:22<00:03, 17.29it/s]
 87%|##########################9    | 363/418 [00:22<00:03, 17.30it/s]
 87%|###########################    | 365/418 [00:22<00:03, 16.71it/s]
 88%|###########################2   | 367/418 [00:22<00:03, 16.17it/s]
 88%|###########################3   | 369/418 [00:22<00:02, 16.47it/s]
 89%|###########################5   | 371/418 [00:22<00:02, 16.68it/s]
 89%|###########################6   | 373/418 [00:22<00:02, 16.80it/s]
 90%|###########################8   | 375/418 [00:22<00:02, 16.93it/s]
 90%|###########################9   | 377/418 [00:23<00:02, 17.10it/s]
 91%|############################1  | 379/418 [00:23<00:02, 17.25it/s]
 91%|############################2  | 381/418 [00:23<00:02, 17.29it/s]
 92%|############################4  | 383/418 [00:23<00:02, 17.31it/s]
 92%|############################5  | 385/418 [00:23<00:01, 17.36it/s]
 93%|############################7  | 387/418 [00:23<00:01, 17.48it/s]
 93%|############################8  | 389/418 [00:23<00:01, 17.49it/s]
 94%|############################9  | 391/418 [00:23<00:01, 17.31it/s]
 94%|#############################1 | 393/418 [00:23<00:01, 17.36it/s]
 94%|#############################2 | 395/418 [00:24<00:01, 17.35it/s]
 95%|#############################4 | 397/418 [00:24<00:01, 17.33it/s]
 95%|#############################5 | 399/418 [00:24<00:01, 17.34it/s]
 96%|#############################7 | 401/418 [00:24<00:00, 17.37it/s]
 96%|#############################8 | 403/418 [00:24<00:00, 17.40it/s]
 97%|############################## | 405/418 [00:24<00:00, 17.33it/s]
 97%|##############################1| 407/418 [00:24<00:00, 17.31it/s]
 98%|##############################3| 409/418 [00:24<00:00, 17.39it/s]
 98%|##############################4| 411/418 [00:24<00:00, 17.32it/s]
 99%|##############################6| 413/418 [00:25<00:00, 17.37it/s]
 99%|##############################7| 415/418 [00:25<00:00, 17.25it/s]
100%|##############################9| 417/418 [00:25<00:00, 17.30it/s]
100%|###############################| 418/418 [00:25<00:00, 16.47it/s]
[SEAL Epoch 11] loss=0.5187

[SEAL Epoch 12/20] Run 1/1 - training...

  0%|                                         | 0/418 [00:00<?, ?it/s]
  0%|1                                | 2/418 [00:00<00:31, 13.08it/s]
  1%|3                                | 4/418 [00:00<00:27, 15.33it/s]
  1%|4                                | 6/418 [00:00<00:25, 16.26it/s]
  2%|6                                | 8/418 [00:00<00:25, 16.05it/s]
  2%|7                               | 10/418 [00:00<00:25, 16.29it/s]
  3%|9                               | 12/418 [00:00<00:24, 16.76it/s]
  3%|#                               | 14/418 [00:00<00:23, 17.05it/s]
  4%|#2                              | 16/418 [00:00<00:23, 17.26it/s]
  4%|#3                              | 18/418 [00:01<00:22, 17.44it/s]
  5%|#5                              | 20/418 [00:01<00:22, 17.54it/s]
  5%|#6                              | 22/418 [00:01<00:22, 17.61it/s]
  6%|#8                              | 24/418 [00:01<00:22, 17.60it/s]
  6%|#9                              | 26/418 [00:01<00:22, 17.66it/s]
  7%|##1                             | 28/418 [00:01<00:21, 17.79it/s]
  7%|##2                             | 30/418 [00:01<00:21, 17.85it/s]
  8%|##4                             | 32/418 [00:01<00:21, 17.86it/s]
  8%|##6                             | 34/418 [00:01<00:21, 17.83it/s]
  9%|##7                             | 36/418 [00:02<00:21, 17.61it/s]
  9%|##9                             | 38/418 [00:02<00:21, 17.49it/s]
 10%|###                             | 40/418 [00:02<00:21, 17.59it/s]
 10%|###2                            | 42/418 [00:02<00:21, 17.57it/s]
 11%|###3                            | 44/418 [00:02<00:21, 17.56it/s]
 11%|###5                            | 46/418 [00:02<00:21, 17.44it/s]
 11%|###6                            | 48/418 [00:02<00:21, 17.56it/s]
 12%|###8                            | 50/418 [00:02<00:21, 17.52it/s]
 12%|###9                            | 52/418 [00:03<00:20, 17.54it/s]
 13%|####1                           | 54/418 [00:03<00:20, 17.64it/s]
 13%|####2                           | 56/418 [00:03<00:20, 17.58it/s]
 14%|####4                           | 58/418 [00:03<00:20, 17.35it/s]
 14%|####5                           | 60/418 [00:03<00:20, 17.36it/s]
 15%|####7                           | 62/418 [00:03<00:20, 17.53it/s]
 15%|####8                           | 64/418 [00:03<00:20, 17.38it/s]
 16%|#####                           | 66/418 [00:03<00:20, 17.43it/s]
 16%|#####2                          | 68/418 [00:03<00:20, 17.40it/s]
 17%|#####3                          | 70/418 [00:04<00:19, 17.43it/s]
 17%|#####5                          | 72/418 [00:04<00:19, 17.57it/s]
 18%|#####6                          | 74/418 [00:04<00:21, 16.28it/s]
 18%|#####8                          | 76/418 [00:04<00:20, 16.60it/s]
 19%|#####9                          | 78/418 [00:04<00:20, 16.86it/s]
 19%|######1                         | 80/418 [00:04<00:19, 17.02it/s]
 20%|######2                         | 82/418 [00:04<00:19, 17.17it/s]
 20%|######4                         | 84/418 [00:04<00:19, 17.33it/s]
 21%|######5                         | 86/418 [00:04<00:19, 17.37it/s]
 21%|######7                         | 88/418 [00:05<00:18, 17.44it/s]
 22%|######8                         | 90/418 [00:05<00:19, 16.80it/s]
 22%|#######                         | 92/418 [00:05<00:19, 16.94it/s]
 22%|#######1                        | 94/418 [00:05<00:18, 17.17it/s]
 23%|#######3                        | 96/418 [00:05<00:18, 17.29it/s]
 23%|#######5                        | 98/418 [00:05<00:18, 17.27it/s]
 24%|#######4                       | 100/418 [00:05<00:18, 17.42it/s]
 24%|#######5                       | 102/418 [00:05<00:18, 17.45it/s]
 25%|#######7                       | 104/418 [00:06<00:18, 17.13it/s]
 25%|#######8                       | 106/418 [00:06<00:18, 16.93it/s]
 26%|########                       | 108/418 [00:06<00:18, 17.14it/s]
 26%|########1                      | 110/418 [00:06<00:17, 17.24it/s]
 27%|########3                      | 112/418 [00:06<00:17, 17.38it/s]
 27%|########4                      | 114/418 [00:06<00:17, 17.52it/s]
 28%|########6                      | 116/418 [00:06<00:17, 17.66it/s]
 28%|########7                      | 118/418 [00:06<00:16, 17.67it/s]
 29%|########8                      | 120/418 [00:06<00:16, 17.54it/s]
 29%|#########                      | 122/418 [00:07<00:16, 17.55it/s]
 30%|#########1                     | 124/418 [00:07<00:16, 17.49it/s]
 30%|#########3                     | 126/418 [00:07<00:16, 17.57it/s]
 31%|#########4                     | 128/418 [00:07<00:16, 17.45it/s]
 31%|#########6                     | 130/418 [00:07<00:16, 17.41it/s]
 32%|#########7                     | 132/418 [00:07<00:16, 17.39it/s]
 32%|#########9                     | 134/418 [00:07<00:16, 17.59it/s]
 33%|##########                     | 136/418 [00:07<00:15, 17.65it/s]
 33%|##########2                    | 138/418 [00:07<00:15, 17.60it/s]
 33%|##########3                    | 140/418 [00:08<00:15, 17.66it/s]
 34%|##########5                    | 142/418 [00:08<00:15, 17.68it/s]
 34%|##########6                    | 144/418 [00:08<00:15, 17.65it/s]
 35%|##########8                    | 146/418 [00:08<00:15, 17.57it/s]
 35%|##########9                    | 148/418 [00:08<00:15, 17.55it/s]
 36%|###########1                   | 150/418 [00:08<00:15, 17.57it/s]
 36%|###########2                   | 152/418 [00:08<00:15, 17.55it/s]
 37%|###########4                   | 154/418 [00:08<00:15, 17.52it/s]
 37%|###########5                   | 156/418 [00:08<00:14, 17.52it/s]
 38%|###########7                   | 158/418 [00:09<00:14, 17.44it/s]
 38%|###########8                   | 160/418 [00:09<00:14, 17.50it/s]
 39%|############                   | 162/418 [00:09<00:14, 17.53it/s]
 39%|############1                  | 164/418 [00:09<00:14, 17.54it/s]
 40%|############3                  | 166/418 [00:09<00:14, 17.57it/s]
 40%|############4                  | 168/418 [00:09<00:14, 17.59it/s]
 41%|############6                  | 170/418 [00:09<00:14, 17.49it/s]
 41%|############7                  | 172/418 [00:09<00:14, 17.53it/s]
 42%|############9                  | 174/418 [00:10<00:13, 17.56it/s]
 42%|#############                  | 176/418 [00:10<00:13, 17.53it/s]
 43%|#############2                 | 178/418 [00:10<00:13, 17.41it/s]
 43%|#############3                 | 180/418 [00:10<00:13, 17.32it/s]
 44%|#############4                 | 182/418 [00:10<00:13, 17.39it/s]
 44%|#############6                 | 184/418 [00:10<00:13, 17.51it/s]
 44%|#############7                 | 186/418 [00:10<00:13, 17.49it/s]
 45%|#############9                 | 188/418 [00:10<00:13, 17.53it/s]
 45%|##############                 | 190/418 [00:10<00:13, 17.41it/s]
 46%|##############2                | 192/418 [00:11<00:12, 17.42it/s]
 46%|##############3                | 194/418 [00:11<00:12, 17.48it/s]
 47%|##############5                | 196/418 [00:11<00:12, 17.51it/s]
 47%|##############6                | 198/418 [00:11<00:12, 17.44it/s]
 48%|##############8                | 200/418 [00:11<00:12, 17.48it/s]
 48%|##############9                | 202/418 [00:11<00:12, 16.90it/s]
 49%|###############1               | 204/418 [00:11<00:12, 17.09it/s]
 49%|###############2               | 206/418 [00:11<00:12, 17.22it/s]
 50%|###############4               | 208/418 [00:11<00:12, 17.41it/s]
 50%|###############5               | 210/418 [00:12<00:11, 17.43it/s]
 51%|###############7               | 212/418 [00:12<00:11, 17.55it/s]
 51%|###############8               | 214/418 [00:12<00:11, 17.56it/s]
 52%|################               | 216/418 [00:12<00:11, 17.54it/s]
 52%|################1              | 218/418 [00:12<00:11, 17.46it/s]
 53%|################3              | 220/418 [00:12<00:11, 17.48it/s]
 53%|################4              | 222/418 [00:12<00:11, 17.40it/s]
 54%|################6              | 224/418 [00:12<00:11, 17.42it/s]
 54%|################7              | 226/418 [00:13<00:11, 17.32it/s]
 55%|################9              | 228/418 [00:13<00:10, 17.43it/s]
 55%|#################              | 230/418 [00:13<00:10, 17.43it/s]
 56%|#################2             | 232/418 [00:13<00:10, 17.45it/s]
 56%|#################3             | 234/418 [00:13<00:10, 17.45it/s]
 56%|#################5             | 236/418 [00:13<00:10, 17.51it/s]
 57%|#################6             | 238/418 [00:13<00:10, 17.54it/s]
 57%|#################7             | 240/418 [00:13<00:10, 17.49it/s]
 58%|#################9             | 242/418 [00:13<00:10, 17.46it/s]
 58%|##################             | 244/418 [00:14<00:09, 17.51it/s]
 59%|##################2            | 246/418 [00:14<00:09, 17.59it/s]
 59%|##################3            | 248/418 [00:14<00:09, 17.52it/s]
 60%|##################5            | 250/418 [00:14<00:09, 17.54it/s]
 60%|##################6            | 252/418 [00:14<00:09, 17.62it/s]
 61%|##################8            | 254/418 [00:14<00:09, 17.66it/s]
 61%|##################9            | 256/418 [00:14<00:09, 17.70it/s]
 62%|###################1           | 258/418 [00:14<00:09, 17.67it/s]
 62%|###################2           | 260/418 [00:14<00:08, 17.70it/s]
 63%|###################4           | 262/418 [00:15<00:08, 17.69it/s]
 63%|###################5           | 264/418 [00:15<00:08, 17.61it/s]
 64%|###################7           | 266/418 [00:15<00:08, 17.65it/s]
 64%|###################8           | 268/418 [00:15<00:08, 17.64it/s]
 65%|####################           | 270/418 [00:15<00:08, 17.65it/s]
 65%|####################1          | 272/418 [00:15<00:08, 17.64it/s]
 66%|####################3          | 274/418 [00:15<00:08, 17.66it/s]
 66%|####################4          | 276/418 [00:15<00:08, 17.70it/s]
 67%|####################6          | 278/418 [00:15<00:07, 17.67it/s]
 67%|####################7          | 280/418 [00:16<00:07, 17.71it/s]
 67%|####################9          | 282/418 [00:16<00:07, 17.55it/s]
 68%|#####################          | 284/418 [00:16<00:07, 17.59it/s]
 68%|#####################2         | 286/418 [00:16<00:07, 17.58it/s]
 69%|#####################3         | 288/418 [00:16<00:07, 17.48it/s]
 69%|#####################5         | 290/418 [00:16<00:07, 17.51it/s]
 70%|#####################6         | 292/418 [00:16<00:07, 17.50it/s]
 70%|#####################8         | 294/418 [00:16<00:07, 17.52it/s]
 71%|#####################9         | 296/418 [00:16<00:07, 17.42it/s]
 71%|######################1        | 298/418 [00:17<00:06, 17.42it/s]
 72%|######################2        | 300/418 [00:17<00:06, 17.29it/s]
 72%|######################3        | 302/418 [00:17<00:06, 17.40it/s]
 73%|######################5        | 304/418 [00:17<00:06, 17.09it/s]
 73%|######################6        | 306/418 [00:17<00:06, 17.14it/s]
 74%|######################8        | 308/418 [00:17<00:06, 17.16it/s]
 74%|######################9        | 310/418 [00:17<00:06, 17.20it/s]
 75%|#######################1       | 312/418 [00:17<00:06, 17.28it/s]
 75%|#######################2       | 314/418 [00:18<00:05, 17.42it/s]
 76%|#######################4       | 316/418 [00:18<00:05, 17.37it/s]
 76%|#######################5       | 318/418 [00:18<00:05, 17.35it/s]
 77%|#######################7       | 320/418 [00:18<00:05, 17.43it/s]
 77%|#######################8       | 322/418 [00:18<00:05, 16.79it/s]
 78%|########################       | 324/418 [00:18<00:05, 17.08it/s]
 78%|########################1      | 326/418 [00:18<00:05, 17.22it/s]
 78%|########################3      | 328/418 [00:18<00:05, 17.23it/s]
 79%|########################4      | 330/418 [00:18<00:05, 17.29it/s]
 79%|########################6      | 332/418 [00:19<00:04, 17.37it/s]
 80%|########################7      | 334/418 [00:19<00:04, 17.41it/s]
 80%|########################9      | 336/418 [00:19<00:04, 17.37it/s]
 81%|#########################      | 338/418 [00:19<00:04, 17.38it/s]
 81%|#########################2     | 340/418 [00:19<00:04, 17.45it/s]
 82%|#########################3     | 342/418 [00:19<00:04, 17.55it/s]
 82%|#########################5     | 344/418 [00:19<00:04, 17.55it/s]
 83%|#########################6     | 346/418 [00:19<00:04, 17.49it/s]
 83%|#########################8     | 348/418 [00:19<00:04, 17.46it/s]
 84%|#########################9     | 350/418 [00:20<00:03, 17.40it/s]
 84%|##########################1    | 352/418 [00:20<00:03, 17.43it/s]
 85%|##########################2    | 354/418 [00:20<00:03, 17.31it/s]
 85%|##########################4    | 356/418 [00:20<00:03, 17.34it/s]
 86%|##########################5    | 358/418 [00:20<00:03, 17.34it/s]
 86%|##########################6    | 360/418 [00:20<00:03, 17.33it/s]
 87%|##########################8    | 362/418 [00:20<00:03, 17.46it/s]
 87%|##########################9    | 364/418 [00:20<00:03, 17.67it/s]
 88%|###########################1   | 366/418 [00:21<00:02, 17.79it/s]
 88%|###########################2   | 368/418 [00:21<00:02, 17.94it/s]
 89%|###########################4   | 370/418 [00:21<00:02, 17.93it/s]
 89%|###########################5   | 372/418 [00:21<00:02, 17.79it/s]
 89%|###########################7   | 374/418 [00:21<00:02, 17.03it/s]
 90%|###########################8   | 376/418 [00:21<00:02, 16.95it/s]
 90%|############################   | 378/418 [00:21<00:02, 16.99it/s]
 91%|############################1  | 380/418 [00:21<00:02, 16.47it/s]
 91%|############################3  | 382/418 [00:21<00:02, 15.87it/s]
 92%|############################4  | 384/418 [00:22<00:02, 16.38it/s]
 92%|############################6  | 386/418 [00:22<00:01, 16.74it/s]
 93%|############################7  | 388/418 [00:22<00:01, 16.98it/s]
 93%|############################9  | 390/418 [00:22<00:01, 17.25it/s]
 94%|#############################  | 392/418 [00:22<00:01, 17.35it/s]
 94%|#############################2 | 394/418 [00:22<00:01, 17.41it/s]
 95%|#############################3 | 396/418 [00:22<00:01, 17.42it/s]
 95%|#############################5 | 398/418 [00:22<00:01, 17.45it/s]
 96%|#############################6 | 400/418 [00:23<00:01, 17.49it/s]
 96%|#############################8 | 402/418 [00:23<00:00, 17.56it/s]
 97%|#############################9 | 404/418 [00:23<00:00, 17.57it/s]
 97%|##############################1| 406/418 [00:23<00:00, 17.55it/s]
 98%|##############################2| 408/418 [00:23<00:00, 17.52it/s]
 98%|##############################4| 410/418 [00:23<00:00, 17.56it/s]
 99%|##############################5| 412/418 [00:23<00:00, 17.57it/s]
 99%|##############################7| 414/418 [00:23<00:00, 17.59it/s]
100%|##############################8| 416/418 [00:23<00:00, 17.50it/s]
100%|###############################| 418/418 [00:24<00:00, 17.53it/s]
100%|###############################| 418/418 [00:24<00:00, 17.39it/s]
[SEAL Epoch 12] loss=0.5183

[SEAL Epoch 13/20] Run 1/1 - training...

  0%|                                         | 0/418 [00:00<?, ?it/s]
  0%|1                                | 2/418 [00:00<00:29, 14.09it/s]
  1%|3                                | 4/418 [00:00<00:26, 15.88it/s]
  1%|4                                | 6/418 [00:00<00:24, 16.82it/s]
  2%|6                                | 8/418 [00:00<00:24, 17.07it/s]
  2%|7                               | 10/418 [00:00<00:23, 17.30it/s]
  3%|9                               | 12/418 [00:00<00:23, 17.37it/s]
  3%|#                               | 14/418 [00:00<00:23, 17.44it/s]
  4%|#2                              | 16/418 [00:00<00:22, 17.55it/s]
  4%|#3                              | 18/418 [00:01<00:22, 17.59it/s]
  5%|#5                              | 20/418 [00:01<00:22, 17.63it/s]
  5%|#6                              | 22/418 [00:01<00:22, 17.70it/s]
  6%|#8                              | 24/418 [00:01<00:22, 17.65it/s]
  6%|#9                              | 26/418 [00:01<00:22, 17.61it/s]
  7%|##1                             | 28/418 [00:01<00:22, 17.71it/s]
  7%|##2                             | 30/418 [00:01<00:21, 17.72it/s]
  8%|##4                             | 32/418 [00:01<00:22, 17.06it/s]
  8%|##6                             | 34/418 [00:01<00:22, 17.19it/s]
  9%|##7                             | 36/418 [00:02<00:22, 17.30it/s]
  9%|##9                             | 38/418 [00:02<00:21, 17.44it/s]
 10%|###                             | 40/418 [00:02<00:21, 17.45it/s]
 10%|###2                            | 42/418 [00:02<00:21, 17.45it/s]
 11%|###3                            | 44/418 [00:02<00:21, 17.58it/s]
 11%|###5                            | 46/418 [00:02<00:21, 16.91it/s]
 11%|###6                            | 48/418 [00:02<00:21, 17.10it/s]
 12%|###8                            | 50/418 [00:02<00:21, 17.16it/s]
 12%|###9                            | 52/418 [00:03<00:21, 17.21it/s]
 13%|####1                           | 54/418 [00:03<00:20, 17.42it/s]
 13%|####2                           | 56/418 [00:03<00:20, 17.47it/s]
 14%|####4                           | 58/418 [00:03<00:20, 17.55it/s]
 14%|####5                           | 60/418 [00:03<00:20, 17.56it/s]
 15%|####7                           | 62/418 [00:03<00:20, 17.57it/s]
 15%|####8                           | 64/418 [00:03<00:20, 17.57it/s]
 16%|#####                           | 66/418 [00:03<00:19, 17.66it/s]
 16%|#####2                          | 68/418 [00:03<00:19, 17.67it/s]
 17%|#####3                          | 70/418 [00:04<00:20, 17.22it/s]
 17%|#####5                          | 72/418 [00:04<00:20, 17.04it/s]
 18%|#####6                          | 74/418 [00:04<00:20, 16.92it/s]
 18%|#####8                          | 76/418 [00:04<00:20, 16.96it/s]
 19%|#####9                          | 78/418 [00:04<00:19, 17.10it/s]
 19%|######1                         | 80/418 [00:04<00:19, 17.19it/s]
 20%|######2                         | 82/418 [00:04<00:19, 17.28it/s]
 20%|######4                         | 84/418 [00:04<00:19, 17.29it/s]
 21%|######5                         | 86/418 [00:04<00:19, 17.31it/s]
 21%|######7                         | 88/418 [00:05<00:19, 17.20it/s]
 22%|######8                         | 90/418 [00:05<00:19, 17.22it/s]
 22%|#######                         | 92/418 [00:05<00:18, 17.37it/s]
 22%|#######1                        | 94/418 [00:05<00:18, 17.41it/s]
 23%|#######3                        | 96/418 [00:05<00:18, 17.44it/s]
 23%|#######5                        | 98/418 [00:05<00:18, 17.31it/s]
 24%|#######4                       | 100/418 [00:05<00:18, 17.37it/s]
 24%|#######5                       | 102/418 [00:05<00:18, 17.41it/s]
 25%|#######7                       | 104/418 [00:06<00:18, 17.44it/s]
 25%|#######8                       | 106/418 [00:06<00:17, 17.44it/s]
 26%|########                       | 108/418 [00:06<00:17, 17.46it/s]
 26%|########1                      | 110/418 [00:06<00:17, 17.48it/s]
 27%|########3                      | 112/418 [00:06<00:17, 17.52it/s]
 27%|########4                      | 114/418 [00:06<00:17, 17.51it/s]
 28%|########6                      | 116/418 [00:06<00:17, 17.62it/s]
 28%|########7                      | 118/418 [00:06<00:17, 17.55it/s]
 29%|########8                      | 120/418 [00:06<00:17, 17.48it/s]
 29%|#########                      | 122/418 [00:07<00:16, 17.53it/s]
 30%|#########1                     | 124/418 [00:07<00:16, 17.49it/s]
 30%|#########3                     | 126/418 [00:07<00:16, 17.51it/s]
 31%|#########4                     | 128/418 [00:07<00:16, 17.53it/s]
 31%|#########6                     | 130/418 [00:07<00:16, 17.51it/s]
 32%|#########7                     | 132/418 [00:07<00:16, 17.51it/s]
 32%|#########9                     | 134/418 [00:07<00:16, 17.50it/s]
 33%|##########                     | 136/418 [00:07<00:16, 17.50it/s]
 33%|##########2                    | 138/418 [00:07<00:15, 17.58it/s]
 33%|##########3                    | 140/418 [00:08<00:15, 17.55it/s]
 34%|##########5                    | 142/418 [00:08<00:15, 17.57it/s]
 34%|##########6                    | 144/418 [00:08<00:15, 17.54it/s]
 35%|##########8                    | 146/418 [00:08<00:15, 17.61it/s]
 35%|##########9                    | 148/418 [00:08<00:15, 17.56it/s]
 36%|###########1                   | 150/418 [00:08<00:15, 17.56it/s]
 36%|###########2                   | 152/418 [00:08<00:15, 17.69it/s]
 37%|###########4                   | 154/418 [00:08<00:14, 17.64it/s]
 37%|###########5                   | 156/418 [00:08<00:14, 17.60it/s]
 38%|###########7                   | 158/418 [00:09<00:14, 17.62it/s]
 38%|###########8                   | 160/418 [00:09<00:14, 17.60it/s]
 39%|############                   | 162/418 [00:09<00:14, 17.60it/s]
 39%|############1                  | 164/418 [00:09<00:14, 17.63it/s]
 40%|############3                  | 166/418 [00:09<00:14, 17.58it/s]
 40%|############4                  | 168/418 [00:09<00:14, 17.54it/s]
 41%|############6                  | 170/418 [00:09<00:14, 17.47it/s]
 41%|############7                  | 172/418 [00:09<00:14, 17.49it/s]
 42%|############9                  | 174/418 [00:09<00:13, 17.55it/s]
 42%|#############                  | 176/418 [00:10<00:13, 17.63it/s]
 43%|#############2                 | 178/418 [00:10<00:13, 17.62it/s]
 43%|#############3                 | 180/418 [00:10<00:13, 17.61it/s]
 44%|#############4                 | 182/418 [00:10<00:13, 17.60it/s]
 44%|#############6                 | 184/418 [00:10<00:13, 17.45it/s]
 44%|#############7                 | 186/418 [00:10<00:13, 17.42it/s]
 45%|#############9                 | 188/418 [00:10<00:13, 17.32it/s]
 45%|##############                 | 190/418 [00:10<00:13, 17.36it/s]
 46%|##############2                | 192/418 [00:11<00:12, 17.45it/s]
 46%|##############3                | 194/418 [00:11<00:12, 17.44it/s]
 47%|##############5                | 196/418 [00:11<00:12, 17.45it/s]
 47%|##############6                | 198/418 [00:11<00:12, 17.52it/s]
 48%|##############8                | 200/418 [00:11<00:12, 17.50it/s]
 48%|##############9                | 202/418 [00:11<00:12, 17.56it/s]
 49%|###############1               | 204/418 [00:11<00:12, 17.60it/s]
 49%|###############2               | 206/418 [00:11<00:12, 17.66it/s]
 50%|###############4               | 208/418 [00:11<00:11, 17.59it/s]
 50%|###############5               | 210/418 [00:12<00:11, 17.59it/s]
 51%|###############7               | 212/418 [00:12<00:11, 17.54it/s]
 51%|###############8               | 214/418 [00:12<00:11, 17.60it/s]
 52%|################               | 216/418 [00:12<00:11, 17.57it/s]
 52%|################1              | 218/418 [00:12<00:11, 17.56it/s]
 53%|################3              | 220/418 [00:12<00:11, 17.58it/s]
 53%|################4              | 222/418 [00:12<00:11, 17.60it/s]
 54%|################6              | 224/418 [00:12<00:11, 17.40it/s]
 54%|################7              | 226/418 [00:12<00:10, 17.48it/s]
 55%|################9              | 228/418 [00:13<00:11, 16.99it/s]
 55%|#################              | 230/418 [00:13<00:10, 17.15it/s]
 56%|#################2             | 232/418 [00:13<00:10, 17.27it/s]
 56%|#################3             | 234/418 [00:13<00:10, 17.37it/s]
 56%|#################5             | 236/418 [00:13<00:10, 17.34it/s]
 57%|#################6             | 238/418 [00:13<00:10, 17.42it/s]
 57%|#################7             | 240/418 [00:13<00:10, 17.51it/s]
 58%|#################9             | 242/418 [00:13<00:10, 17.53it/s]
 58%|##################             | 244/418 [00:13<00:09, 17.57it/s]
 59%|##################2            | 246/418 [00:14<00:09, 17.63it/s]
 59%|##################3            | 248/418 [00:14<00:09, 17.60it/s]
 60%|##################5            | 250/418 [00:14<00:09, 17.38it/s]
 60%|##################6            | 252/418 [00:14<00:09, 17.42it/s]
 61%|##################8            | 254/418 [00:15<00:32,  5.12it/s]
 61%|##################9            | 256/418 [00:15<00:24,  6.49it/s]
 62%|###################1           | 258/418 [00:15<00:19,  8.01it/s]
 62%|###################2           | 260/418 [00:15<00:16,  9.54it/s]
 63%|###################4           | 262/418 [00:15<00:14, 11.09it/s]
 63%|###################5           | 264/418 [00:16<00:12, 12.47it/s]
 64%|###################7           | 266/418 [00:16<00:11, 13.72it/s]
 64%|###################8           | 268/418 [00:16<00:10, 14.72it/s]
 65%|####################           | 270/418 [00:16<00:09, 15.48it/s]
 65%|####################1          | 272/418 [00:16<00:09, 16.08it/s]
 66%|####################3          | 274/418 [00:16<00:08, 16.48it/s]
 66%|####################4          | 276/418 [00:16<00:08, 16.79it/s]
 67%|####################6          | 278/418 [00:16<00:08, 16.53it/s]
 67%|####################7          | 280/418 [00:16<00:08, 16.86it/s]
 67%|####################9          | 282/418 [00:17<00:07, 17.09it/s]
 68%|#####################          | 284/418 [00:17<00:07, 17.23it/s]
 68%|#####################2         | 286/418 [00:17<00:07, 17.36it/s]
 69%|#####################3         | 288/418 [00:17<00:07, 17.45it/s]
 69%|#####################5         | 290/418 [00:17<00:07, 17.44it/s]
 70%|#####################6         | 292/418 [00:17<00:07, 17.44it/s]
 70%|#####################8         | 294/418 [00:17<00:07, 17.51it/s]
 71%|#####################9         | 296/418 [00:17<00:06, 17.63it/s]
 71%|######################1        | 298/418 [00:17<00:06, 17.60it/s]
 72%|######################2        | 300/418 [00:18<00:06, 17.55it/s]
 72%|######################3        | 302/418 [00:18<00:06, 17.57it/s]
 73%|######################5        | 304/418 [00:18<00:06, 17.58it/s]
 73%|######################6        | 306/418 [00:18<00:06, 17.54it/s]
 74%|######################8        | 308/418 [00:18<00:06, 17.52it/s]
 74%|######################9        | 310/418 [00:18<00:06, 16.91it/s]
 75%|#######################1       | 312/418 [00:18<00:06, 17.08it/s]
 75%|#######################2       | 314/418 [00:18<00:06, 17.28it/s]
 76%|#######################4       | 316/418 [00:19<00:05, 17.48it/s]
 76%|#######################5       | 318/418 [00:19<00:05, 17.52it/s]
 77%|#######################7       | 320/418 [00:19<00:05, 17.55it/s]
 77%|#######################8       | 322/418 [00:19<00:05, 17.55it/s]
 78%|########################       | 324/418 [00:19<00:05, 17.49it/s]
 78%|########################1      | 326/418 [00:19<00:05, 17.51it/s]
 78%|########################3      | 328/418 [00:19<00:05, 17.52it/s]
 79%|########################4      | 330/418 [00:19<00:04, 17.64it/s]
 79%|########################6      | 332/418 [00:19<00:04, 17.46it/s]
 80%|########################7      | 334/418 [00:20<00:04, 17.48it/s]
 80%|########################9      | 336/418 [00:20<00:04, 17.37it/s]
 81%|#########################      | 338/418 [00:20<00:04, 17.40it/s]
 81%|#########################2     | 340/418 [00:20<00:04, 17.38it/s]
 82%|#########################3     | 342/418 [00:20<00:04, 17.44it/s]
 82%|#########################5     | 344/418 [00:20<00:04, 17.34it/s]
 83%|#########################6     | 346/418 [00:20<00:04, 17.06it/s]
 83%|#########################8     | 348/418 [00:20<00:04, 17.19it/s]
 84%|#########################9     | 350/418 [00:20<00:03, 17.41it/s]
 84%|##########################1    | 352/418 [00:21<00:03, 17.47it/s]
 85%|##########################2    | 354/418 [00:21<00:03, 17.48it/s]
 85%|##########################4    | 356/418 [00:21<00:03, 17.49it/s]
 86%|##########################5    | 358/418 [00:21<00:03, 17.52it/s]
 86%|##########################6    | 360/418 [00:21<00:03, 17.46it/s]
 87%|##########################8    | 362/418 [00:21<00:03, 17.57it/s]
 87%|##########################9    | 364/418 [00:21<00:03, 17.68it/s]
 88%|###########################1   | 366/418 [00:21<00:02, 17.63it/s]
 88%|###########################2   | 368/418 [00:22<00:02, 17.63it/s]
 89%|###########################4   | 370/418 [00:22<00:02, 17.86it/s]
 89%|###########################5   | 372/418 [00:22<00:02, 17.78it/s]
 89%|###########################7   | 374/418 [00:22<00:02, 17.72it/s]
 90%|###########################8   | 376/418 [00:22<00:02, 17.71it/s]
 90%|############################   | 378/418 [00:22<00:02, 17.65it/s]
 91%|############################1  | 380/418 [00:22<00:02, 17.67it/s]
 91%|############################3  | 382/418 [00:22<00:02, 17.55it/s]
 92%|############################4  | 384/418 [00:22<00:01, 17.56it/s]
 92%|############################6  | 386/418 [00:23<00:01, 17.47it/s]
 93%|############################7  | 388/418 [00:23<00:01, 17.47it/s]
 93%|############################9  | 390/418 [00:23<00:01, 17.49it/s]
 94%|#############################  | 392/418 [00:23<00:01, 17.55it/s]
 94%|#############################2 | 394/418 [00:23<00:01, 17.59it/s]
 95%|#############################3 | 396/418 [00:23<00:01, 17.57it/s]
 95%|#############################5 | 398/418 [00:23<00:01, 17.62it/s]
 96%|#############################6 | 400/418 [00:23<00:01, 17.63it/s]
 96%|#############################8 | 402/418 [00:23<00:00, 17.54it/s]
 97%|#############################9 | 404/418 [00:24<00:00, 17.53it/s]
 97%|##############################1| 406/418 [00:24<00:00, 17.62it/s]
 98%|##############################2| 408/418 [00:24<00:00, 17.65it/s]
 98%|##############################4| 410/418 [00:24<00:00, 17.63it/s]
 99%|##############################5| 412/418 [00:24<00:00, 17.58it/s]
 99%|##############################7| 414/418 [00:24<00:00, 17.54it/s]
100%|##############################8| 416/418 [00:24<00:00, 17.50it/s]
100%|###############################| 418/418 [00:24<00:00, 17.67it/s]
100%|###############################| 418/418 [00:24<00:00, 16.82it/s]
[SEAL Epoch 13] loss=0.5179

[SEAL Epoch 14/20] Run 1/1 - training...

  0%|                                         | 0/418 [00:00<?, ?it/s]
  0%|1                                | 2/418 [00:00<00:26, 15.90it/s]
  1%|3                                | 4/418 [00:00<00:24, 16.78it/s]
  1%|4                                | 6/418 [00:00<00:24, 17.03it/s]
  2%|6                                | 8/418 [00:00<00:23, 17.24it/s]
  2%|7                               | 10/418 [00:00<00:23, 17.37it/s]
  3%|9                               | 12/418 [00:00<00:23, 17.46it/s]
  3%|#                               | 14/418 [00:00<00:23, 17.35it/s]
  4%|#2                              | 16/418 [00:00<00:23, 17.35it/s]
  4%|#3                              | 18/418 [00:01<00:22, 17.42it/s]
  5%|#5                              | 20/418 [00:01<00:22, 17.42it/s]
  5%|#6                              | 22/418 [00:01<00:22, 17.36it/s]
  6%|#8                              | 24/418 [00:01<00:22, 17.22it/s]
  6%|#9                              | 26/418 [00:01<00:22, 17.39it/s]
  7%|##1                             | 28/418 [00:01<00:22, 17.43it/s]
  7%|##2                             | 30/418 [00:01<00:22, 17.47it/s]
  8%|##4                             | 32/418 [00:01<00:22, 17.45it/s]
  8%|##6                             | 34/418 [00:01<00:21, 17.49it/s]
  9%|##7                             | 36/418 [00:02<00:21, 17.61it/s]
  9%|##9                             | 38/418 [00:02<00:21, 17.57it/s]
 10%|###                             | 40/418 [00:02<00:21, 17.63it/s]
 10%|###2                            | 42/418 [00:02<00:21, 17.71it/s]
 11%|###3                            | 44/418 [00:02<00:21, 17.65it/s]
 11%|###5                            | 46/418 [00:02<00:21, 17.57it/s]
 11%|###6                            | 48/418 [00:02<00:21, 17.62it/s]
 12%|###8                            | 50/418 [00:02<00:20, 17.56it/s]
 12%|###9                            | 52/418 [00:02<00:20, 17.50it/s]
 13%|####1                           | 54/418 [00:03<00:21, 17.33it/s]
 13%|####2                           | 56/418 [00:03<00:20, 17.36it/s]
 14%|####4                           | 58/418 [00:03<00:20, 17.36it/s]
 14%|####5                           | 60/418 [00:03<00:20, 17.49it/s]
 15%|####7                           | 62/418 [00:03<00:20, 17.51it/s]
 15%|####8                           | 64/418 [00:03<00:20, 17.52it/s]
 16%|#####                           | 66/418 [00:03<00:20, 17.50it/s]
 16%|#####2                          | 68/418 [00:03<00:20, 17.50it/s]
 17%|#####3                          | 70/418 [00:04<00:19, 17.49it/s]
 17%|#####5                          | 72/418 [00:04<00:19, 17.47it/s]
 18%|#####6                          | 74/418 [00:04<00:21, 16.36it/s]
 18%|#####8                          | 76/418 [00:04<00:20, 16.66it/s]
 19%|#####9                          | 78/418 [00:04<00:20, 16.83it/s]
 19%|######1                         | 80/418 [00:04<00:19, 17.03it/s]
 20%|######2                         | 82/418 [00:04<00:19, 17.13it/s]
 20%|######4                         | 84/418 [00:04<00:19, 17.29it/s]
 21%|######5                         | 86/418 [00:04<00:19, 17.25it/s]
 21%|######7                         | 88/418 [00:05<00:19, 17.31it/s]
 22%|######8                         | 90/418 [00:05<00:18, 17.35it/s]
 22%|#######                         | 92/418 [00:05<00:18, 17.36it/s]
 22%|#######1                        | 94/418 [00:05<00:18, 17.38it/s]
 23%|#######3                        | 96/418 [00:05<00:18, 17.39it/s]
 23%|#######5                        | 98/418 [00:05<00:18, 17.36it/s]
 24%|#######4                       | 100/418 [00:05<00:18, 17.40it/s]
 24%|#######5                       | 102/418 [00:05<00:18, 17.35it/s]
 25%|#######7                       | 104/418 [00:05<00:18, 17.36it/s]
 25%|#######8                       | 106/418 [00:06<00:17, 17.42it/s]
 26%|########                       | 108/418 [00:06<00:17, 17.40it/s]
 26%|########1                      | 110/418 [00:06<00:17, 17.47it/s]
 27%|########3                      | 112/418 [00:06<00:17, 17.43it/s]
 27%|########4                      | 114/418 [00:06<00:17, 17.32it/s]
 28%|########6                      | 116/418 [00:06<00:17, 17.36it/s]
 28%|########7                      | 118/418 [00:06<00:17, 17.39it/s]
 29%|########8                      | 120/418 [00:06<00:17, 17.39it/s]
 29%|#########                      | 122/418 [00:07<00:17, 17.36it/s]
 30%|#########1                     | 124/418 [00:07<00:16, 17.31it/s]
 30%|#########3                     | 126/418 [00:07<00:16, 17.24it/s]
 31%|#########4                     | 128/418 [00:07<00:16, 17.33it/s]
 31%|#########6                     | 130/418 [00:07<00:16, 17.35it/s]
 32%|#########7                     | 132/418 [00:07<00:16, 17.34it/s]
 32%|#########9                     | 134/418 [00:07<00:16, 16.73it/s]
 33%|##########                     | 136/418 [00:07<00:16, 16.90it/s]
 33%|##########2                    | 138/418 [00:07<00:16, 17.08it/s]
 33%|##########3                    | 140/418 [00:08<00:16, 17.21it/s]
 34%|##########5                    | 142/418 [00:08<00:15, 17.34it/s]
 34%|##########6                    | 144/418 [00:08<00:15, 17.38it/s]
 35%|##########8                    | 146/418 [00:08<00:15, 17.42it/s]
 35%|##########9                    | 148/418 [00:08<00:15, 17.47it/s]
 36%|###########1                   | 150/418 [00:08<00:15, 17.54it/s]
 36%|###########2                   | 152/418 [00:08<00:15, 17.60it/s]
 37%|###########4                   | 154/418 [00:08<00:15, 17.54it/s]
 37%|###########5                   | 156/418 [00:08<00:14, 17.49it/s]
 38%|###########7                   | 158/418 [00:09<00:14, 17.53it/s]
 38%|###########8                   | 160/418 [00:09<00:14, 17.53it/s]
 39%|############                   | 162/418 [00:09<00:14, 17.57it/s]
 39%|############1                  | 164/418 [00:09<00:14, 17.53it/s]
 40%|############3                  | 166/418 [00:09<00:14, 17.51it/s]
 40%|############4                  | 168/418 [00:09<00:14, 17.35it/s]
 41%|############6                  | 170/418 [00:09<00:14, 17.48it/s]
 41%|############7                  | 172/418 [00:09<00:14, 17.42it/s]
 42%|############9                  | 174/418 [00:10<00:14, 17.38it/s]
 42%|#############                  | 176/418 [00:10<00:13, 17.45it/s]
 43%|#############2                 | 178/418 [00:10<00:13, 17.41it/s]
 43%|#############3                 | 180/418 [00:10<00:13, 17.44it/s]
 44%|#############4                 | 182/418 [00:10<00:13, 17.38it/s]
 44%|#############6                 | 184/418 [00:10<00:13, 17.46it/s]
 44%|#############7                 | 186/418 [00:10<00:13, 17.42it/s]
 45%|#############9                 | 188/418 [00:10<00:13, 17.65it/s]
 45%|##############                 | 190/418 [00:10<00:12, 17.58it/s]
 46%|##############2                | 192/418 [00:11<00:12, 17.68it/s]
 46%|##############3                | 194/418 [00:11<00:12, 17.61it/s]
 47%|##############5                | 196/418 [00:11<00:12, 17.61it/s]
 47%|##############6                | 198/418 [00:11<00:12, 17.63it/s]
 48%|##############8                | 200/418 [00:11<00:12, 17.61it/s]
 48%|##############9                | 202/418 [00:11<00:12, 17.63it/s]
 49%|###############1               | 204/418 [00:11<00:13, 16.33it/s]
 49%|###############2               | 206/418 [00:11<00:12, 16.72it/s]
 50%|###############4               | 208/418 [00:11<00:12, 16.79it/s]
 50%|###############5               | 210/418 [00:12<00:12, 16.72it/s]
 51%|###############7               | 212/418 [00:12<00:12, 16.97it/s]
 51%|###############8               | 214/418 [00:12<00:11, 17.12it/s]
 52%|################               | 216/418 [00:12<00:11, 17.28it/s]
 52%|################1              | 218/418 [00:12<00:11, 17.33it/s]
 53%|################3              | 220/418 [00:12<00:11, 17.46it/s]
 53%|################4              | 222/418 [00:12<00:11, 17.38it/s]
 54%|################6              | 224/418 [00:12<00:11, 17.41it/s]
 54%|################7              | 226/418 [00:13<00:10, 17.50it/s]
 55%|################9              | 228/418 [00:13<00:10, 17.52it/s]
 55%|#################              | 230/418 [00:13<00:10, 17.52it/s]
 56%|#################2             | 232/418 [00:13<00:10, 17.59it/s]
 56%|#################3             | 234/418 [00:13<00:10, 17.53it/s]
 56%|#################5             | 236/418 [00:13<00:10, 17.55it/s]
 57%|#################6             | 238/418 [00:13<00:10, 17.62it/s]
 57%|#################7             | 240/418 [00:13<00:10, 16.94it/s]
 58%|#################9             | 242/418 [00:13<00:11, 15.92it/s]
 58%|##################             | 244/418 [00:14<00:10, 16.37it/s]
 59%|##################2            | 246/418 [00:14<00:10, 16.67it/s]
 59%|##################3            | 248/418 [00:14<00:10, 16.88it/s]
 60%|##################5            | 250/418 [00:14<00:09, 17.04it/s]
 60%|##################6            | 252/418 [00:14<00:09, 17.17it/s]
 61%|##################8            | 254/418 [00:14<00:09, 17.18it/s]
 61%|##################9            | 256/418 [00:14<00:09, 17.39it/s]
 62%|###################1           | 258/418 [00:14<00:09, 17.39it/s]
 62%|###################2           | 260/418 [00:15<00:09, 17.37it/s]
 63%|###################4           | 262/418 [00:15<00:08, 17.38it/s]
 63%|###################5           | 264/418 [00:15<00:08, 17.44it/s]
 64%|###################7           | 266/418 [00:15<00:08, 17.46it/s]
 64%|###################8           | 268/418 [00:15<00:08, 17.45it/s]
 65%|####################           | 270/418 [00:15<00:08, 17.39it/s]
 65%|####################1          | 272/418 [00:15<00:08, 17.34it/s]
 66%|####################3          | 274/418 [00:15<00:08, 17.56it/s]
 66%|####################4          | 276/418 [00:15<00:08, 17.51it/s]
 67%|####################6          | 278/418 [00:16<00:08, 16.66it/s]
 67%|####################7          | 280/418 [00:16<00:08, 15.80it/s]
 67%|####################9          | 282/418 [00:16<00:08, 16.34it/s]
 68%|#####################          | 284/418 [00:16<00:08, 16.06it/s]
 68%|#####################2         | 286/418 [00:16<00:08, 16.32it/s]
 69%|#####################3         | 288/418 [00:16<00:08, 15.98it/s]
 69%|#####################5         | 290/418 [00:16<00:07, 16.28it/s]
 70%|#####################6         | 292/418 [00:16<00:07, 16.53it/s]
 70%|#####################8         | 294/418 [00:17<00:07, 16.73it/s]
 71%|#####################9         | 296/418 [00:17<00:07, 16.84it/s]
 71%|######################1        | 298/418 [00:17<00:07, 16.96it/s]
 72%|######################2        | 300/418 [00:17<00:06, 17.15it/s]
 72%|######################3        | 302/418 [00:17<00:06, 17.16it/s]
 73%|######################5        | 304/418 [00:17<00:06, 17.28it/s]
 73%|######################6        | 306/418 [00:17<00:06, 17.21it/s]
 74%|######################8        | 308/418 [00:17<00:06, 17.39it/s]
 74%|######################9        | 310/418 [00:17<00:06, 17.35it/s]
 75%|#######################1       | 312/418 [00:18<00:06, 17.36it/s]
 75%|#######################2       | 314/418 [00:18<00:05, 17.39it/s]
 76%|#######################4       | 316/418 [00:18<00:05, 17.44it/s]
 76%|#######################5       | 318/418 [00:18<00:05, 17.44it/s]
 77%|#######################7       | 320/418 [00:18<00:05, 17.43it/s]
 77%|#######################8       | 322/418 [00:18<00:05, 17.40it/s]
 78%|########################       | 324/418 [00:18<00:05, 17.33it/s]
 78%|########################1      | 326/418 [00:18<00:05, 16.95it/s]
 78%|########################3      | 328/418 [00:19<00:05, 17.00it/s]
 79%|########################4      | 330/418 [00:19<00:05, 17.06it/s]
 79%|########################6      | 332/418 [00:19<00:05, 17.10it/s]
 80%|########################7      | 334/418 [00:19<00:04, 17.16it/s]
 80%|########################9      | 336/418 [00:19<00:04, 17.22it/s]
 81%|#########################      | 338/418 [00:19<00:04, 17.19it/s]
 81%|#########################2     | 340/418 [00:19<00:04, 17.23it/s]
 82%|#########################3     | 342/418 [00:19<00:04, 17.30it/s]
 82%|#########################5     | 344/418 [00:19<00:04, 17.42it/s]
 83%|#########################6     | 346/418 [00:20<00:04, 17.40it/s]
 83%|#########################8     | 348/418 [00:20<00:04, 17.38it/s]
 84%|#########################9     | 350/418 [00:20<00:03, 17.28it/s]
 84%|##########################1    | 352/418 [00:20<00:03, 17.23it/s]
 85%|##########################2    | 354/418 [00:20<00:03, 17.28it/s]
 85%|##########################4    | 356/418 [00:20<00:03, 17.32it/s]
 86%|##########################5    | 358/418 [00:20<00:03, 17.38it/s]
 86%|##########################6    | 360/418 [00:20<00:03, 17.40it/s]
 87%|##########################8    | 362/418 [00:20<00:03, 17.45it/s]
 87%|##########################9    | 364/418 [00:21<00:03, 17.44it/s]
 88%|###########################1   | 366/418 [00:21<00:02, 17.42it/s]
 88%|###########################2   | 368/418 [00:21<00:02, 17.34it/s]
 89%|###########################4   | 370/418 [00:21<00:02, 17.35it/s]
 89%|###########################5   | 372/418 [00:21<00:02, 17.40it/s]
 89%|###########################7   | 374/418 [00:21<00:02, 17.45it/s]
 90%|###########################8   | 376/418 [00:21<00:02, 17.39it/s]
 90%|############################   | 378/418 [00:21<00:02, 17.39it/s]
 91%|############################1  | 380/418 [00:22<00:02, 17.40it/s]
 91%|############################3  | 382/418 [00:22<00:02, 17.52it/s]
 92%|############################4  | 384/418 [00:22<00:01, 17.49it/s]
 92%|############################6  | 386/418 [00:22<00:01, 17.50it/s]
 93%|############################7  | 388/418 [00:22<00:01, 17.54it/s]
 93%|############################9  | 390/418 [00:22<00:01, 17.54it/s]
 94%|#############################  | 392/418 [00:22<00:01, 17.54it/s]
 94%|#############################2 | 394/418 [00:22<00:01, 17.58it/s]
 95%|#############################3 | 396/418 [00:22<00:01, 17.61it/s]
 95%|#############################5 | 398/418 [00:23<00:01, 17.60it/s]
 96%|#############################6 | 400/418 [00:23<00:01, 17.67it/s]
 96%|#############################8 | 402/418 [00:23<00:00, 17.66it/s]
 97%|#############################9 | 404/418 [00:23<00:00, 17.53it/s]
 97%|##############################1| 406/418 [00:23<00:00, 17.56it/s]
 98%|##############################2| 408/418 [00:23<00:00, 17.48it/s]
 98%|##############################4| 410/418 [00:23<00:00, 17.51it/s]
 99%|##############################5| 412/418 [00:23<00:00, 17.52it/s]
 99%|##############################7| 414/418 [00:23<00:00, 17.51it/s]
100%|##############################8| 416/418 [00:24<00:00, 17.49it/s]
100%|###############################| 418/418 [00:24<00:00, 17.69it/s]
100%|###############################| 418/418 [00:24<00:00, 17.30it/s]
[SEAL Epoch 14] loss=0.5175

[SEAL Epoch 15/20] Run 1/1 - training...

  0%|                                         | 0/418 [00:00<?, ?it/s]
  0%|1                                | 2/418 [00:00<00:26, 15.80it/s]
  1%|3                                | 4/418 [00:00<00:24, 16.73it/s]
  1%|4                                | 6/418 [00:00<00:24, 16.97it/s]
  2%|6                                | 8/418 [00:00<00:23, 17.22it/s]
  2%|7                               | 10/418 [00:00<00:23, 17.35it/s]
  3%|9                               | 12/418 [00:00<00:23, 17.42it/s]
  3%|#                               | 14/418 [00:00<00:23, 17.44it/s]
  4%|#2                              | 16/418 [00:00<00:22, 17.49it/s]
  4%|#3                              | 18/418 [00:01<00:22, 17.51it/s]
  5%|#5                              | 20/418 [00:01<00:22, 17.53it/s]
  5%|#6                              | 22/418 [00:01<00:22, 17.46it/s]
  6%|#8                              | 24/418 [00:01<00:22, 17.47it/s]
  6%|#9                              | 26/418 [00:01<00:22, 17.55it/s]
  7%|##1                             | 28/418 [00:01<00:22, 17.56it/s]
  7%|##2                             | 30/418 [00:01<00:22, 17.53it/s]
  8%|##4                             | 32/418 [00:01<00:21, 17.57it/s]
  8%|##6                             | 34/418 [00:01<00:21, 17.56it/s]
  9%|##7                             | 36/418 [00:02<00:21, 17.68it/s]
  9%|##9                             | 38/418 [00:02<00:21, 17.67it/s]
 10%|###                             | 40/418 [00:02<00:21, 17.60it/s]
 10%|###2                            | 42/418 [00:02<00:21, 17.56it/s]
 11%|###3                            | 44/418 [00:02<00:21, 17.55it/s]
 11%|###5                            | 46/418 [00:02<00:21, 17.45it/s]
 11%|###6                            | 48/418 [00:02<00:21, 17.46it/s]
 12%|###8                            | 50/418 [00:02<00:20, 17.54it/s]
 12%|###9                            | 52/418 [00:02<00:20, 17.47it/s]
 13%|####1                           | 54/418 [00:03<00:20, 17.42it/s]
 13%|####2                           | 56/418 [00:03<00:20, 17.46it/s]
 14%|####4                           | 58/418 [00:03<00:20, 17.51it/s]
 14%|####5                           | 60/418 [00:03<00:20, 17.56it/s]
 15%|####7                           | 62/418 [00:03<00:20, 17.50it/s]
 15%|####8                           | 64/418 [00:03<00:20, 17.54it/s]
 16%|#####                           | 66/418 [00:03<00:21, 16.72it/s]
 16%|#####2                          | 68/418 [00:03<00:20, 17.03it/s]
 17%|#####3                          | 70/418 [00:04<00:20, 17.21it/s]
 17%|#####5                          | 72/418 [00:04<00:19, 17.34it/s]
 18%|#####6                          | 74/418 [00:04<00:19, 17.51it/s]
 18%|#####8                          | 76/418 [00:04<00:19, 17.44it/s]
 19%|#####9                          | 78/418 [00:04<00:19, 17.53it/s]
 19%|######1                         | 80/418 [00:04<00:19, 17.57it/s]
 20%|######2                         | 82/418 [00:04<00:19, 17.62it/s]
 20%|######4                         | 84/418 [00:04<00:18, 17.66it/s]
 21%|######5                         | 86/418 [00:04<00:18, 17.70it/s]
 21%|######7                         | 88/418 [00:05<00:18, 17.47it/s]
 22%|######8                         | 90/418 [00:05<00:18, 17.57it/s]
 22%|#######                         | 92/418 [00:05<00:18, 17.54it/s]
 22%|#######1                        | 94/418 [00:05<00:18, 17.50it/s]
 23%|#######3                        | 96/418 [00:05<00:18, 17.45it/s]
 23%|#######5                        | 98/418 [00:05<00:18, 17.49it/s]
 24%|#######4                       | 100/418 [00:05<00:18, 17.50it/s]
 24%|#######5                       | 102/418 [00:05<00:18, 17.46it/s]
 25%|#######7                       | 104/418 [00:05<00:18, 17.35it/s]
 25%|#######8                       | 106/418 [00:06<00:17, 17.40it/s]
 26%|########                       | 108/418 [00:06<00:17, 17.48it/s]
 26%|########1                      | 110/418 [00:06<00:17, 17.42it/s]
 27%|########3                      | 112/418 [00:06<00:17, 17.41it/s]
 27%|########4                      | 114/418 [00:06<00:17, 17.40it/s]
 28%|########6                      | 116/418 [00:06<00:17, 17.38it/s]
 28%|########7                      | 118/418 [00:06<00:17, 17.34it/s]
 29%|########8                      | 120/418 [00:06<00:17, 17.27it/s]
 29%|#########                      | 122/418 [00:07<00:17, 16.67it/s]
 30%|#########1                     | 124/418 [00:07<00:17, 16.79it/s]
 30%|#########3                     | 126/418 [00:07<00:18, 15.80it/s]
 31%|#########4                     | 128/418 [00:07<00:17, 16.30it/s]
 31%|#########6                     | 130/418 [00:07<00:17, 16.03it/s]
 32%|#########7                     | 132/418 [00:07<00:17, 16.43it/s]
 32%|#########9                     | 134/418 [00:07<00:17, 16.70it/s]
 33%|##########                     | 136/418 [00:07<00:16, 16.95it/s]
 33%|##########2                    | 138/418 [00:07<00:16, 17.14it/s]
 33%|##########3                    | 140/418 [00:08<00:16, 17.31it/s]
 34%|##########5                    | 142/418 [00:08<00:15, 17.50it/s]
 34%|##########6                    | 144/418 [00:08<00:15, 17.50it/s]
 35%|##########8                    | 146/418 [00:08<00:15, 17.53it/s]
 35%|##########9                    | 148/418 [00:08<00:15, 17.59it/s]
 36%|###########1                   | 150/418 [00:08<00:15, 17.55it/s]
 36%|###########2                   | 152/418 [00:08<00:15, 17.47it/s]
 37%|###########4                   | 154/418 [00:08<00:15, 17.47it/s]
 37%|###########5                   | 156/418 [00:08<00:14, 17.50it/s]
 38%|###########7                   | 158/418 [00:09<00:14, 17.51it/s]
 38%|###########8                   | 160/418 [00:09<00:14, 17.47it/s]
 39%|############                   | 162/418 [00:09<00:14, 17.46it/s]
 39%|############1                  | 164/418 [00:09<00:14, 17.24it/s]
 40%|############3                  | 166/418 [00:09<00:14, 17.28it/s]
 40%|############4                  | 168/418 [00:09<00:14, 17.31it/s]
 41%|############6                  | 170/418 [00:09<00:14, 17.37it/s]
 41%|############7                  | 172/418 [00:09<00:14, 17.26it/s]
 42%|############9                  | 174/418 [00:10<00:14, 17.23it/s]
 42%|#############                  | 176/418 [00:10<00:14, 17.24it/s]
 43%|#############2                 | 178/418 [00:10<00:13, 17.36it/s]
 43%|#############3                 | 180/418 [00:10<00:13, 17.43it/s]
 44%|#############4                 | 182/418 [00:10<00:13, 17.32it/s]
 44%|#############6                 | 184/418 [00:10<00:13, 17.36it/s]
 44%|#############7                 | 186/418 [00:10<00:13, 17.37it/s]
 45%|#############9                 | 188/418 [00:10<00:13, 17.31it/s]
 45%|##############                 | 190/418 [00:10<00:13, 17.31it/s]
 46%|##############2                | 192/418 [00:11<00:13, 17.34it/s]
 46%|##############3                | 194/418 [00:11<00:12, 17.36it/s]
 47%|##############5                | 196/418 [00:11<00:12, 17.45it/s]
 47%|##############6                | 198/418 [00:11<00:12, 17.50it/s]
 48%|##############8                | 200/418 [00:11<00:12, 17.50it/s]
 48%|##############9                | 202/418 [00:11<00:12, 17.58it/s]
 49%|###############1               | 204/418 [00:11<00:12, 17.60it/s]
 49%|###############2               | 206/418 [00:11<00:12, 17.57it/s]
 50%|###############4               | 208/418 [00:11<00:11, 17.53it/s]
 50%|###############5               | 210/418 [00:12<00:11, 17.54it/s]
 51%|###############7               | 212/418 [00:12<00:11, 17.55it/s]
 51%|###############8               | 214/418 [00:12<00:11, 17.55it/s]
 52%|################               | 216/418 [00:12<00:11, 17.51it/s]
 52%|################1              | 218/418 [00:12<00:11, 17.45it/s]
 53%|################3              | 220/418 [00:12<00:11, 17.40it/s]
 53%|################4              | 222/418 [00:12<00:11, 17.42it/s]
 54%|################6              | 224/418 [00:12<00:11, 17.38it/s]
 54%|################7              | 226/418 [00:13<00:11, 17.41it/s]
 55%|################9              | 228/418 [00:13<00:10, 17.42it/s]
 55%|#################              | 230/418 [00:13<00:10, 17.43it/s]
 56%|#################2             | 232/418 [00:13<00:10, 17.49it/s]
 56%|#################3             | 234/418 [00:13<00:10, 17.56it/s]
 56%|#################5             | 236/418 [00:13<00:10, 17.51it/s]
 57%|#################6             | 238/418 [00:13<00:10, 17.55it/s]
 57%|#################7             | 240/418 [00:13<00:10, 17.50it/s]
 58%|#################9             | 242/418 [00:13<00:10, 17.49it/s]
 58%|##################             | 244/418 [00:14<00:09, 17.48it/s]
 59%|##################2            | 246/418 [00:14<00:09, 17.44it/s]
 59%|##################3            | 248/418 [00:14<00:09, 17.43it/s]
 60%|##################5            | 250/418 [00:14<00:09, 17.41it/s]
 60%|##################6            | 252/418 [00:14<00:09, 17.46it/s]
 61%|##################8            | 254/418 [00:14<00:09, 17.44it/s]
 61%|##################9            | 256/418 [00:14<00:09, 17.47it/s]
 62%|###################1           | 258/418 [00:14<00:09, 17.45it/s]
 62%|###################2           | 260/418 [00:14<00:09, 17.47it/s]
 63%|###################4           | 262/418 [00:15<00:08, 17.48it/s]
 63%|###################5           | 264/418 [00:15<00:08, 17.46it/s]
 64%|###################7           | 266/418 [00:15<00:08, 17.49it/s]
 64%|###################8           | 268/418 [00:15<00:08, 17.43it/s]
 65%|####################           | 270/418 [00:15<00:08, 17.57it/s]
 65%|####################1          | 272/418 [00:15<00:08, 17.57it/s]
 66%|####################3          | 274/418 [00:15<00:08, 16.72it/s]
 66%|####################4          | 276/418 [00:15<00:08, 16.94it/s]
 67%|####################6          | 278/418 [00:16<00:08, 17.08it/s]
 67%|####################7          | 280/418 [00:16<00:08, 17.21it/s]
 67%|####################9          | 282/418 [00:16<00:07, 17.31it/s]
 68%|#####################          | 284/418 [00:16<00:07, 17.36it/s]
 68%|#####################2         | 286/418 [00:16<00:07, 17.35it/s]
 69%|#####################3         | 288/418 [00:16<00:07, 17.41it/s]
 69%|#####################5         | 290/418 [00:16<00:07, 17.35it/s]
 70%|#####################6         | 292/418 [00:16<00:07, 17.37it/s]
 70%|#####################8         | 294/418 [00:16<00:07, 16.68it/s]
 71%|#####################9         | 296/418 [00:17<00:07, 16.85it/s]
 71%|######################1        | 298/418 [00:17<00:07, 16.96it/s]
 72%|######################2        | 300/418 [00:17<00:06, 17.15it/s]
 72%|######################3        | 302/418 [00:17<00:06, 17.20it/s]
 73%|######################5        | 304/418 [00:17<00:06, 17.22it/s]
 73%|######################6        | 306/418 [00:17<00:06, 17.27it/s]
 74%|######################8        | 308/418 [00:17<00:06, 17.29it/s]
 74%|######################9        | 310/418 [00:17<00:06, 17.29it/s]
 75%|#######################1       | 312/418 [00:17<00:06, 17.32it/s]
 75%|#######################2       | 314/418 [00:18<00:05, 17.39it/s]
 76%|#######################4       | 316/418 [00:18<00:05, 17.37it/s]
 76%|#######################5       | 318/418 [00:18<00:05, 16.75it/s]
 77%|#######################7       | 320/418 [00:18<00:05, 16.92it/s]
 77%|#######################8       | 322/418 [00:18<00:05, 16.81it/s]
 78%|########################       | 324/418 [00:18<00:05, 17.09it/s]
 78%|########################1      | 326/418 [00:18<00:05, 17.22it/s]
 78%|########################3      | 328/418 [00:18<00:05, 17.27it/s]
 79%|########################4      | 330/418 [00:19<00:05, 17.35it/s]
 79%|########################6      | 332/418 [00:19<00:04, 17.43it/s]
 80%|########################7      | 334/418 [00:19<00:04, 17.43it/s]
 80%|########################9      | 336/418 [00:19<00:04, 17.44it/s]
 81%|#########################      | 338/418 [00:19<00:04, 17.51it/s]
 81%|#########################2     | 340/418 [00:19<00:04, 17.31it/s]
 82%|#########################3     | 342/418 [00:19<00:04, 16.13it/s]
 82%|#########################5     | 344/418 [00:19<00:04, 16.53it/s]
 83%|#########################6     | 346/418 [00:19<00:04, 16.78it/s]
 83%|#########################8     | 348/418 [00:20<00:04, 16.44it/s]
 84%|#########################9     | 350/418 [00:20<00:04, 16.72it/s]
 84%|##########################1    | 352/418 [00:20<00:03, 16.97it/s]
 85%|##########################2    | 354/418 [00:20<00:03, 17.18it/s]
 85%|##########################4    | 356/418 [00:20<00:03, 17.22it/s]
 86%|##########################5    | 358/418 [00:20<00:03, 17.42it/s]
 86%|##########################6    | 360/418 [00:20<00:03, 17.38it/s]
 87%|##########################8    | 362/418 [00:20<00:03, 17.36it/s]
 87%|##########################9    | 364/418 [00:21<00:03, 17.35it/s]
 88%|###########################1   | 366/418 [00:21<00:02, 17.44it/s]
 88%|###########################2   | 368/418 [00:21<00:02, 17.41it/s]
 89%|###########################4   | 370/418 [00:21<00:02, 17.47it/s]
 89%|###########################5   | 372/418 [00:21<00:02, 17.48it/s]
 89%|###########################7   | 374/418 [00:21<00:02, 17.42it/s]
 90%|###########################8   | 376/418 [00:21<00:02, 17.41it/s]
 90%|############################   | 378/418 [00:21<00:02, 17.51it/s]
 91%|############################1  | 380/418 [00:21<00:02, 17.49it/s]
 91%|############################3  | 382/418 [00:22<00:02, 17.54it/s]
 92%|############################4  | 384/418 [00:22<00:01, 17.54it/s]
 92%|############################6  | 386/418 [00:22<00:01, 17.59it/s]
 93%|############################7  | 388/418 [00:22<00:01, 17.61it/s]
 93%|############################9  | 390/418 [00:22<00:01, 17.61it/s]
 94%|#############################  | 392/418 [00:22<00:01, 17.65it/s]
 94%|#############################2 | 394/418 [00:22<00:01, 17.70it/s]
 95%|#############################3 | 396/418 [00:22<00:01, 17.77it/s]
 95%|#############################5 | 398/418 [00:22<00:01, 17.68it/s]
 96%|#############################6 | 400/418 [00:23<00:01, 17.66it/s]
 96%|#############################8 | 402/418 [00:23<00:00, 17.67it/s]
 97%|#############################9 | 404/418 [00:23<00:00, 17.55it/s]
 97%|##############################1| 406/418 [00:23<00:00, 17.59it/s]
 98%|##############################2| 408/418 [00:23<00:00, 17.61it/s]
 98%|##############################4| 410/418 [00:23<00:00, 17.60it/s]
 99%|##############################5| 412/418 [00:23<00:00, 17.57it/s]
 99%|##############################7| 414/418 [00:23<00:00, 17.72it/s]
100%|##############################8| 416/418 [00:23<00:00, 17.67it/s]
100%|###############################| 418/418 [00:24<00:00, 17.88it/s]
100%|###############################| 418/418 [00:24<00:00, 17.35it/s]
[SEAL Epoch 15] loss=0.5175

[SEAL Epoch 16/20] Run 1/1 - training...

  0%|                                         | 0/418 [00:00<?, ?it/s]
  0%|1                                | 2/418 [00:00<00:25, 16.17it/s]
  1%|3                                | 4/418 [00:00<00:24, 16.74it/s]
  1%|4                                | 6/418 [00:00<00:24, 16.94it/s]
  2%|6                                | 8/418 [00:00<00:24, 17.08it/s]
  2%|7                               | 10/418 [00:00<00:23, 17.24it/s]
  3%|9                               | 12/418 [00:00<00:23, 17.25it/s]
  3%|#                               | 14/418 [00:00<00:23, 17.41it/s]
  4%|#2                              | 16/418 [00:00<00:23, 17.41it/s]
  4%|#3                              | 18/418 [00:01<00:22, 17.45it/s]
  5%|#5                              | 20/418 [00:01<00:22, 17.45it/s]
  5%|#6                              | 22/418 [00:01<00:22, 17.52it/s]
  6%|#8                              | 24/418 [00:01<00:22, 17.56it/s]
  6%|#9                              | 26/418 [00:01<00:22, 17.57it/s]
  7%|##1                             | 28/418 [00:01<00:22, 17.54it/s]
  7%|##2                             | 30/418 [00:01<00:22, 17.56it/s]
  8%|##4                             | 32/418 [00:01<00:22, 17.44it/s]
  8%|##6                             | 34/418 [00:01<00:22, 17.36it/s]
  9%|##7                             | 36/418 [00:02<00:21, 17.43it/s]
  9%|##9                             | 38/418 [00:02<00:21, 17.34it/s]
 10%|###                             | 40/418 [00:02<00:21, 17.44it/s]
 10%|###2                            | 42/418 [00:02<00:21, 17.42it/s]
 11%|###3                            | 44/418 [00:02<00:21, 17.51it/s]
 11%|###5                            | 46/418 [00:02<00:21, 17.54it/s]
 11%|###6                            | 48/418 [00:02<00:21, 17.60it/s]
 12%|###8                            | 50/418 [00:02<00:20, 17.64it/s]
 12%|###9                            | 52/418 [00:02<00:20, 17.48it/s]
 13%|####1                           | 54/418 [00:03<00:22, 16.18it/s]
 13%|####2                           | 56/418 [00:03<00:21, 16.56it/s]
 14%|####4                           | 58/418 [00:03<00:21, 16.75it/s]
 14%|####5                           | 60/418 [00:03<00:21, 16.34it/s]
 15%|####7                           | 62/418 [00:03<00:21, 16.67it/s]
 15%|####8                           | 64/418 [00:03<00:20, 16.88it/s]
 16%|#####                           | 66/418 [00:03<00:20, 17.12it/s]
 16%|#####2                          | 68/418 [00:03<00:20, 17.18it/s]
 17%|#####3                          | 70/418 [00:04<00:20, 17.39it/s]
 17%|#####5                          | 72/418 [00:04<00:19, 17.47it/s]
 18%|#####6                          | 74/418 [00:04<00:19, 17.56it/s]
 18%|#####8                          | 76/418 [00:04<00:19, 17.57it/s]
 19%|#####9                          | 78/418 [00:04<00:19, 17.48it/s]
 19%|######1                         | 80/418 [00:04<00:19, 17.50it/s]
 20%|######2                         | 82/418 [00:04<00:19, 17.38it/s]
 20%|######4                         | 84/418 [00:04<00:19, 17.36it/s]
 21%|######5                         | 86/418 [00:04<00:19, 17.36it/s]
 21%|######7                         | 88/418 [00:05<00:19, 17.17it/s]
 22%|######8                         | 90/418 [00:05<00:19, 16.41it/s]
 22%|#######                         | 92/418 [00:05<00:19, 16.67it/s]
 22%|#######1                        | 94/418 [00:05<00:19, 16.94it/s]
 23%|#######3                        | 96/418 [00:05<00:18, 17.01it/s]
 23%|#######5                        | 98/418 [00:05<00:18, 17.26it/s]
 24%|#######4                       | 100/418 [00:05<00:18, 17.35it/s]
 24%|#######5                       | 102/418 [00:05<00:18, 17.34it/s]
 25%|#######7                       | 104/418 [00:06<00:18, 17.37it/s]
 25%|#######8                       | 106/418 [00:06<00:17, 17.54it/s]
 26%|########                       | 108/418 [00:06<00:17, 17.54it/s]
 26%|########1                      | 110/418 [00:06<00:17, 17.57it/s]
 27%|########3                      | 112/418 [00:06<00:17, 17.51it/s]
 27%|########4                      | 114/418 [00:06<00:18, 16.62it/s]
 28%|########6                      | 116/418 [00:06<00:17, 16.90it/s]
 28%|########7                      | 118/418 [00:06<00:17, 17.08it/s]
 29%|########8                      | 120/418 [00:06<00:17, 16.85it/s]
 29%|#########                      | 122/418 [00:07<00:17, 16.93it/s]
 30%|#########1                     | 124/418 [00:07<00:17, 17.08it/s]
 30%|#########3                     | 126/418 [00:07<00:16, 17.24it/s]
 31%|#########4                     | 128/418 [00:07<00:16, 17.33it/s]
 31%|#########6                     | 130/418 [00:07<00:16, 17.39it/s]
 32%|#########7                     | 132/418 [00:07<00:16, 17.30it/s]
 32%|#########9                     | 134/418 [00:07<00:16, 17.30it/s]
 33%|##########                     | 136/418 [00:07<00:16, 17.40it/s]
 33%|##########2                    | 138/418 [00:08<00:16, 17.25it/s]
 33%|##########3                    | 140/418 [00:08<00:15, 17.43it/s]
 34%|##########5                    | 142/418 [00:08<00:15, 17.49it/s]
 34%|##########6                    | 144/418 [00:08<00:15, 17.50it/s]
 35%|##########8                    | 146/418 [00:08<00:15, 17.51it/s]
 35%|##########9                    | 148/418 [00:08<00:15, 17.54it/s]
 36%|###########1                   | 150/418 [00:08<00:15, 17.57it/s]
 36%|###########2                   | 152/418 [00:08<00:15, 17.57it/s]
 37%|###########4                   | 154/418 [00:08<00:15, 17.58it/s]
 37%|###########5                   | 156/418 [00:09<00:14, 17.59it/s]
 38%|###########7                   | 158/418 [00:09<00:14, 17.58it/s]
 38%|###########8                   | 160/418 [00:09<00:14, 17.49it/s]
 39%|############                   | 162/418 [00:09<00:14, 17.51it/s]
 39%|############1                  | 164/418 [00:09<00:14, 17.43it/s]
 40%|############3                  | 166/418 [00:09<00:14, 17.45it/s]
 40%|############4                  | 168/418 [00:09<00:14, 17.38it/s]
 41%|############6                  | 170/418 [00:09<00:14, 17.40it/s]
 41%|############7                  | 172/418 [00:09<00:14, 17.50it/s]
 42%|############9                  | 174/418 [00:10<00:13, 17.46it/s]
 42%|#############                  | 176/418 [00:10<00:13, 17.56it/s]
 43%|#############2                 | 178/418 [00:10<00:13, 17.58it/s]
 43%|#############3                 | 180/418 [00:10<00:13, 17.56it/s]
 44%|#############4                 | 182/418 [00:10<00:13, 17.55it/s]
 44%|#############6                 | 184/418 [00:10<00:13, 17.59it/s]
 44%|#############7                 | 186/418 [00:10<00:13, 17.54it/s]
 45%|#############9                 | 188/418 [00:10<00:13, 17.61it/s]
 45%|##############                 | 190/418 [00:10<00:12, 17.59it/s]
 46%|##############2                | 192/418 [00:11<00:12, 17.51it/s]
 46%|##############3                | 194/418 [00:11<00:12, 17.53it/s]
 47%|##############5                | 196/418 [00:11<00:12, 17.31it/s]
 47%|##############6                | 198/418 [00:11<00:12, 17.32it/s]
 48%|##############8                | 200/418 [00:11<00:12, 17.30it/s]
 48%|##############9                | 202/418 [00:11<00:12, 17.32it/s]
 49%|###############1               | 204/418 [00:11<00:12, 17.26it/s]
 49%|###############2               | 206/418 [00:11<00:12, 17.29it/s]
 50%|###############4               | 208/418 [00:12<00:12, 17.29it/s]
 50%|###############5               | 210/418 [00:12<00:12, 17.32it/s]
 51%|###############7               | 212/418 [00:12<00:11, 17.35it/s]
 51%|###############8               | 214/418 [00:12<00:12, 16.90it/s]
 52%|################               | 216/418 [00:12<00:11, 17.15it/s]
 52%|################1              | 218/418 [00:12<00:11, 17.21it/s]
 53%|################3              | 220/418 [00:12<00:11, 17.27it/s]
 53%|################4              | 222/418 [00:12<00:11, 17.30it/s]
 54%|################6              | 224/418 [00:12<00:11, 17.45it/s]
 54%|################7              | 226/418 [00:13<00:11, 17.35it/s]
 55%|################9              | 228/418 [00:13<00:10, 17.39it/s]
 55%|#################              | 230/418 [00:13<00:10, 17.47it/s]
 56%|#################2             | 232/418 [00:13<00:10, 17.48it/s]
 56%|#################3             | 234/418 [00:13<00:10, 17.46it/s]
 56%|#################5             | 236/418 [00:13<00:10, 17.47it/s]
 57%|#################6             | 238/418 [00:13<00:10, 17.39it/s]
 57%|#################7             | 240/418 [00:13<00:10, 17.44it/s]
 58%|#################9             | 242/418 [00:13<00:10, 17.40it/s]
 58%|##################             | 244/418 [00:14<00:09, 17.43it/s]
 59%|##################2            | 246/418 [00:14<00:09, 17.47it/s]
 59%|##################3            | 248/418 [00:14<00:09, 17.52it/s]
 60%|##################5            | 250/418 [00:14<00:09, 17.58it/s]
 60%|##################6            | 252/418 [00:14<00:09, 17.57it/s]
 61%|##################8            | 254/418 [00:14<00:09, 17.50it/s]
 61%|##################9            | 256/418 [00:14<00:09, 17.48it/s]
 62%|###################1           | 258/418 [00:14<00:09, 17.47it/s]
 62%|###################2           | 260/418 [00:14<00:09, 17.54it/s]
 63%|###################4           | 262/418 [00:15<00:08, 17.55it/s]
 63%|###################5           | 264/418 [00:15<00:08, 17.57it/s]
 64%|###################7           | 266/418 [00:15<00:08, 17.65it/s]
 64%|###################8           | 268/418 [00:15<00:08, 17.62it/s]
 65%|####################           | 270/418 [00:15<00:08, 17.52it/s]
 65%|####################1          | 272/418 [00:15<00:08, 17.61it/s]
 66%|####################3          | 274/418 [00:15<00:08, 17.64it/s]
 66%|####################4          | 276/418 [00:15<00:08, 17.66it/s]
 67%|####################6          | 278/418 [00:16<00:07, 17.61it/s]
 67%|####################7          | 280/418 [00:16<00:07, 17.60it/s]
 67%|####################9          | 282/418 [00:17<00:26,  5.09it/s]
 68%|#####################          | 284/418 [00:17<00:20,  6.47it/s]
 68%|#####################2         | 286/418 [00:17<00:16,  7.99it/s]
 69%|#####################3         | 288/418 [00:17<00:13,  9.52it/s]
 69%|#####################5         | 290/418 [00:17<00:11, 11.00it/s]
 70%|#####################6         | 292/418 [00:17<00:10, 12.36it/s]
 70%|#####################8         | 294/418 [00:17<00:09, 13.49it/s]
 71%|#####################9         | 296/418 [00:17<00:08, 14.45it/s]
 71%|######################1        | 298/418 [00:18<00:07, 15.19it/s]
 72%|######################2        | 300/418 [00:18<00:07, 15.75it/s]
 72%|######################3        | 302/418 [00:18<00:07, 16.00it/s]
 73%|######################5        | 304/418 [00:18<00:07, 16.27it/s]
 73%|######################6        | 306/418 [00:18<00:06, 16.48it/s]
 74%|######################8        | 308/418 [00:18<00:06, 16.72it/s]
 74%|######################9        | 310/418 [00:18<00:06, 16.92it/s]
 75%|#######################1       | 312/418 [00:18<00:06, 17.01it/s]
 75%|#######################2       | 314/418 [00:19<00:06, 17.00it/s]
 76%|#######################4       | 316/418 [00:19<00:05, 17.06it/s]
 76%|#######################5       | 318/418 [00:19<00:05, 17.08it/s]
 77%|#######################7       | 320/418 [00:19<00:05, 17.18it/s]
 77%|#######################8       | 322/418 [00:19<00:05, 17.17it/s]
 78%|########################       | 324/418 [00:19<00:05, 17.28it/s]
 78%|########################1      | 326/418 [00:19<00:05, 17.20it/s]
 78%|########################3      | 328/418 [00:19<00:05, 17.31it/s]
 79%|########################4      | 330/418 [00:19<00:05, 17.17it/s]
 79%|########################6      | 332/418 [00:20<00:05, 17.13it/s]
 80%|########################7      | 334/418 [00:20<00:04, 17.19it/s]
 80%|########################9      | 336/418 [00:20<00:04, 17.20it/s]
 81%|#########################      | 338/418 [00:20<00:04, 17.24it/s]
 81%|#########################2     | 340/418 [00:20<00:04, 17.32it/s]
 82%|#########################3     | 342/418 [00:20<00:04, 17.46it/s]
 82%|#########################5     | 344/418 [00:20<00:04, 17.37it/s]
 83%|#########################6     | 346/418 [00:20<00:04, 17.37it/s]
 83%|#########################8     | 348/418 [00:21<00:04, 17.32it/s]
 84%|#########################9     | 350/418 [00:21<00:04, 16.99it/s]
 84%|##########################1    | 352/418 [00:21<00:03, 16.81it/s]
 85%|##########################2    | 354/418 [00:21<00:03, 16.72it/s]
 85%|##########################4    | 356/418 [00:21<00:03, 16.82it/s]
 86%|##########################5    | 358/418 [00:21<00:03, 17.03it/s]
 86%|##########################6    | 360/418 [00:21<00:03, 17.26it/s]
 87%|##########################8    | 362/418 [00:21<00:03, 17.44it/s]
 87%|##########################9    | 364/418 [00:21<00:03, 17.40it/s]
 88%|###########################1   | 366/418 [00:22<00:02, 17.34it/s]
 88%|###########################2   | 368/418 [00:22<00:02, 17.30it/s]
 89%|###########################4   | 370/418 [00:22<00:02, 17.29it/s]
 89%|###########################5   | 372/418 [00:22<00:02, 17.36it/s]
 89%|###########################7   | 374/418 [00:22<00:02, 17.34it/s]
 90%|###########################8   | 376/418 [00:22<00:02, 17.25it/s]
 90%|############################   | 378/418 [00:22<00:02, 17.33it/s]
 91%|############################1  | 380/418 [00:22<00:02, 17.21it/s]
 91%|############################3  | 382/418 [00:22<00:02, 17.32it/s]
 92%|############################4  | 384/418 [00:23<00:01, 17.35it/s]
 92%|############################6  | 386/418 [00:23<00:01, 17.34it/s]
 93%|############################7  | 388/418 [00:23<00:01, 17.35it/s]
 93%|############################9  | 390/418 [00:23<00:01, 17.31it/s]
 94%|#############################  | 392/418 [00:23<00:01, 17.37it/s]
 94%|#############################2 | 394/418 [00:23<00:01, 17.50it/s]
 95%|#############################3 | 396/418 [00:23<00:01, 17.52it/s]
 95%|#############################5 | 398/418 [00:23<00:01, 17.48it/s]
 96%|#############################6 | 400/418 [00:24<00:01, 17.45it/s]
 96%|#############################8 | 402/418 [00:24<00:00, 17.46it/s]
 97%|#############################9 | 404/418 [00:24<00:00, 17.46it/s]
 97%|##############################1| 406/418 [00:24<00:00, 17.51it/s]
 98%|##############################2| 408/418 [00:24<00:00, 17.56it/s]
 98%|##############################4| 410/418 [00:24<00:00, 17.50it/s]
 99%|##############################5| 412/418 [00:24<00:00, 17.44it/s]
 99%|##############################7| 414/418 [00:24<00:00, 17.45it/s]
100%|##############################8| 416/418 [00:24<00:00, 17.44it/s]
100%|###############################| 418/418 [00:25<00:00, 17.57it/s]
100%|###############################| 418/418 [00:25<00:00, 16.69it/s]
[SEAL Epoch 16] loss=0.5174

[SEAL Epoch 17/20] Run 1/1 - training...

  0%|                                         | 0/418 [00:00<?, ?it/s]
  0%|1                                | 2/418 [00:00<00:26, 15.94it/s]
  1%|3                                | 4/418 [00:00<00:24, 16.61it/s]
  1%|4                                | 6/418 [00:00<00:24, 16.98it/s]
  2%|6                                | 8/418 [00:00<00:23, 17.22it/s]
  2%|7                               | 10/418 [00:00<00:23, 17.19it/s]
  3%|9                               | 12/418 [00:00<00:23, 17.37it/s]
  3%|#                               | 14/418 [00:00<00:23, 17.42it/s]
  4%|#2                              | 16/418 [00:00<00:23, 17.34it/s]
  4%|#3                              | 18/418 [00:01<00:23, 17.38it/s]
  5%|#5                              | 20/418 [00:01<00:22, 17.48it/s]
  5%|#6                              | 22/418 [00:01<00:22, 17.36it/s]
  6%|#8                              | 24/418 [00:01<00:22, 17.39it/s]
  6%|#9                              | 26/418 [00:01<00:22, 17.49it/s]
  7%|##1                             | 28/418 [00:01<00:22, 17.49it/s]
  7%|##2                             | 30/418 [00:01<00:22, 17.52it/s]
  8%|##4                             | 32/418 [00:01<00:22, 17.47it/s]
  8%|##6                             | 34/418 [00:01<00:21, 17.46it/s]
  9%|##7                             | 36/418 [00:02<00:21, 17.49it/s]
  9%|##9                             | 38/418 [00:02<00:21, 17.42it/s]
 10%|###                             | 40/418 [00:02<00:21, 17.40it/s]
 10%|###2                            | 42/418 [00:02<00:21, 17.42it/s]
 11%|###3                            | 44/418 [00:02<00:21, 17.33it/s]
 11%|###5                            | 46/418 [00:02<00:21, 17.33it/s]
 11%|###6                            | 48/418 [00:02<00:21, 17.36it/s]
 12%|###8                            | 50/418 [00:02<00:21, 17.40it/s]
 12%|###9                            | 52/418 [00:02<00:21, 17.39it/s]
 13%|####1                           | 54/418 [00:03<00:20, 17.44it/s]
 13%|####2                           | 56/418 [00:03<00:20, 17.47it/s]
 14%|####4                           | 58/418 [00:03<00:20, 17.43it/s]
 14%|####5                           | 60/418 [00:03<00:20, 17.45it/s]
 15%|####7                           | 62/418 [00:03<00:20, 17.43it/s]
 15%|####8                           | 64/418 [00:03<00:20, 17.35it/s]
 16%|#####                           | 66/418 [00:03<00:20, 17.49it/s]
 16%|#####2                          | 68/418 [00:03<00:20, 17.50it/s]
 17%|#####3                          | 70/418 [00:04<00:19, 17.48it/s]
 17%|#####5                          | 72/418 [00:04<00:19, 17.50it/s]
 18%|#####6                          | 74/418 [00:04<00:19, 17.40it/s]
 18%|#####8                          | 76/418 [00:04<00:19, 17.46it/s]
 19%|#####9                          | 78/418 [00:04<00:19, 17.44it/s]
 19%|######1                         | 80/418 [00:04<00:19, 17.43it/s]
 20%|######2                         | 82/418 [00:04<00:21, 15.99it/s]
 20%|######4                         | 84/418 [00:04<00:21, 15.78it/s]
 21%|######5                         | 86/418 [00:04<00:20, 16.17it/s]
 21%|######7                         | 88/418 [00:05<00:20, 16.49it/s]
 22%|######8                         | 90/418 [00:05<00:19, 16.81it/s]
 22%|#######                         | 92/418 [00:05<00:19, 17.04it/s]
 22%|#######1                        | 94/418 [00:05<00:18, 17.06it/s]
 23%|#######3                        | 96/418 [00:05<00:18, 17.24it/s]
 23%|#######5                        | 98/418 [00:05<00:18, 17.34it/s]
 24%|#######4                       | 100/418 [00:05<00:18, 17.53it/s]
 24%|#######5                       | 102/418 [00:05<00:18, 17.50it/s]
 25%|#######7                       | 104/418 [00:06<00:17, 17.47it/s]
 25%|#######8                       | 106/418 [00:06<00:17, 17.43it/s]
 26%|########                       | 108/418 [00:06<00:17, 17.47it/s]
 26%|########1                      | 110/418 [00:06<00:17, 17.39it/s]
 27%|########3                      | 112/418 [00:06<00:17, 17.38it/s]
 27%|########4                      | 114/418 [00:06<00:17, 17.43it/s]
 28%|########6                      | 116/418 [00:06<00:17, 17.44it/s]
 28%|########7                      | 118/418 [00:06<00:17, 17.35it/s]
 29%|########8                      | 120/418 [00:06<00:17, 17.47it/s]
 29%|#########                      | 122/418 [00:07<00:17, 17.40it/s]
 30%|#########1                     | 124/418 [00:07<00:16, 17.43it/s]
 30%|#########3                     | 126/418 [00:07<00:16, 17.37it/s]
 31%|#########4                     | 128/418 [00:07<00:16, 17.39it/s]
 31%|#########6                     | 130/418 [00:07<00:16, 17.44it/s]
 32%|#########7                     | 132/418 [00:07<00:16, 17.45it/s]
 32%|#########9                     | 134/418 [00:07<00:16, 17.50it/s]
 33%|##########                     | 136/418 [00:07<00:16, 17.34it/s]
 33%|##########2                    | 138/418 [00:07<00:16, 17.43it/s]
 33%|##########3                    | 140/418 [00:08<00:17, 16.08it/s]
 34%|##########5                    | 142/418 [00:08<00:16, 16.46it/s]
 34%|##########6                    | 144/418 [00:08<00:16, 16.73it/s]
 35%|##########8                    | 146/418 [00:08<00:16, 16.89it/s]
 35%|##########9                    | 148/418 [00:08<00:15, 17.03it/s]
 36%|###########1                   | 150/418 [00:08<00:15, 17.11it/s]
 36%|###########2                   | 152/418 [00:08<00:15, 17.27it/s]
 37%|###########4                   | 154/418 [00:08<00:15, 17.40it/s]
 37%|###########5                   | 156/418 [00:09<00:14, 17.47it/s]
 38%|###########7                   | 158/418 [00:09<00:14, 17.41it/s]
 38%|###########8                   | 160/418 [00:09<00:14, 17.42it/s]
 39%|############                   | 162/418 [00:09<00:14, 17.46it/s]
 39%|############1                  | 164/418 [00:09<00:14, 17.48it/s]
 40%|############3                  | 166/418 [00:09<00:14, 17.42it/s]
 40%|############4                  | 168/418 [00:09<00:14, 17.40it/s]
 41%|############6                  | 170/418 [00:09<00:14, 17.39it/s]
 41%|############7                  | 172/418 [00:09<00:14, 17.33it/s]
 42%|############9                  | 174/418 [00:10<00:14, 17.35it/s]
 42%|#############                  | 176/418 [00:10<00:13, 17.38it/s]
 43%|#############2                 | 178/418 [00:10<00:13, 17.43it/s]
 43%|#############3                 | 180/418 [00:10<00:13, 17.52it/s]
 44%|#############4                 | 182/418 [00:10<00:13, 17.58it/s]
 44%|#############6                 | 184/418 [00:10<00:13, 17.67it/s]
 44%|#############7                 | 186/418 [00:10<00:13, 17.60it/s]
 45%|#############9                 | 188/418 [00:10<00:13, 17.62it/s]
 45%|##############                 | 190/418 [00:10<00:13, 17.48it/s]
 46%|##############2                | 192/418 [00:11<00:12, 17.53it/s]
 46%|##############3                | 194/418 [00:11<00:12, 17.49it/s]
 47%|##############5                | 196/418 [00:11<00:13, 16.04it/s]
 47%|##############6                | 198/418 [00:11<00:13, 16.34it/s]
 48%|##############8                | 200/418 [00:11<00:13, 16.53it/s]
 48%|##############9                | 202/418 [00:11<00:12, 16.80it/s]
 49%|###############1               | 204/418 [00:11<00:12, 16.98it/s]
 49%|###############2               | 206/418 [00:11<00:12, 17.06it/s]
 50%|###############4               | 208/418 [00:12<00:12, 17.12it/s]
 50%|###############5               | 210/418 [00:12<00:12, 17.14it/s]
 51%|###############7               | 212/418 [00:12<00:11, 17.25it/s]
 51%|###############8               | 214/418 [00:12<00:11, 17.25it/s]
 52%|################               | 216/418 [00:12<00:12, 16.65it/s]
 52%|################1              | 218/418 [00:12<00:12, 15.64it/s]
 53%|################3              | 220/418 [00:12<00:12, 16.05it/s]
 53%|################4              | 222/418 [00:12<00:11, 16.42it/s]
 54%|################6              | 224/418 [00:13<00:11, 16.87it/s]
 54%|################7              | 226/418 [00:13<00:11, 17.02it/s]
 55%|################9              | 228/418 [00:13<00:11, 17.11it/s]
 55%|#################              | 230/418 [00:13<00:10, 17.33it/s]
 56%|#################2             | 232/418 [00:13<00:10, 17.40it/s]
 56%|#################3             | 234/418 [00:13<00:10, 17.51it/s]
 56%|#################5             | 236/418 [00:13<00:10, 17.55it/s]
 57%|#################6             | 238/418 [00:13<00:10, 17.62it/s]
 57%|#################7             | 240/418 [00:13<00:10, 17.73it/s]
 58%|#################9             | 242/418 [00:14<00:09, 17.66it/s]
 58%|##################             | 244/418 [00:14<00:09, 17.65it/s]
 59%|##################2            | 246/418 [00:14<00:09, 17.65it/s]
 59%|##################3            | 248/418 [00:14<00:09, 17.66it/s]
 60%|##################5            | 250/418 [00:14<00:09, 17.70it/s]
 60%|##################6            | 252/418 [00:14<00:09, 17.64it/s]
 61%|##################8            | 254/418 [00:14<00:09, 17.59it/s]
 61%|##################9            | 256/418 [00:14<00:09, 17.59it/s]
 62%|###################1           | 258/418 [00:14<00:09, 17.64it/s]
 62%|###################2           | 260/418 [00:15<00:08, 17.79it/s]
 63%|###################4           | 262/418 [00:15<00:08, 17.55it/s]
 63%|###################5           | 264/418 [00:15<00:08, 17.58it/s]
 64%|###################7           | 266/418 [00:15<00:08, 17.53it/s]
 64%|###################8           | 268/418 [00:15<00:08, 17.52it/s]
 65%|####################           | 270/418 [00:15<00:08, 17.58it/s]
 65%|####################1          | 272/418 [00:15<00:08, 17.63it/s]
 66%|####################3          | 274/418 [00:15<00:08, 17.59it/s]
 66%|####################4          | 276/418 [00:15<00:08, 17.57it/s]
 67%|####################6          | 278/418 [00:16<00:07, 17.65it/s]
 67%|####################7          | 280/418 [00:16<00:07, 17.53it/s]
 67%|####################9          | 282/418 [00:16<00:07, 17.52it/s]
 68%|#####################          | 284/418 [00:16<00:07, 17.46it/s]
 68%|#####################2         | 286/418 [00:16<00:07, 17.57it/s]
 69%|#####################3         | 288/418 [00:16<00:07, 17.59it/s]
 69%|#####################5         | 290/418 [00:16<00:07, 17.60it/s]
 70%|#####################6         | 292/418 [00:16<00:07, 17.48it/s]
 70%|#####################8         | 294/418 [00:17<00:07, 17.38it/s]
 71%|#####################9         | 296/418 [00:17<00:06, 17.56it/s]
 71%|######################1        | 298/418 [00:17<00:06, 17.53it/s]
 72%|######################2        | 300/418 [00:17<00:06, 17.53it/s]
 72%|######################3        | 302/418 [00:17<00:06, 17.47it/s]
 73%|######################5        | 304/418 [00:17<00:06, 17.51it/s]
 73%|######################6        | 306/418 [00:17<00:06, 17.50it/s]
 74%|######################8        | 308/418 [00:17<00:06, 17.43it/s]
 74%|######################9        | 310/418 [00:17<00:06, 17.39it/s]
 75%|#######################1       | 312/418 [00:18<00:06, 17.31it/s]
 75%|#######################2       | 314/418 [00:18<00:06, 17.26it/s]
 76%|#######################4       | 316/418 [00:18<00:05, 17.33it/s]
 76%|#######################5       | 318/418 [00:18<00:05, 17.34it/s]
 77%|#######################7       | 320/418 [00:18<00:05, 17.35it/s]
 77%|#######################8       | 322/418 [00:18<00:05, 17.39it/s]
 78%|########################       | 324/418 [00:18<00:05, 17.45it/s]
 78%|########################1      | 326/418 [00:18<00:05, 17.37it/s]
 78%|########################3      | 328/418 [00:18<00:05, 17.33it/s]
 79%|########################4      | 330/418 [00:19<00:05, 17.20it/s]
 79%|########################6      | 332/418 [00:19<00:04, 17.30it/s]
 80%|########################7      | 334/418 [00:19<00:05, 16.68it/s]
 80%|########################9      | 336/418 [00:19<00:04, 16.77it/s]
 81%|#########################      | 338/418 [00:19<00:04, 16.97it/s]
 81%|#########################2     | 340/418 [00:19<00:04, 17.07it/s]
 82%|#########################3     | 342/418 [00:19<00:04, 17.06it/s]
 82%|#########################5     | 344/418 [00:19<00:04, 17.16it/s]
 83%|#########################6     | 346/418 [00:20<00:04, 17.31it/s]
 83%|#########################8     | 348/418 [00:20<00:04, 17.31it/s]
 84%|#########################9     | 350/418 [00:20<00:03, 17.31it/s]
 84%|##########################1    | 352/418 [00:20<00:03, 17.39it/s]
 85%|##########################2    | 354/418 [00:20<00:03, 16.58it/s]
 85%|##########################4    | 356/418 [00:20<00:03, 16.84it/s]
 86%|##########################5    | 358/418 [00:20<00:03, 17.10it/s]
 86%|##########################6    | 360/418 [00:20<00:03, 17.27it/s]
 87%|##########################8    | 362/418 [00:20<00:03, 17.31it/s]
 87%|##########################9    | 364/418 [00:21<00:03, 17.45it/s]
 88%|###########################1   | 366/418 [00:21<00:02, 17.58it/s]
 88%|###########################2   | 368/418 [00:21<00:02, 17.65it/s]
 89%|###########################4   | 370/418 [00:21<00:02, 17.56it/s]
 89%|###########################5   | 372/418 [00:21<00:02, 17.55it/s]
 89%|###########################7   | 374/418 [00:21<00:02, 17.53it/s]
 90%|###########################8   | 376/418 [00:21<00:02, 17.48it/s]
 90%|############################   | 378/418 [00:21<00:02, 17.50it/s]
 91%|############################1  | 380/418 [00:21<00:02, 17.61it/s]
 91%|############################3  | 382/418 [00:22<00:02, 17.14it/s]
 92%|############################4  | 384/418 [00:22<00:01, 17.23it/s]
 92%|############################6  | 386/418 [00:22<00:01, 17.30it/s]
 93%|############################7  | 388/418 [00:22<00:01, 17.38it/s]
 93%|############################9  | 390/418 [00:22<00:01, 17.38it/s]
 94%|#############################  | 392/418 [00:22<00:01, 17.48it/s]
 94%|#############################2 | 394/418 [00:22<00:01, 17.43it/s]
 95%|#############################3 | 396/418 [00:22<00:01, 17.45it/s]
 95%|#############################5 | 398/418 [00:23<00:01, 17.58it/s]
 96%|#############################6 | 400/418 [00:23<00:01, 17.59it/s]
 96%|#############################8 | 402/418 [00:23<00:00, 17.70it/s]
 97%|#############################9 | 404/418 [00:23<00:00, 17.72it/s]
 97%|##############################1| 406/418 [00:23<00:00, 17.68it/s]
 98%|##############################2| 408/418 [00:23<00:00, 17.65it/s]
 98%|##############################4| 410/418 [00:23<00:00, 17.63it/s]
 99%|##############################5| 412/418 [00:23<00:00, 17.65it/s]
 99%|##############################7| 414/418 [00:23<00:00, 17.72it/s]
100%|##############################8| 416/418 [00:24<00:00, 17.65it/s]
100%|###############################| 418/418 [00:24<00:00, 17.71it/s]
100%|###############################| 418/418 [00:24<00:00, 17.32it/s]
[SEAL Epoch 17] loss=0.5174

[SEAL Epoch 18/20] Run 1/1 - training...

  0%|                                         | 0/418 [00:00<?, ?it/s]
  0%|1                                | 2/418 [00:00<00:26, 15.49it/s]
  1%|3                                | 4/418 [00:00<00:25, 16.54it/s]
  1%|4                                | 6/418 [00:00<00:24, 16.75it/s]
  2%|6                                | 8/418 [00:00<00:24, 16.98it/s]
  2%|7                               | 10/418 [00:00<00:23, 17.08it/s]
  3%|9                               | 12/418 [00:00<00:23, 17.13it/s]
  3%|#                               | 14/418 [00:00<00:23, 17.15it/s]
  4%|#2                              | 16/418 [00:00<00:23, 17.22it/s]
  4%|#3                              | 18/418 [00:01<00:23, 17.27it/s]
  5%|#5                              | 20/418 [00:01<00:23, 17.29it/s]
  5%|#6                              | 22/418 [00:01<00:22, 17.42it/s]
  6%|#8                              | 24/418 [00:01<00:23, 16.76it/s]
  6%|#9                              | 26/418 [00:01<00:23, 16.93it/s]
  7%|##1                             | 28/418 [00:01<00:22, 17.07it/s]
  7%|##2                             | 30/418 [00:01<00:22, 17.08it/s]
  8%|##4                             | 32/418 [00:01<00:22, 17.15it/s]
  8%|##6                             | 34/418 [00:01<00:22, 17.30it/s]
  9%|##7                             | 36/418 [00:02<00:22, 17.27it/s]
  9%|##9                             | 38/418 [00:02<00:22, 17.24it/s]
 10%|###                             | 40/418 [00:02<00:21, 17.29it/s]
 10%|###2                            | 42/418 [00:02<00:21, 17.33it/s]
 11%|###3                            | 44/418 [00:02<00:21, 17.39it/s]
 11%|###5                            | 46/418 [00:02<00:21, 17.47it/s]
 11%|###6                            | 48/418 [00:02<00:21, 17.45it/s]
 12%|###8                            | 50/418 [00:02<00:21, 17.45it/s]
 12%|###9                            | 52/418 [00:03<00:20, 17.49it/s]
 13%|####1                           | 54/418 [00:03<00:20, 17.41it/s]
 13%|####2                           | 56/418 [00:03<00:20, 17.40it/s]
 14%|####4                           | 58/418 [00:03<00:20, 17.55it/s]
 14%|####5                           | 60/418 [00:03<00:20, 17.50it/s]
 15%|####7                           | 62/418 [00:03<00:20, 17.46it/s]
 15%|####8                           | 64/418 [00:03<00:20, 17.58it/s]
 16%|#####                           | 66/418 [00:03<00:20, 17.58it/s]
 16%|#####2                          | 68/418 [00:03<00:19, 17.52it/s]
 17%|#####3                          | 70/418 [00:04<00:19, 17.56it/s]
 17%|#####5                          | 72/418 [00:04<00:19, 17.44it/s]
 18%|#####6                          | 74/418 [00:04<00:19, 17.40it/s]
 18%|#####8                          | 76/418 [00:04<00:19, 17.63it/s]
 19%|#####9                          | 78/418 [00:04<00:19, 17.65it/s]
 19%|######1                         | 80/418 [00:04<00:19, 17.60it/s]
 20%|######2                         | 82/418 [00:04<00:18, 17.68it/s]
 20%|######4                         | 84/418 [00:04<00:18, 17.64it/s]
 21%|######5                         | 86/418 [00:04<00:18, 17.62it/s]
 21%|######7                         | 88/418 [00:05<00:18, 17.59it/s]
 22%|######8                         | 90/418 [00:05<00:18, 17.58it/s]
 22%|#######                         | 92/418 [00:05<00:18, 17.67it/s]
 22%|#######1                        | 94/418 [00:05<00:18, 17.62it/s]
 23%|#######3                        | 96/418 [00:05<00:18, 17.52it/s]
 23%|#######5                        | 98/418 [00:05<00:18, 17.30it/s]
 24%|#######4                       | 100/418 [00:05<00:18, 17.38it/s]
 24%|#######5                       | 102/418 [00:05<00:18, 17.48it/s]
 25%|#######7                       | 104/418 [00:05<00:17, 17.57it/s]
 25%|#######8                       | 106/418 [00:06<00:17, 17.60it/s]
 26%|########                       | 108/418 [00:06<00:17, 17.57it/s]
 26%|########1                      | 110/418 [00:06<00:17, 17.68it/s]
 27%|########3                      | 112/418 [00:06<00:17, 17.72it/s]
 27%|########4                      | 114/418 [00:06<00:17, 17.76it/s]
 28%|########6                      | 116/418 [00:06<00:17, 17.67it/s]
 28%|########7                      | 118/418 [00:06<00:16, 17.71it/s]
 29%|########8                      | 120/418 [00:06<00:16, 17.66it/s]
 29%|#########                      | 122/418 [00:07<00:16, 17.65it/s]
 30%|#########1                     | 124/418 [00:07<00:16, 17.73it/s]
 30%|#########3                     | 126/418 [00:07<00:16, 17.69it/s]
 31%|#########4                     | 128/418 [00:07<00:16, 17.59it/s]
 31%|#########6                     | 130/418 [00:07<00:16, 17.58it/s]
 32%|#########7                     | 132/418 [00:07<00:16, 17.54it/s]
 32%|#########9                     | 134/418 [00:07<00:16, 17.53it/s]
 33%|##########                     | 136/418 [00:07<00:16, 17.61it/s]
 33%|##########2                    | 138/418 [00:07<00:15, 17.51it/s]
 33%|##########3                    | 140/418 [00:08<00:16, 17.33it/s]
 34%|##########5                    | 142/418 [00:08<00:15, 17.31it/s]
 34%|##########6                    | 144/418 [00:08<00:15, 17.23it/s]
 35%|##########8                    | 146/418 [00:08<00:15, 17.22it/s]
 35%|##########9                    | 148/418 [00:08<00:15, 17.38it/s]
 36%|###########1                   | 150/418 [00:08<00:15, 17.43it/s]
 36%|###########2                   | 152/418 [00:08<00:15, 17.43it/s]
 37%|###########4                   | 154/418 [00:08<00:15, 17.09it/s]
 37%|###########5                   | 156/418 [00:08<00:15, 17.13it/s]
 38%|###########7                   | 158/418 [00:09<00:15, 17.24it/s]
 38%|###########8                   | 160/418 [00:09<00:14, 17.21it/s]
 39%|############                   | 162/418 [00:09<00:14, 17.32it/s]
 39%|############1                  | 164/418 [00:09<00:14, 17.27it/s]
 40%|############3                  | 166/418 [00:09<00:14, 17.47it/s]
 40%|############4                  | 168/418 [00:09<00:14, 17.43it/s]
 41%|############6                  | 170/418 [00:09<00:14, 17.40it/s]
 41%|############7                  | 172/418 [00:09<00:14, 17.42it/s]
 42%|############9                  | 174/418 [00:09<00:14, 17.37it/s]
 42%|#############                  | 176/418 [00:10<00:13, 17.33it/s]
 43%|#############2                 | 178/418 [00:10<00:13, 17.40it/s]
 43%|#############3                 | 180/418 [00:10<00:13, 17.51it/s]
 44%|#############4                 | 182/418 [00:10<00:13, 17.48it/s]
 44%|#############6                 | 184/418 [00:10<00:13, 17.65it/s]
 44%|#############7                 | 186/418 [00:10<00:13, 17.54it/s]
 45%|#############9                 | 188/418 [00:10<00:13, 17.54it/s]
 45%|##############                 | 190/418 [00:10<00:12, 17.54it/s]
 46%|##############2                | 192/418 [00:11<00:12, 17.50it/s]
 46%|##############3                | 194/418 [00:11<00:12, 17.55it/s]
 47%|##############5                | 196/418 [00:11<00:12, 17.64it/s]
 47%|##############6                | 198/418 [00:11<00:12, 17.60it/s]
 48%|##############8                | 200/418 [00:11<00:12, 17.62it/s]
 48%|##############9                | 202/418 [00:11<00:12, 17.60it/s]
 49%|###############1               | 204/418 [00:11<00:12, 17.59it/s]
 49%|###############2               | 206/418 [00:11<00:12, 17.60it/s]
 50%|###############4               | 208/418 [00:11<00:11, 17.63it/s]
 50%|###############5               | 210/418 [00:12<00:11, 17.52it/s]
 51%|###############7               | 212/418 [00:12<00:11, 17.46it/s]
 51%|###############8               | 214/418 [00:12<00:11, 17.49it/s]
 52%|################               | 216/418 [00:12<00:11, 17.19it/s]
 52%|################1              | 218/418 [00:12<00:11, 17.03it/s]
 53%|################3              | 220/418 [00:12<00:11, 17.13it/s]
 53%|################4              | 222/418 [00:12<00:11, 17.30it/s]
 54%|################6              | 224/418 [00:12<00:11, 17.24it/s]
 54%|################7              | 226/418 [00:12<00:11, 17.33it/s]
 55%|################9              | 228/418 [00:13<00:10, 17.38it/s]
 55%|#################              | 230/418 [00:13<00:10, 17.38it/s]
 56%|#################2             | 232/418 [00:13<00:10, 17.52it/s]
 56%|#################3             | 234/418 [00:13<00:10, 17.45it/s]
 56%|#################5             | 236/418 [00:13<00:10, 17.46it/s]
 57%|#################6             | 238/418 [00:13<00:10, 17.72it/s]
 57%|#################7             | 240/418 [00:13<00:10, 17.67it/s]
 58%|#################9             | 242/418 [00:13<00:09, 17.66it/s]
 58%|##################             | 244/418 [00:13<00:09, 17.63it/s]
 59%|##################2            | 246/418 [00:14<00:09, 17.61it/s]
 59%|##################3            | 248/418 [00:14<00:09, 17.59it/s]
 60%|##################5            | 250/418 [00:14<00:09, 17.61it/s]
 60%|##################6            | 252/418 [00:14<00:09, 17.65it/s]
 61%|##################8            | 254/418 [00:14<00:09, 17.59it/s]
 61%|##################9            | 256/418 [00:14<00:09, 17.49it/s]
 62%|###################1           | 258/418 [00:14<00:09, 17.56it/s]
 62%|###################2           | 260/418 [00:14<00:08, 17.65it/s]
 63%|###################4           | 262/418 [00:15<00:08, 17.63it/s]
 63%|###################5           | 264/418 [00:15<00:08, 17.59it/s]
 64%|###################7           | 266/418 [00:15<00:08, 17.52it/s]
 64%|###################8           | 268/418 [00:15<00:08, 17.53it/s]
 65%|####################           | 270/418 [00:15<00:08, 17.52it/s]
 65%|####################1          | 272/418 [00:15<00:08, 17.60it/s]
 66%|####################3          | 274/418 [00:15<00:08, 17.59it/s]
 66%|####################4          | 276/418 [00:15<00:08, 17.55it/s]
 67%|####################6          | 278/418 [00:15<00:08, 17.48it/s]
 67%|####################7          | 280/418 [00:16<00:07, 17.44it/s]
 67%|####################9          | 282/418 [00:16<00:07, 17.20it/s]
 68%|#####################          | 284/418 [00:16<00:07, 17.39it/s]
 68%|#####################2         | 286/418 [00:16<00:07, 17.47it/s]
 69%|#####################3         | 288/418 [00:16<00:07, 17.46it/s]
 69%|#####################5         | 290/418 [00:16<00:07, 17.51it/s]
 70%|#####################6         | 292/418 [00:16<00:07, 17.53it/s]
 70%|#####################8         | 294/418 [00:16<00:07, 17.53it/s]
 71%|#####################9         | 296/418 [00:16<00:06, 17.56it/s]
 71%|######################1        | 298/418 [00:17<00:06, 17.61it/s]
 72%|######################2        | 300/418 [00:17<00:06, 17.56it/s]
 72%|######################3        | 302/418 [00:17<00:06, 17.60it/s]
 73%|######################5        | 304/418 [00:17<00:06, 17.62it/s]
 73%|######################6        | 306/418 [00:17<00:06, 17.51it/s]
 74%|######################8        | 308/418 [00:17<00:06, 17.52it/s]
 74%|######################9        | 310/418 [00:17<00:06, 17.49it/s]
 75%|#######################1       | 312/418 [00:17<00:06, 17.44it/s]
 75%|#######################2       | 314/418 [00:17<00:05, 17.49it/s]
 76%|#######################4       | 316/418 [00:18<00:05, 17.05it/s]
 76%|#######################5       | 318/418 [00:18<00:05, 16.82it/s]
 77%|#######################7       | 320/418 [00:18<00:05, 16.75it/s]
 77%|#######################8       | 322/418 [00:18<00:05, 16.72it/s]
 78%|########################       | 324/418 [00:18<00:05, 16.78it/s]
 78%|########################1      | 326/418 [00:18<00:05, 16.79it/s]
 78%|########################3      | 328/418 [00:18<00:05, 16.69it/s]
 79%|########################4      | 330/418 [00:18<00:05, 16.66it/s]
 79%|########################6      | 332/418 [00:19<00:05, 16.68it/s]
 80%|########################7      | 334/418 [00:20<00:17,  4.79it/s]
 80%|########################9      | 336/418 [00:20<00:13,  6.11it/s]
 81%|#########################      | 338/418 [00:20<00:10,  7.60it/s]
 81%|#########################2     | 340/418 [00:20<00:08,  9.16it/s]
 82%|#########################3     | 342/418 [00:20<00:07, 10.72it/s]
 82%|#########################5     | 344/418 [00:20<00:06, 12.21it/s]
 83%|#########################6     | 346/418 [00:20<00:05, 13.45it/s]
 83%|#########################8     | 348/418 [00:20<00:04, 14.49it/s]
 84%|#########################9     | 350/418 [00:21<00:04, 15.34it/s]
 84%|##########################1    | 352/418 [00:21<00:04, 15.89it/s]
 85%|##########################2    | 354/418 [00:21<00:03, 16.37it/s]
 85%|##########################4    | 356/418 [00:21<00:03, 16.73it/s]
 86%|##########################5    | 358/418 [00:21<00:03, 16.94it/s]
 86%|##########################6    | 360/418 [00:21<00:03, 17.07it/s]
 87%|##########################8    | 362/418 [00:21<00:03, 17.19it/s]
 87%|##########################9    | 364/418 [00:21<00:03, 17.29it/s]
 88%|###########################1   | 366/418 [00:22<00:02, 17.44it/s]
 88%|###########################2   | 368/418 [00:22<00:02, 17.45it/s]
 89%|###########################4   | 370/418 [00:22<00:02, 17.38it/s]
 89%|###########################5   | 372/418 [00:22<00:02, 17.37it/s]
 89%|###########################7   | 374/418 [00:22<00:02, 17.36it/s]
 90%|###########################8   | 376/418 [00:22<00:02, 17.38it/s]
 90%|############################   | 378/418 [00:22<00:02, 16.82it/s]
 91%|############################1  | 380/418 [00:22<00:02, 16.27it/s]
 91%|############################3  | 382/418 [00:22<00:02, 16.42it/s]
 92%|############################4  | 384/418 [00:23<00:02, 16.82it/s]
 92%|############################6  | 386/418 [00:23<00:02, 15.70it/s]
 93%|############################7  | 388/418 [00:23<00:01, 15.56it/s]
 93%|############################9  | 390/418 [00:23<00:01, 16.08it/s]
 94%|#############################  | 392/418 [00:23<00:01, 16.50it/s]
 94%|#############################2 | 394/418 [00:23<00:01, 16.73it/s]
 95%|#############################3 | 396/418 [00:23<00:01, 17.02it/s]
 95%|#############################5 | 398/418 [00:23<00:01, 17.12it/s]
 96%|#############################6 | 400/418 [00:24<00:01, 17.27it/s]
 96%|#############################8 | 402/418 [00:24<00:00, 17.31it/s]
 97%|#############################9 | 404/418 [00:24<00:00, 17.31it/s]
 97%|##############################1| 406/418 [00:24<00:00, 16.95it/s]
 98%|##############################2| 408/418 [00:24<00:00, 16.79it/s]
 98%|##############################4| 410/418 [00:24<00:00, 16.77it/s]
 99%|##############################5| 412/418 [00:24<00:00, 16.70it/s]
 99%|##############################7| 414/418 [00:24<00:00, 16.93it/s]
100%|##############################8| 416/418 [00:24<00:00, 17.04it/s]
100%|###############################| 418/418 [00:25<00:00, 17.37it/s]
100%|###############################| 418/418 [00:25<00:00, 16.66it/s]
[SEAL Epoch 18] loss=0.5175

[SEAL Epoch 19/20] Run 1/1 - training...

  0%|                                         | 0/418 [00:00<?, ?it/s]
  0%|1                                | 2/418 [00:00<00:26, 15.98it/s]
  1%|3                                | 4/418 [00:00<00:24, 16.77it/s]
  1%|4                                | 6/418 [00:00<00:24, 17.07it/s]
  2%|6                                | 8/418 [00:00<00:23, 17.24it/s]
  2%|7                               | 10/418 [00:00<00:23, 17.25it/s]
  3%|9                               | 12/418 [00:00<00:23, 17.41it/s]
  3%|#                               | 14/418 [00:00<00:23, 17.43it/s]
  4%|#2                              | 16/418 [00:00<00:22, 17.51it/s]
  4%|#3                              | 18/418 [00:01<00:25, 15.94it/s]
  5%|#5                              | 20/418 [00:01<00:25, 15.35it/s]
  5%|#6                              | 22/418 [00:01<00:24, 15.93it/s]
  6%|#8                              | 24/418 [00:01<00:24, 16.31it/s]
  6%|#9                              | 26/418 [00:01<00:23, 16.44it/s]
  7%|##1                             | 28/418 [00:01<00:23, 16.80it/s]
  7%|##2                             | 30/418 [00:01<00:22, 16.96it/s]
  8%|##4                             | 32/418 [00:01<00:22, 17.10it/s]
  8%|##6                             | 34/418 [00:02<00:22, 17.14it/s]
  9%|##7                             | 36/418 [00:02<00:22, 17.20it/s]
  9%|##9                             | 38/418 [00:02<00:22, 16.91it/s]
 10%|###                             | 40/418 [00:02<00:22, 17.01it/s]
 10%|###2                            | 42/418 [00:02<00:21, 17.09it/s]
 11%|###3                            | 44/418 [00:02<00:21, 17.16it/s]
 11%|###5                            | 46/418 [00:02<00:21, 17.22it/s]
 11%|###6                            | 48/418 [00:02<00:21, 17.25it/s]
 12%|###8                            | 50/418 [00:02<00:21, 17.45it/s]
 12%|###9                            | 52/418 [00:03<00:20, 17.50it/s]
 13%|####1                           | 54/418 [00:03<00:20, 17.41it/s]
 13%|####2                           | 56/418 [00:03<00:20, 17.33it/s]
 14%|####4                           | 58/418 [00:03<00:20, 17.38it/s]
 14%|####5                           | 60/418 [00:03<00:20, 17.40it/s]
 15%|####7                           | 62/418 [00:03<00:20, 17.42it/s]
 15%|####8                           | 64/418 [00:03<00:20, 17.41it/s]
 16%|#####                           | 66/418 [00:03<00:20, 17.46it/s]
 16%|#####2                          | 68/418 [00:03<00:20, 17.28it/s]
 17%|#####3                          | 70/418 [00:04<00:19, 17.45it/s]
 17%|#####5                          | 72/418 [00:04<00:19, 17.52it/s]
 18%|#####6                          | 74/418 [00:04<00:19, 17.50it/s]
 18%|#####8                          | 76/418 [00:04<00:19, 17.56it/s]
 19%|#####9                          | 78/418 [00:04<00:19, 17.57it/s]
 19%|######1                         | 80/418 [00:04<00:19, 17.48it/s]
 20%|######2                         | 82/418 [00:04<00:19, 17.54it/s]
 20%|######4                         | 84/418 [00:04<00:19, 17.43it/s]
 21%|######5                         | 86/418 [00:05<00:19, 17.34it/s]
 21%|######7                         | 88/418 [00:05<00:19, 17.34it/s]
 22%|######8                         | 90/418 [00:05<00:18, 17.29it/s]
 22%|#######                         | 92/418 [00:05<00:18, 17.34it/s]
 22%|#######1                        | 94/418 [00:05<00:18, 17.45it/s]
 23%|#######3                        | 96/418 [00:05<00:18, 17.42it/s]
 23%|#######5                        | 98/418 [00:05<00:18, 17.46it/s]
 24%|#######4                       | 100/418 [00:05<00:18, 17.50it/s]
 24%|#######5                       | 102/418 [00:05<00:18, 17.55it/s]
 25%|#######7                       | 104/418 [00:06<00:17, 17.53it/s]
 25%|#######8                       | 106/418 [00:06<00:17, 17.61it/s]
 26%|########                       | 108/418 [00:06<00:17, 17.58it/s]
 26%|########1                      | 110/418 [00:06<00:17, 17.56it/s]
 27%|########3                      | 112/418 [00:06<00:17, 17.62it/s]
 27%|########4                      | 114/418 [00:06<00:17, 17.63it/s]
 28%|########6                      | 116/418 [00:06<00:17, 17.51it/s]
 28%|########7                      | 118/418 [00:06<00:17, 17.53it/s]
 29%|########8                      | 120/418 [00:06<00:17, 17.42it/s]
 29%|#########                      | 122/418 [00:07<00:17, 17.39it/s]
 30%|#########1                     | 124/418 [00:07<00:16, 17.41it/s]
 30%|#########3                     | 126/418 [00:07<00:16, 17.38it/s]
 31%|#########4                     | 128/418 [00:07<00:16, 17.31it/s]
 31%|#########6                     | 130/418 [00:07<00:16, 17.43it/s]
 32%|#########7                     | 132/418 [00:07<00:16, 17.44it/s]
 32%|#########9                     | 134/418 [00:07<00:16, 17.51it/s]
 33%|##########                     | 136/418 [00:07<00:16, 17.46it/s]
 33%|##########2                    | 138/418 [00:07<00:15, 17.56it/s]
 33%|##########3                    | 140/418 [00:08<00:15, 17.63it/s]
 34%|##########5                    | 142/418 [00:08<00:15, 17.49it/s]
 34%|##########6                    | 144/418 [00:08<00:15, 17.47it/s]
 35%|##########8                    | 146/418 [00:08<00:15, 17.45it/s]
 35%|##########9                    | 148/418 [00:08<00:15, 17.47it/s]
 36%|###########1                   | 150/418 [00:08<00:15, 17.40it/s]
 36%|###########2                   | 152/418 [00:08<00:15, 17.33it/s]
 37%|###########4                   | 154/418 [00:08<00:15, 17.32it/s]
 37%|###########5                   | 156/418 [00:09<00:15, 17.34it/s]
 38%|###########7                   | 158/418 [00:09<00:15, 17.25it/s]
 38%|###########8                   | 160/418 [00:09<00:14, 17.50it/s]
 39%|############                   | 162/418 [00:09<00:14, 17.51it/s]
 39%|############1                  | 164/418 [00:09<00:14, 17.49it/s]
 40%|############3                  | 166/418 [00:09<00:14, 17.58it/s]
 40%|############4                  | 168/418 [00:09<00:14, 17.57it/s]
 41%|############6                  | 170/418 [00:09<00:14, 17.57it/s]
 41%|############7                  | 172/418 [00:09<00:14, 17.48it/s]
 42%|############9                  | 174/418 [00:10<00:13, 17.52it/s]
 42%|#############                  | 176/418 [00:10<00:13, 17.51it/s]
 43%|#############2                 | 178/418 [00:10<00:13, 17.24it/s]
 43%|#############3                 | 180/418 [00:10<00:13, 17.28it/s]
 44%|#############4                 | 182/418 [00:10<00:13, 17.34it/s]
 44%|#############6                 | 184/418 [00:10<00:13, 17.36it/s]
 44%|#############7                 | 186/418 [00:10<00:13, 17.40it/s]
 45%|#############9                 | 188/418 [00:10<00:13, 17.41it/s]
 45%|##############                 | 190/418 [00:10<00:13, 17.24it/s]
 46%|##############2                | 192/418 [00:11<00:13, 17.26it/s]
 46%|##############3                | 194/418 [00:11<00:12, 17.29it/s]
 47%|##############5                | 196/418 [00:11<00:12, 17.20it/s]
 47%|##############6                | 198/418 [00:11<00:12, 17.30it/s]
 48%|##############8                | 200/418 [00:11<00:12, 17.28it/s]
 48%|##############9                | 202/418 [00:11<00:12, 17.37it/s]
 49%|###############1               | 204/418 [00:11<00:12, 17.38it/s]
 49%|###############2               | 206/418 [00:11<00:12, 17.35it/s]
 50%|###############4               | 208/418 [00:12<00:12, 17.40it/s]
 50%|###############5               | 210/418 [00:12<00:11, 17.36it/s]
 51%|###############7               | 212/418 [00:12<00:11, 17.40it/s]
 51%|###############8               | 214/418 [00:12<00:11, 17.47it/s]
 52%|################               | 216/418 [00:12<00:11, 17.45it/s]
 52%|################1              | 218/418 [00:12<00:11, 17.43it/s]
 53%|################3              | 220/418 [00:12<00:11, 17.42it/s]
 53%|################4              | 222/418 [00:12<00:11, 17.42it/s]
 54%|################6              | 224/418 [00:12<00:11, 17.39it/s]
 54%|################7              | 226/418 [00:13<00:11, 16.40it/s]
 55%|################9              | 228/418 [00:13<00:11, 16.66it/s]
 55%|#################              | 230/418 [00:13<00:11, 16.91it/s]
 56%|#################2             | 232/418 [00:13<00:11, 16.46it/s]
 56%|#################3             | 234/418 [00:13<00:11, 16.71it/s]
 56%|#################5             | 236/418 [00:13<00:10, 16.65it/s]
 57%|#################6             | 238/418 [00:13<00:10, 16.73it/s]
 57%|#################7             | 240/418 [00:13<00:10, 16.93it/s]
 58%|#################9             | 242/418 [00:14<00:10, 17.14it/s]
 58%|##################             | 244/418 [00:14<00:10, 17.19it/s]
 59%|##################2            | 246/418 [00:14<00:10, 17.18it/s]
 59%|##################3            | 248/418 [00:14<00:09, 17.22it/s]
 60%|##################5            | 250/418 [00:14<00:09, 17.25it/s]
 60%|##################6            | 252/418 [00:14<00:09, 17.31it/s]
 61%|##################8            | 254/418 [00:14<00:09, 17.29it/s]
 61%|##################9            | 256/418 [00:14<00:09, 17.25it/s]
 62%|###################1           | 258/418 [00:14<00:09, 17.25it/s]
 62%|###################2           | 260/418 [00:15<00:09, 17.34it/s]
 63%|###################4           | 262/418 [00:15<00:08, 17.41it/s]
 63%|###################5           | 264/418 [00:15<00:08, 17.35it/s]
 64%|###################7           | 266/418 [00:15<00:08, 17.49it/s]
 64%|###################8           | 268/418 [00:15<00:08, 17.44it/s]
 65%|####################           | 270/418 [00:15<00:08, 17.22it/s]
 65%|####################1          | 272/418 [00:15<00:08, 17.26it/s]
 66%|####################3          | 274/418 [00:15<00:08, 17.27it/s]
 66%|####################4          | 276/418 [00:15<00:08, 17.31it/s]
 67%|####################6          | 278/418 [00:16<00:08, 17.24it/s]
 67%|####################7          | 280/418 [00:16<00:08, 17.21it/s]
 67%|####################9          | 282/418 [00:16<00:07, 17.30it/s]
 68%|#####################          | 284/418 [00:16<00:07, 17.18it/s]
 68%|#####################2         | 286/418 [00:16<00:07, 17.24it/s]
 69%|#####################3         | 288/418 [00:16<00:07, 17.23it/s]
 69%|#####################5         | 290/418 [00:16<00:07, 17.24it/s]
 70%|#####################6         | 292/418 [00:16<00:07, 17.27it/s]
 70%|#####################8         | 294/418 [00:17<00:07, 17.30it/s]
 71%|#####################9         | 296/418 [00:17<00:07, 17.37it/s]
 71%|######################1        | 298/418 [00:17<00:06, 17.50it/s]
 72%|######################2        | 300/418 [00:17<00:06, 17.46it/s]
 72%|######################3        | 302/418 [00:17<00:06, 17.42it/s]
 73%|######################5        | 304/418 [00:17<00:06, 17.47it/s]
 73%|######################6        | 306/418 [00:17<00:06, 17.41it/s]
 74%|######################8        | 308/418 [00:17<00:06, 17.39it/s]
 74%|######################9        | 310/418 [00:17<00:06, 16.95it/s]
 75%|#######################1       | 312/418 [00:18<00:06, 16.70it/s]
 75%|#######################2       | 314/418 [00:18<00:06, 16.89it/s]
 76%|#######################4       | 316/418 [00:18<00:06, 16.99it/s]
 76%|#######################5       | 318/418 [00:18<00:05, 17.05it/s]
 77%|#######################7       | 320/418 [00:18<00:05, 17.12it/s]
 77%|#######################8       | 322/418 [00:18<00:05, 17.08it/s]
 78%|########################       | 324/418 [00:18<00:05, 17.25it/s]
 78%|########################1      | 326/418 [00:18<00:05, 17.25it/s]
 78%|########################3      | 328/418 [00:18<00:05, 17.31it/s]
 79%|########################4      | 330/418 [00:19<00:05, 17.46it/s]
 79%|########################6      | 332/418 [00:19<00:04, 17.46it/s]
 80%|########################7      | 334/418 [00:19<00:04, 17.46it/s]
 80%|########################9      | 336/418 [00:19<00:04, 17.46it/s]
 81%|#########################      | 338/418 [00:19<00:04, 17.41it/s]
 81%|#########################2     | 340/418 [00:19<00:04, 17.49it/s]
 82%|#########################3     | 342/418 [00:19<00:04, 17.56it/s]
 82%|#########################5     | 344/418 [00:19<00:04, 17.53it/s]
 83%|#########################6     | 346/418 [00:20<00:04, 17.57it/s]
 83%|#########################8     | 348/418 [00:20<00:03, 17.56it/s]
 84%|#########################9     | 350/418 [00:20<00:03, 17.48it/s]
 84%|##########################1    | 352/418 [00:20<00:03, 17.52it/s]
 85%|##########################2    | 354/418 [00:20<00:03, 17.55it/s]
 85%|##########################4    | 356/418 [00:20<00:03, 17.55it/s]
 86%|##########################5    | 358/418 [00:20<00:03, 17.65it/s]
 86%|##########################6    | 360/418 [00:20<00:03, 17.58it/s]
 87%|##########################8    | 362/418 [00:20<00:03, 17.47it/s]
 87%|##########################9    | 364/418 [00:21<00:03, 17.49it/s]
 88%|###########################1   | 366/418 [00:21<00:02, 17.41it/s]
 88%|###########################2   | 368/418 [00:21<00:02, 17.36it/s]
 89%|###########################4   | 370/418 [00:21<00:02, 17.35it/s]
 89%|###########################5   | 372/418 [00:21<00:02, 17.40it/s]
 89%|###########################7   | 374/418 [00:21<00:02, 17.45it/s]
 90%|###########################8   | 376/418 [00:21<00:02, 17.35it/s]
 90%|############################   | 378/418 [00:21<00:02, 17.45it/s]
 91%|############################1  | 380/418 [00:21<00:02, 17.50it/s]
 91%|############################3  | 382/418 [00:22<00:02, 17.47it/s]
 92%|############################4  | 384/418 [00:22<00:01, 17.39it/s]
 92%|############################6  | 386/418 [00:22<00:01, 17.36it/s]
 93%|############################7  | 388/418 [00:22<00:01, 17.40it/s]
 93%|############################9  | 390/418 [00:22<00:01, 17.37it/s]
 94%|#############################  | 392/418 [00:22<00:01, 17.40it/s]
 94%|#############################2 | 394/418 [00:22<00:01, 17.44it/s]
 95%|#############################3 | 396/418 [00:22<00:01, 17.65it/s]
 95%|#############################5 | 398/418 [00:23<00:01, 17.60it/s]
 96%|#############################6 | 400/418 [00:23<00:01, 17.56it/s]
 96%|#############################8 | 402/418 [00:23<00:00, 17.52it/s]
 97%|#############################9 | 404/418 [00:23<00:00, 17.49it/s]
 97%|##############################1| 406/418 [00:23<00:00, 17.54it/s]
 98%|##############################2| 408/418 [00:23<00:00, 17.47it/s]
 98%|##############################4| 410/418 [00:23<00:00, 17.48it/s]
 99%|##############################5| 412/418 [00:23<00:00, 17.49it/s]
 99%|##############################7| 414/418 [00:23<00:00, 17.27it/s]
100%|##############################8| 416/418 [00:24<00:00, 17.31it/s]
100%|###############################| 418/418 [00:24<00:00, 17.62it/s]
100%|###############################| 418/418 [00:24<00:00, 17.31it/s]
[SEAL Epoch 19] loss=0.5174

[SEAL Epoch 20/20] Run 1/1 - training...

  0%|                                         | 0/418 [00:00<?, ?it/s]
  0%|1                                | 2/418 [00:00<00:29, 14.12it/s]
  1%|3                                | 4/418 [00:00<00:26, 15.82it/s]
  1%|4                                | 6/418 [00:00<00:24, 16.59it/s]
  2%|6                                | 8/418 [00:00<00:24, 16.99it/s]
  2%|7                               | 10/418 [00:00<00:23, 17.21it/s]
  3%|9                               | 12/418 [00:00<00:25, 15.95it/s]
  3%|#                               | 14/418 [00:00<00:24, 16.44it/s]
  4%|#2                              | 16/418 [00:00<00:24, 16.19it/s]
  4%|#3                              | 18/418 [00:01<00:24, 16.60it/s]
  5%|#5                              | 20/418 [00:01<00:23, 16.84it/s]
  5%|#6                              | 22/418 [00:01<00:23, 17.01it/s]
  6%|#8                              | 24/418 [00:01<00:23, 17.13it/s]
  6%|#9                              | 26/418 [00:01<00:22, 17.14it/s]
  7%|##1                             | 28/418 [00:01<00:22, 17.13it/s]
  7%|##2                             | 30/418 [00:01<00:22, 17.33it/s]
  8%|##4                             | 32/418 [00:01<00:22, 17.24it/s]
  8%|##6                             | 34/418 [00:02<00:22, 17.39it/s]
  9%|##7                             | 36/418 [00:02<00:22, 17.35it/s]
  9%|##9                             | 38/418 [00:02<00:21, 17.30it/s]
 10%|###                             | 40/418 [00:02<00:21, 17.28it/s]
 10%|###2                            | 42/418 [00:02<00:21, 17.24it/s]
 11%|###3                            | 44/418 [00:02<00:21, 17.30it/s]
 11%|###5                            | 46/418 [00:02<00:21, 17.20it/s]
 11%|###6                            | 48/418 [00:02<00:21, 17.37it/s]
 12%|###8                            | 50/418 [00:02<00:21, 17.48it/s]
 12%|###9                            | 52/418 [00:03<00:21, 17.42it/s]
 13%|####1                           | 54/418 [00:03<00:20, 17.39it/s]
 13%|####2                           | 56/418 [00:03<00:20, 17.39it/s]
 14%|####4                           | 58/418 [00:03<00:20, 17.39it/s]
 14%|####5                           | 60/418 [00:03<00:20, 17.37it/s]
 15%|####7                           | 62/418 [00:03<00:20, 17.31it/s]
 15%|####8                           | 64/418 [00:03<00:20, 17.35it/s]
 16%|#####                           | 66/418 [00:03<00:20, 17.34it/s]
 16%|#####2                          | 68/418 [00:03<00:20, 17.45it/s]
 17%|#####3                          | 70/418 [00:04<00:19, 17.44it/s]
 17%|#####5                          | 72/418 [00:04<00:19, 17.34it/s]
 18%|#####6                          | 74/418 [00:04<00:19, 17.41it/s]
 18%|#####8                          | 76/418 [00:04<00:19, 17.49it/s]
 19%|#####9                          | 78/418 [00:04<00:19, 17.50it/s]
 19%|######1                         | 80/418 [00:04<00:19, 17.52it/s]
 20%|######2                         | 82/418 [00:04<00:19, 17.42it/s]
 20%|######4                         | 84/418 [00:04<00:19, 17.54it/s]
 21%|######5                         | 86/418 [00:05<00:18, 17.61it/s]
 21%|######7                         | 88/418 [00:05<00:18, 17.63it/s]
 22%|######8                         | 90/418 [00:05<00:18, 17.66it/s]
 22%|#######                         | 92/418 [00:05<00:18, 17.62it/s]
 22%|#######1                        | 94/418 [00:05<00:18, 17.57it/s]
 23%|#######3                        | 96/418 [00:05<00:18, 17.52it/s]
 23%|#######5                        | 98/418 [00:05<00:18, 17.53it/s]
 24%|#######4                       | 100/418 [00:05<00:18, 17.57it/s]
 24%|#######5                       | 102/418 [00:05<00:17, 17.67it/s]
 25%|#######7                       | 104/418 [00:06<00:17, 17.60it/s]
 25%|#######8                       | 106/418 [00:06<00:17, 17.48it/s]
 26%|########                       | 108/418 [00:06<00:17, 17.55it/s]
 26%|########1                      | 110/418 [00:06<00:17, 17.61it/s]
 27%|########3                      | 112/418 [00:06<00:17, 17.69it/s]
 27%|########4                      | 114/418 [00:06<00:17, 17.60it/s]
 28%|########6                      | 116/418 [00:06<00:17, 17.55it/s]
 28%|########7                      | 118/418 [00:06<00:17, 17.52it/s]
 29%|########8                      | 120/418 [00:06<00:16, 17.55it/s]
 29%|#########                      | 122/418 [00:07<00:16, 17.67it/s]
 30%|#########1                     | 124/418 [00:07<00:16, 17.64it/s]
 30%|#########3                     | 126/418 [00:07<00:16, 17.62it/s]
 31%|#########4                     | 128/418 [00:07<00:16, 17.57it/s]
 31%|#########6                     | 130/418 [00:07<00:16, 17.63it/s]
 32%|#########7                     | 132/418 [00:07<00:16, 17.57it/s]
 32%|#########9                     | 134/418 [00:07<00:16, 17.61it/s]
 33%|##########                     | 136/418 [00:07<00:15, 17.64it/s]
 33%|##########2                    | 138/418 [00:07<00:15, 17.61it/s]
 33%|##########3                    | 140/418 [00:08<00:15, 17.72it/s]
 34%|##########5                    | 142/418 [00:08<00:16, 16.48it/s]
 34%|##########6                    | 144/418 [00:08<00:16, 16.86it/s]
 35%|##########8                    | 146/418 [00:08<00:15, 17.01it/s]
 35%|##########9                    | 148/418 [00:08<00:17, 15.66it/s]
 36%|###########1                   | 150/418 [00:08<00:17, 15.75it/s]
 36%|###########2                   | 152/418 [00:08<00:16, 15.93it/s]
 37%|###########4                   | 154/418 [00:08<00:16, 16.41it/s]
 37%|###########5                   | 156/418 [00:09<00:15, 16.79it/s]
 38%|###########7                   | 158/418 [00:09<00:15, 16.84it/s]
 38%|###########8                   | 160/418 [00:09<00:15, 17.04it/s]
 39%|############                   | 162/418 [00:09<00:14, 17.16it/s]
 39%|############1                  | 164/418 [00:09<00:14, 17.22it/s]
 40%|############3                  | 166/418 [00:09<00:14, 17.35it/s]
 40%|############4                  | 168/418 [00:09<00:14, 17.40it/s]
 41%|############6                  | 170/418 [00:09<00:14, 17.44it/s]
 41%|############7                  | 172/418 [00:09<00:14, 17.51it/s]
 42%|############9                  | 174/418 [00:10<00:13, 17.59it/s]
 42%|#############                  | 176/418 [00:10<00:14, 16.68it/s]
 43%|#############2                 | 178/418 [00:10<00:14, 17.00it/s]
 43%|#############3                 | 180/418 [00:10<00:14, 16.67it/s]
 44%|#############4                 | 182/418 [00:10<00:14, 16.83it/s]
 44%|#############6                 | 184/418 [00:10<00:13, 17.01it/s]
 44%|#############7                 | 186/418 [00:10<00:13, 17.16it/s]
 45%|#############9                 | 188/418 [00:10<00:14, 15.81it/s]
 45%|##############                 | 190/418 [00:11<00:14, 15.68it/s]
 46%|##############2                | 192/418 [00:11<00:14, 16.02it/s]
 46%|##############3                | 194/418 [00:11<00:13, 16.37it/s]
 47%|##############5                | 196/418 [00:11<00:13, 16.64it/s]
 47%|##############6                | 198/418 [00:11<00:13, 16.82it/s]
 48%|##############8                | 200/418 [00:11<00:12, 17.05it/s]
 48%|##############9                | 202/418 [00:11<00:12, 17.16it/s]
 49%|###############1               | 204/418 [00:11<00:12, 17.24it/s]
 49%|###############2               | 206/418 [00:12<00:12, 17.26it/s]
 50%|###############4               | 208/418 [00:12<00:12, 17.32it/s]
 50%|###############5               | 210/418 [00:12<00:11, 17.50it/s]
 51%|###############7               | 212/418 [00:12<00:11, 17.45it/s]
 51%|###############8               | 214/418 [00:12<00:11, 17.48it/s]
 52%|################               | 216/418 [00:12<00:11, 17.47it/s]
 52%|################1              | 218/418 [00:12<00:11, 17.40it/s]
 53%|################3              | 220/418 [00:12<00:11, 17.43it/s]
 53%|################4              | 222/418 [00:12<00:11, 17.37it/s]
 54%|################6              | 224/418 [00:13<00:11, 16.24it/s]
 54%|################7              | 226/418 [00:13<00:12, 15.91it/s]
 55%|################9              | 228/418 [00:13<00:11, 16.32it/s]
 55%|#################              | 230/418 [00:13<00:11, 16.63it/s]
 56%|#################2             | 232/418 [00:13<00:10, 16.94it/s]
 56%|#################3             | 234/418 [00:13<00:10, 17.10it/s]
 56%|#################5             | 236/418 [00:13<00:10, 17.21it/s]
 57%|#################6             | 238/418 [00:13<00:10, 17.30it/s]
 57%|#################7             | 240/418 [00:14<00:10, 17.28it/s]
 58%|#################9             | 242/418 [00:14<00:10, 17.43it/s]
 58%|##################             | 244/418 [00:14<00:10, 16.58it/s]
 59%|##################2            | 246/418 [00:14<00:10, 16.78it/s]
 59%|##################3            | 248/418 [00:14<00:10, 16.97it/s]
 60%|##################5            | 250/418 [00:14<00:10, 15.86it/s]
 60%|##################6            | 252/418 [00:14<00:10, 16.31it/s]
 61%|##################8            | 254/418 [00:14<00:09, 16.61it/s]
 61%|##################9            | 256/418 [00:14<00:09, 16.55it/s]
 62%|###################1           | 258/418 [00:15<00:09, 16.70it/s]
 62%|###################2           | 260/418 [00:15<00:09, 17.01it/s]
 63%|###################4           | 262/418 [00:15<00:09, 17.17it/s]
 63%|###################5           | 264/418 [00:15<00:08, 17.32it/s]
 64%|###################7           | 266/418 [00:15<00:08, 17.43it/s]
 64%|###################8           | 268/418 [00:15<00:08, 17.52it/s]
 65%|####################           | 270/418 [00:15<00:08, 17.53it/s]
 65%|####################1          | 272/418 [00:15<00:08, 17.39it/s]
 66%|####################3          | 274/418 [00:16<00:08, 17.34it/s]
 66%|####################4          | 276/418 [00:16<00:08, 17.43it/s]
 67%|####################6          | 278/418 [00:16<00:08, 17.49it/s]
 67%|####################7          | 280/418 [00:16<00:07, 17.51it/s]
 67%|####################9          | 282/418 [00:16<00:07, 17.47it/s]
 68%|#####################          | 284/418 [00:16<00:07, 17.48it/s]
 68%|#####################2         | 286/418 [00:16<00:07, 17.43it/s]
 69%|#####################3         | 288/418 [00:16<00:07, 17.41it/s]
 69%|#####################5         | 290/418 [00:16<00:07, 17.46it/s]
 70%|#####################6         | 292/418 [00:17<00:07, 17.45it/s]
 70%|#####################8         | 294/418 [00:17<00:07, 17.45it/s]
 71%|#####################9         | 296/418 [00:17<00:06, 17.48it/s]
 71%|######################1        | 298/418 [00:17<00:06, 17.19it/s]
 72%|######################2        | 300/418 [00:17<00:06, 17.30it/s]
 72%|######################3        | 302/418 [00:17<00:06, 17.36it/s]
 73%|######################5        | 304/418 [00:17<00:06, 16.74it/s]
 73%|######################6        | 306/418 [00:17<00:06, 16.90it/s]
 74%|######################8        | 308/418 [00:17<00:06, 17.03it/s]
 74%|######################9        | 310/418 [00:18<00:06, 17.11it/s]
 75%|#######################1       | 312/418 [00:18<00:06, 17.16it/s]
 75%|#######################2       | 314/418 [00:18<00:06, 17.02it/s]
 76%|#######################4       | 316/418 [00:18<00:05, 17.14it/s]
 76%|#######################5       | 318/418 [00:18<00:05, 17.24it/s]
 77%|#######################7       | 320/418 [00:18<00:05, 17.29it/s]
 77%|#######################8       | 322/418 [00:18<00:05, 17.27it/s]
 78%|########################       | 324/418 [00:18<00:05, 17.36it/s]
 78%|########################1      | 326/418 [00:19<00:05, 17.31it/s]
 78%|########################3      | 328/418 [00:19<00:05, 17.36it/s]
 79%|########################4      | 330/418 [00:19<00:05, 17.42it/s]
 79%|########################6      | 332/418 [00:19<00:04, 17.46it/s]
 80%|########################7      | 334/418 [00:19<00:04, 17.46it/s]
 80%|########################9      | 336/418 [00:19<00:04, 17.48it/s]
 81%|#########################      | 338/418 [00:19<00:04, 17.49it/s]
 81%|#########################2     | 340/418 [00:19<00:04, 17.52it/s]
 82%|#########################3     | 342/418 [00:19<00:04, 17.41it/s]
 82%|#########################5     | 344/418 [00:20<00:04, 17.43it/s]
 83%|#########################6     | 346/418 [00:20<00:04, 17.38it/s]
 83%|#########################8     | 348/418 [00:20<00:04, 17.44it/s]
 84%|#########################9     | 350/418 [00:20<00:03, 17.33it/s]
 84%|##########################1    | 352/418 [00:20<00:03, 17.24it/s]
 85%|##########################2    | 354/418 [00:20<00:03, 17.26it/s]
 85%|##########################4    | 356/418 [00:20<00:03, 17.34it/s]
 86%|##########################5    | 358/418 [00:20<00:03, 17.32it/s]
 86%|##########################6    | 360/418 [00:20<00:03, 17.33it/s]
 87%|##########################8    | 362/418 [00:21<00:03, 17.31it/s]
 87%|##########################9    | 364/418 [00:21<00:03, 17.30it/s]
 88%|###########################1   | 366/418 [00:21<00:03, 17.33it/s]
 88%|###########################2   | 368/418 [00:21<00:02, 17.27it/s]
 89%|###########################4   | 370/418 [00:21<00:02, 17.43it/s]
 89%|###########################5   | 372/418 [00:21<00:02, 17.44it/s]
 89%|###########################7   | 374/418 [00:21<00:02, 17.41it/s]
 90%|###########################8   | 376/418 [00:21<00:02, 17.39it/s]
 90%|############################   | 378/418 [00:22<00:02, 17.32it/s]
 91%|############################1  | 380/418 [00:22<00:02, 17.35it/s]
 91%|############################3  | 382/418 [00:22<00:02, 17.29it/s]
 92%|############################4  | 384/418 [00:22<00:01, 17.29it/s]
 92%|############################6  | 386/418 [00:22<00:01, 17.22it/s]
 93%|############################7  | 388/418 [00:22<00:01, 17.27it/s]
 93%|############################9  | 390/418 [00:22<00:01, 17.33it/s]
 94%|#############################  | 392/418 [00:22<00:01, 17.32it/s]
 94%|#############################2 | 394/418 [00:22<00:01, 17.33it/s]
 95%|#############################3 | 396/418 [00:23<00:01, 17.31it/s]
 95%|#############################5 | 398/418 [00:23<00:01, 17.43it/s]
 96%|#############################6 | 400/418 [00:23<00:01, 17.29it/s]
 96%|#############################8 | 402/418 [00:23<00:00, 17.36it/s]
 97%|#############################9 | 404/418 [00:23<00:00, 17.41it/s]
 97%|##############################1| 406/418 [00:23<00:00, 17.27it/s]
 98%|##############################2| 408/418 [00:23<00:00, 17.30it/s]
 98%|##############################4| 410/418 [00:23<00:00, 17.30it/s]
 99%|##############################5| 412/418 [00:23<00:00, 17.34it/s]
 99%|##############################7| 414/418 [00:24<00:00, 17.38it/s]
100%|##############################8| 416/418 [00:24<00:00, 17.38it/s]
100%|###############################| 418/418 [00:24<00:00, 17.64it/s]
100%|###############################| 418/418 [00:24<00:00, 17.19it/s]
[SEAL Epoch 20] loss=0.5173
[SEAL Epoch 20] Evaluating...

  0%|                                          | 0/53 [00:00<?, ?it/s]
  8%|##5                               | 4/53 [00:00<00:01, 31.54it/s]
 15%|#####1                            | 8/53 [00:00<00:01, 31.76it/s]
 23%|#######4                         | 12/53 [00:00<00:01, 31.68it/s]
 30%|#########9                       | 16/53 [00:00<00:01, 32.25it/s]
 38%|############4                    | 20/53 [00:00<00:01, 32.73it/s]
 45%|##############9                  | 24/53 [00:00<00:00, 32.82it/s]
 53%|#################4               | 28/53 [00:00<00:00, 32.65it/s]
 60%|###################9             | 32/53 [00:00<00:00, 32.41it/s]
 68%|######################4          | 36/53 [00:01<00:00, 32.38it/s]
 75%|########################9        | 40/53 [00:01<00:00, 32.11it/s]
 83%|###########################3     | 44/53 [00:01<00:00, 31.81it/s]
 91%|#############################8   | 48/53 [00:01<00:00, 31.69it/s]
 98%|################################3| 52/53 [00:01<00:00, 31.68it/s]
100%|#################################| 53/53 [00:01<00:00, 32.50it/s]

  0%|                                          | 0/53 [00:00<?, ?it/s]
  8%|##5                               | 4/53 [00:00<00:01, 33.15it/s]
 15%|#####1                            | 8/53 [00:00<00:01, 33.01it/s]
 23%|#######4                         | 12/53 [00:00<00:01, 32.90it/s]
 30%|#########9                       | 16/53 [00:00<00:01, 32.98it/s]
 38%|############4                    | 20/53 [00:00<00:01, 32.88it/s]
 45%|##############9                  | 24/53 [00:00<00:00, 32.49it/s]
 53%|#################4               | 28/53 [00:00<00:00, 32.13it/s]
 60%|###################9             | 32/53 [00:00<00:00, 32.11it/s]
 68%|######################4          | 36/53 [00:01<00:00, 32.07it/s]
 75%|########################9        | 40/53 [00:01<00:00, 31.69it/s]
 83%|###########################3     | 44/53 [00:01<00:00, 31.50it/s]
 91%|#############################8   | 48/53 [00:01<00:00, 31.43it/s]
 98%|################################3| 52/53 [00:01<00:00, 31.35it/s]
100%|#################################| 53/53 [00:01<00:00, 32.42it/s]
AUC
Run: 01, Epoch: 20, Loss: 0.5173, Train: 80.32%, Valid: 80.78%, Test: 80.90%
C:\Users\UNITY\Desktop\ANH\Image-Processing-2026\source\baseline_models\link_prediction\SEAL_OGB\utils.py:485: UserWarning: std(): degrees of freedom is <= 0. Correction should be strictly less than the reduction factor (input numel divided by output numel). (Triggered internally at C:\actions-runner\_work\pytorch\pytorch\pytorch\aten\src\ATen\native\ReduceOps.cpp:1858.)
  print(f'Highest Train: {r.mean():.2f} � {r.std():.2f}', file=f)
C:\Users\UNITY\Desktop\ANH\Image-Processing-2026\source\baseline_models\link_prediction\SEAL_OGB\utils.py:487: UserWarning: std(): degrees of freedom is <= 0. Correction should be strictly less than the reduction factor (input numel divided by output numel). (Triggered internally at C:\actions-runner\_work\pytorch\pytorch\pytorch\aten\src\ATen\native\ReduceOps.cpp:1858.)
  print(f'Highest Valid: {r.mean():.2f} � {r.std():.2f}', file=f)
C:\Users\UNITY\Desktop\ANH\Image-Processing-2026\source\baseline_models\link_prediction\SEAL_OGB\utils.py:489: UserWarning: std(): degrees of freedom is <= 0. Correction should be strictly less than the reduction factor (input numel divided by output numel). (Triggered internally at C:\actions-runner\_work\pytorch\pytorch\pytorch\aten\src\ATen\native\ReduceOps.cpp:1858.)
  print(f'  Final Train: {r.mean():.2f} � {r.std():.2f}', file=f)
C:\Users\UNITY\Desktop\ANH\Image-Processing-2026\source\baseline_models\link_prediction\SEAL_OGB\utils.py:491: UserWarning: std(): degrees of freedom is <= 0. Correction should be strictly less than the reduction factor (input numel divided by output numel). (Triggered internally at C:\actions-runner\_work\pytorch\pytorch\pytorch\aten\src\ATen\native\ReduceOps.cpp:1858.)
  print(f'   Final Test: {r.mean():.2f} � {r.std():.2f}', file=f)
AUC
Highest Train: 80.32
Highest Valid: 80.78
  Final Train: 80.32
   Final Test: 80.90
AUC
All runs:
Highest Train: 80.32 � nan
Highest Valid: 80.78 � nan
  Final Train: 80.32 � nan
   Final Test: 80.90 � nan
Total number of parameters is 43714
Results are saved in results/ogbl-BALBc_no1_spatial_edge_attr_20260509201207

========================================================================
Finished   : 2026-05-09T21:00:35.594683
Elapsed (s): 2911.2
Return code: 0
Best loss  : 0.517300
Test AUC   : 80.900000
