Task   : seal__C57BL_no_edge_attr
Model  : SEAL
Dataset: ogbl-C57BL_6_no1_spatial_no_edge_attr
Script : C:\Users\UNITY\Desktop\ANH\Image-Processing-2026\source\baseline_models\link_prediction\SEAL_OGB\seal_link_pred.py
Command: C:\Users\UNITY\AppData\Local\Programs\Python\Python313\python.exe C:\Users\UNITY\Desktop\ANH\Image-Processing-2026\source\baseline_models\link_prediction\SEAL_OGB\seal_link_pred.py --dataset ogbl-C57BL_6_no1_spatial_no_edge_attr --splitting_strategy spatial --epochs 20 --runs 1 --batch_size 1024 --eval_steps 10 --train_percent 5 --val_percent 5 --test_percent 5 --max_nodes_per_hop 50 --sortpool_k 0.5 --num_workers 8
Started: 2026-05-10T00:20:23.718227
========================================================================

C:\Users\UNITY\AppData\Local\Programs\Python\Python313\Lib\site-packages\requests\__init__.py:109: RequestsDependencyWarning: urllib3 (2.6.3) or chardet (6.0.0.post1)/charset_normalizer (3.4.4) doesn't match a supported version!
  warnings.warn(
C:\Users\UNITY\AppData\Local\Programs\Python\Python313\Lib\site-packages\outdated\__init__.py:36: UserWarning: pkg_resources is deprecated as an API. See https://setuptools.pypa.io/en/latest/pkg_resources.html. The pkg_resources package is slated for removal as early as 2025-11-30. Refrain from using this package or pin to Setuptools<81.
  from pkg_resources import parse_version
WARNING:root:The OGB package is out of date. Your version is 1.3.1, while the latest version is 1.3.6.
C:\Users\UNITY\Desktop\ANH\Image-Processing-2026\source\baseline_models\link_prediction\SEAL_OGB\seal_link_pred.py:582: FutureWarning: `torch.cuda.amp.GradScaler(args...)` is deprecated. Please use `torch.amp.GradScaler('cuda', args...)` instead.
  _scaler  = torch.cuda.amp.GradScaler(enabled=_use_amp)
Results will be saved in results/ogbl-C57BL_6_no1_spatial_no_edge_attr_20260510002028
Command line input: python C:\Users\UNITY\Desktop\ANH\Image-Processing-2026\source\baseline_models\link_prediction\SEAL_OGB\seal_link_pred.py --dataset ogbl-C57BL_6_no1_spatial_no_edge_attr --splitting_strategy spatial --epochs 20 --runs 1 --batch_size 1024 --eval_steps 10 --train_percent 5 --val_percent 5 --test_percent 5 --max_nodes_per_hop 50 --sortpool_k 0.5 --num_workers 8
 is saved.
[SEAL] Device=cpu  AMP fp16: OFF
[SEAL] Building train dataset (SEALDataset)... this may take a long time.
Processing...
C:\Users\UNITY\Desktop\ANH\Image-Processing-2026\source\baseline_models\link_prediction\SEAL_OGB\seal_link_pred.py:100: UserWarning: It is not recommended to directly access the internal storage format `data` of an 'InMemoryDataset'. If you are absolutely certain what you are doing, access the internal storage via `InMemoryDataset._data` instead to suppress this warning. Alternatively, you can access stacked individual attributes of every graph via `dataset.{attr_name}`.
  self.data.edge_index,
C:\Users\UNITY\Desktop\ANH\Image-Processing-2026\source\baseline_models\link_prediction\SEAL_OGB\seal_link_pred.py:101: UserWarning: It is not recommended to directly access the internal storage format `data` of an 'InMemoryDataset'. If you are absolutely certain what you are doing, access the internal storage via `InMemoryDataset._data` instead to suppress this warning. Alternatively, you can access stacked individual attributes of every graph via `dataset.{attr_name}`.
  self.data.num_nodes,
C:\Users\UNITY\Desktop\ANH\Image-Processing-2026\source\baseline_models\link_prediction\SEAL_OGB\seal_link_pred.py:109: UserWarning: It is not recommended to directly access the internal storage format `data` of an 'InMemoryDataset'. If you are absolutely certain what you are doing, access the internal storage via `InMemoryDataset._data` instead to suppress this warning. Alternatively, you can access stacked individual attributes of every graph via `dataset.{attr_name}`.
  if 'edge_weight' in self.data:
C:\Users\UNITY\Desktop\ANH\Image-Processing-2026\source\baseline_models\link_prediction\SEAL_OGB\seal_link_pred.py:112: UserWarning: It is not recommended to directly access the internal storage format `data` of an 'InMemoryDataset'. If you are absolutely certain what you are doing, access the internal storage via `InMemoryDataset._data` instead to suppress this warning. Alternatively, you can access stacked individual attributes of every graph via `dataset.{attr_name}`.
  edge_weight = torch.ones(self.data.edge_index.size(1), dtype=int)
C:\Users\UNITY\Desktop\ANH\Image-Processing-2026\source\baseline_models\link_prediction\SEAL_OGB\seal_link_pred.py:114: UserWarning: It is not recommended to directly access the internal storage format `data` of an 'InMemoryDataset'. If you are absolutely certain what you are doing, access the internal storage via `InMemoryDataset._data` instead to suppress this warning. Alternatively, you can access stacked individual attributes of every graph via `dataset.{attr_name}`.
  (edge_weight, (self.data.edge_index[0], self.data.edge_index[1])),
C:\Users\UNITY\Desktop\ANH\Image-Processing-2026\source\baseline_models\link_prediction\SEAL_OGB\seal_link_pred.py:115: UserWarning: It is not recommended to directly access the internal storage format `data` of an 'InMemoryDataset'. If you are absolutely certain what you are doing, access the internal storage via `InMemoryDataset._data` instead to suppress this warning. Alternatively, you can access stacked individual attributes of every graph via `dataset.{attr_name}`.
  shape=(self.data.num_nodes, self.data.num_nodes)
C:\Users\UNITY\Desktop\ANH\Image-Processing-2026\source\baseline_models\link_prediction\SEAL_OGB\seal_link_pred.py:138: UserWarning: It is not recommended to directly access the internal storage format `data` of an 'InMemoryDataset'. If you are absolutely certain what you are doing, access the internal storage via `InMemoryDataset._data` instead to suppress this warning. Alternatively, you can access stacked individual attributes of every graph via `dataset.{attr_name}`.
  pos_edge, A, self.data.x, self.edge_attr,1, self.num_hops, self.node_label,
spatial!
[extract] 224587 links to process...
[extract] 11229/224587 (4%) | 207.2 it/s | ETA 1029s
[extract] 22458/224587 (9%) | 207.4 it/s | ETA 975s
[extract] 33687/224587 (14%) | 208.2 it/s | ETA 917s
[extract] 44916/224587 (19%) | 208.5 it/s | ETA 862s
[extract] 56145/224587 (24%) | 208.9 it/s | ETA 806s
[extract] 67374/224587 (29%) | 208.6 it/s | ETA 754s
[extract] 78603/224587 (34%) | 208.5 it/s | ETA 700s
[extract] 89832/224587 (39%) | 208.5 it/s | ETA 646s
[extract] 101061/224587 (44%) | 208.7 it/s | ETA 592s
[extract] 112290/224587 (49%) | 208.7 it/s | ETA 538s
[extract] 123519/224587 (54%) | 208.8 it/s | ETA 484s
[extract] 134748/224587 (59%) | 208.9 it/s | ETA 430s
[extract] 145977/224587 (64%) | 208.9 it/s | ETA 376s
[extract] 157206/224587 (69%) | 209.0 it/s | ETA 322s
[extract] 168435/224587 (74%) | 209.1 it/s | ETA 269s
[extract] 179664/224587 (79%) | 209.2 it/s | ETA 215s
[extract] 190893/224587 (84%) | 209.0 it/s | ETA 161s
[extract] 202122/224587 (89%) | 209.1 it/s | ETA 107s
[extract] 213351/224587 (94%) | 209.1 it/s | ETA 54s
[extract] 224580/224587 (99%) | 209.2 it/s | ETA 0s
[extract] 224587/224587 (100%) | 209.2 it/s | ETA 0s
C:\Users\UNITY\Desktop\ANH\Image-Processing-2026\source\baseline_models\link_prediction\SEAL_OGB\seal_link_pred.py:141: UserWarning: It is not recommended to directly access the internal storage format `data` of an 'InMemoryDataset'. If you are absolutely certain what you are doing, access the internal storage via `InMemoryDataset._data` instead to suppress this warning. Alternatively, you can access stacked individual attributes of every graph via `dataset.{attr_name}`.
  neg_edge, A, self.data.x, self.edge_attr,0, self.num_hops, self.node_label,
[extract] 224587 links to process...
[extract] 11229/224587 (4%) | 203.0 it/s | ETA 1051s
[extract] 22458/224587 (9%) | 202.1 it/s | ETA 1000s
[extract] 33687/224587 (14%) | 202.3 it/s | ETA 943s
[extract] 44916/224587 (19%) | 202.3 it/s | ETA 888s
[extract] 56145/224587 (24%) | 202.2 it/s | ETA 833s
[extract] 67374/224587 (29%) | 201.9 it/s | ETA 779s
[extract] 78603/224587 (34%) | 202.1 it/s | ETA 722s
[extract] 89832/224587 (39%) | 202.2 it/s | ETA 667s
[extract] 101061/224587 (44%) | 202.3 it/s | ETA 611s
[extract] 112290/224587 (49%) | 202.5 it/s | ETA 555s
[extract] 123519/224587 (54%) | 202.4 it/s | ETA 499s
[extract] 134748/224587 (59%) | 202.3 it/s | ETA 444s
[extract] 145977/224587 (64%) | 202.6 it/s | ETA 388s
[extract] 157206/224587 (69%) | 202.8 it/s | ETA 332s
[extract] 168435/224587 (74%) | 203.0 it/s | ETA 277s
[extract] 179664/224587 (79%) | 203.0 it/s | ETA 221s
[extract] 190893/224587 (84%) | 203.2 it/s | ETA 166s
[extract] 202122/224587 (89%) | 203.2 it/s | ETA 111s
[extract] 213351/224587 (94%) | 203.3 it/s | ETA 55s
[extract] 224580/224587 (99%) | 203.3 it/s | ETA 0s
[extract] 224587/224587 (100%) | 203.3 it/s | ETA 0s
Done!
[SEAL] Train dataset ready: 449174 samples.
[SEAL] Building val dataset (SEALDataset)...
Processing...
spatial
[extract] 28073 links to process...
[extract] 1403/28073 (4%) | 203.4 it/s | ETA 131s
[extract] 2806/28073 (9%) | 203.7 it/s | ETA 124s
[extract] 4209/28073 (14%) | 204.2 it/s | ETA 117s
[extract] 5612/28073 (19%) | 204.1 it/s | ETA 110s
[extract] 7015/28073 (24%) | 202.9 it/s | ETA 104s
[extract] 8418/28073 (29%) | 203.1 it/s | ETA 97s
[extract] 9821/28073 (34%) | 203.1 it/s | ETA 90s
[extract] 11224/28073 (39%) | 203.4 it/s | ETA 83s
[extract] 12627/28073 (44%) | 203.5 it/s | ETA 76s
[extract] 14030/28073 (49%) | 203.7 it/s | ETA 69s
[extract] 15433/28073 (54%) | 203.7 it/s | ETA 62s
[extract] 16836/28073 (59%) | 203.5 it/s | ETA 55s
[extract] 18239/28073 (64%) | 203.2 it/s | ETA 48s
[extract] 19642/28073 (69%) | 203.1 it/s | ETA 42s
[extract] 21045/28073 (74%) | 202.8 it/s | ETA 35s
[extract] 22448/28073 (79%) | 203.0 it/s | ETA 28s
[extract] 23851/28073 (84%) | 203.1 it/s | ETA 21s
[extract] 25254/28073 (89%) | 203.2 it/s | ETA 14s
[extract] 26657/28073 (94%) | 203.3 it/s | ETA 7s
[extract] 28060/28073 (99%) | 203.3 it/s | ETA 0s
[extract] 28073/28073 (100%) | 203.3 it/s | ETA 0s
[extract] 28073 links to process...
[extract] 1403/28073 (4%) | 205.8 it/s | ETA 130s
[extract] 2806/28073 (9%) | 205.3 it/s | ETA 123s
[extract] 4209/28073 (14%) | 205.5 it/s | ETA 116s
[extract] 5612/28073 (19%) | 205.1 it/s | ETA 110s
[extract] 7015/28073 (24%) | 204.9 it/s | ETA 103s
[extract] 8418/28073 (29%) | 205.1 it/s | ETA 96s
[extract] 9821/28073 (34%) | 204.2 it/s | ETA 89s
[extract] 11224/28073 (39%) | 204.5 it/s | ETA 82s
[extract] 12627/28073 (44%) | 204.3 it/s | ETA 76s
[extract] 14030/28073 (49%) | 204.3 it/s | ETA 69s
[extract] 15433/28073 (54%) | 204.1 it/s | ETA 62s
[extract] 16836/28073 (59%) | 204.2 it/s | ETA 55s
[extract] 18239/28073 (64%) | 204.2 it/s | ETA 48s
[extract] 19642/28073 (69%) | 204.2 it/s | ETA 41s
[extract] 21045/28073 (74%) | 204.3 it/s | ETA 34s
[extract] 22448/28073 (79%) | 204.2 it/s | ETA 28s
[extract] 23851/28073 (84%) | 204.3 it/s | ETA 21s
[extract] 25254/28073 (89%) | 204.3 it/s | ETA 14s
[extract] 26657/28073 (94%) | 204.4 it/s | ETA 7s
[extract] 28060/28073 (99%) | 204.4 it/s | ETA 0s
[extract] 28073/28073 (100%) | 204.4 it/s | ETA 0s
Done!
[SEAL] Val dataset ready: 56146 samples.
[SEAL] Building test dataset (SEALDataset)...
Processing...
spatial
[extract] 28073 links to process...
[extract] 1403/28073 (4%) | 204.9 it/s | ETA 130s
[extract] 2806/28073 (9%) | 203.5 it/s | ETA 124s
[extract] 4209/28073 (14%) | 204.1 it/s | ETA 117s
[extract] 5612/28073 (19%) | 202.9 it/s | ETA 111s
[extract] 7015/28073 (24%) | 202.3 it/s | ETA 104s
[extract] 8418/28073 (29%) | 201.8 it/s | ETA 97s
[extract] 9821/28073 (34%) | 201.9 it/s | ETA 90s
[extract] 11224/28073 (39%) | 201.7 it/s | ETA 84s
[extract] 12627/28073 (44%) | 201.6 it/s | ETA 77s
[extract] 14030/28073 (49%) | 200.8 it/s | ETA 70s
[extract] 15433/28073 (54%) | 200.9 it/s | ETA 63s
[extract] 16836/28073 (59%) | 201.0 it/s | ETA 56s
[extract] 18239/28073 (64%) | 201.3 it/s | ETA 49s
[extract] 19642/28073 (69%) | 200.7 it/s | ETA 42s
[extract] 21045/28073 (74%) | 201.0 it/s | ETA 35s
[extract] 22448/28073 (79%) | 201.2 it/s | ETA 28s
[extract] 23851/28073 (84%) | 201.5 it/s | ETA 21s
[extract] 25254/28073 (89%) | 201.6 it/s | ETA 14s
[extract] 26657/28073 (94%) | 201.8 it/s | ETA 7s
[extract] 28060/28073 (99%) | 201.9 it/s | ETA 0s
[extract] 28073/28073 (100%) | 201.9 it/s | ETA 0s
[extract] 28073 links to process...
[extract] 1403/28073 (4%) | 204.7 it/s | ETA 130s
[extract] 2806/28073 (9%) | 201.6 it/s | ETA 125s
[extract] 4209/28073 (14%) | 202.6 it/s | ETA 118s
[extract] 5612/28073 (19%) | 203.5 it/s | ETA 110s
[extract] 7015/28073 (24%) | 203.9 it/s | ETA 103s
[extract] 8418/28073 (29%) | 203.9 it/s | ETA 96s
[extract] 9821/28073 (34%) | 203.9 it/s | ETA 90s
[extract] 11224/28073 (39%) | 203.7 it/s | ETA 83s
[extract] 12627/28073 (44%) | 203.6 it/s | ETA 76s
[extract] 14030/28073 (49%) | 203.7 it/s | ETA 69s
[extract] 15433/28073 (54%) | 203.7 it/s | ETA 62s
[extract] 16836/28073 (59%) | 203.9 it/s | ETA 55s
[extract] 18239/28073 (64%) | 203.8 it/s | ETA 48s
[extract] 19642/28073 (69%) | 204.0 it/s | ETA 41s
[extract] 21045/28073 (74%) | 203.7 it/s | ETA 34s
[extract] 22448/28073 (79%) | 203.8 it/s | ETA 28s
[extract] 23851/28073 (84%) | 204.0 it/s | ETA 21s
[extract] 25254/28073 (89%) | 203.7 it/s | ETA 14s
[extract] 26657/28073 (94%) | 203.8 it/s | ETA 7s
[extract] 28060/28073 (99%) | 203.8 it/s | ETA 0s
[extract] 28073/28073 (100%) | 203.7 it/s | ETA 0s
Done!
[SEAL] Test dataset ready: 56146 samples.
Total number of parameters is 43714
SortPooling k is set to 10

[SEAL Epoch 1/20] Run 1/1 - training...

  0%|                                         | 0/439 [00:00<?, ?it/s]C:\Users\UNITY\Desktop\ANH\Image-Processing-2026\source\baseline_models\link_prediction\SEAL_OGB\seal_link_pred.py:235: FutureWarning: `torch.cuda.amp.autocast(args...)` is deprecated. Please use `torch.amp.autocast('cuda', args...)` instead.
  with torch.cuda.amp.autocast(enabled=_use_amp):
C:\Users\UNITY\Desktop\ANH\Image-Processing-2026\source\baseline_models\link_prediction\SEAL_OGB\models.py:208: UserWarning: 'nn.glob.global_sort_pool' is deprecated, use 'nn.aggr.SortAggr' instead
  x = global_sort_pool(x, batch, self.k)

  0%|                                 | 1/439 [00:00<00:49,  8.91it/s]
  1%|2                                | 3/439 [00:00<00:29, 14.80it/s]
  1%|3                                | 5/439 [00:00<00:26, 16.68it/s]
  2%|5                                | 7/439 [00:00<00:24, 17.60it/s]
  2%|6                                | 9/439 [00:00<00:23, 18.09it/s]
  3%|8                               | 11/439 [00:00<00:23, 18.20it/s]
  3%|9                               | 13/439 [00:00<00:23, 18.35it/s]
  3%|#                               | 15/439 [00:00<00:22, 18.51it/s]
  4%|#2                              | 17/439 [00:00<00:22, 18.46it/s]
  4%|#3                              | 19/439 [00:01<00:23, 17.61it/s]
  5%|#5                              | 21/439 [00:01<00:23, 18.06it/s]
  5%|#6                              | 23/439 [00:01<00:22, 18.17it/s]
  6%|#8                              | 25/439 [00:01<00:22, 18.34it/s]
  6%|#9                              | 27/439 [00:01<00:22, 18.35it/s]
  7%|##1                             | 29/439 [00:01<00:22, 18.48it/s]
  7%|##2                             | 31/439 [00:01<00:21, 18.58it/s]
  8%|##4                             | 33/439 [00:01<00:21, 18.57it/s]
  8%|##5                             | 35/439 [00:01<00:21, 18.43it/s]
  8%|##6                             | 37/439 [00:02<00:21, 18.53it/s]
  9%|##8                             | 39/439 [00:02<00:21, 18.53it/s]
  9%|##9                             | 41/439 [00:02<00:22, 17.65it/s]
 10%|###1                            | 43/439 [00:02<00:21, 18.05it/s]
 10%|###2                            | 45/439 [00:02<00:21, 18.29it/s]
 11%|###4                            | 47/439 [00:02<00:21, 18.44it/s]
 11%|###5                            | 49/439 [00:02<00:22, 17.66it/s]
 12%|###7                            | 51/439 [00:02<00:21, 17.98it/s]
 12%|###8                            | 53/439 [00:02<00:21, 18.05it/s]
 13%|####                            | 55/439 [00:03<00:21, 18.27it/s]
 13%|####1                           | 57/439 [00:03<00:20, 18.48it/s]
 13%|####3                           | 59/439 [00:03<00:20, 18.55it/s]
 14%|####4                           | 61/439 [00:03<00:21, 17.70it/s]
 14%|####5                           | 63/439 [00:03<00:22, 17.05it/s]
 15%|####7                           | 65/439 [00:03<00:21, 17.58it/s]
 15%|####8                           | 67/439 [00:03<00:20, 17.85it/s]
 16%|#####                           | 69/439 [00:03<00:20, 18.12it/s]
 16%|#####1                          | 71/439 [00:03<00:20, 18.33it/s]
 17%|#####3                          | 73/439 [00:04<00:19, 18.44it/s]
 17%|#####4                          | 75/439 [00:04<00:19, 18.60it/s]
 18%|#####6                          | 77/439 [00:04<00:19, 18.70it/s]
 18%|#####7                          | 79/439 [00:04<00:20, 17.72it/s]
 18%|#####9                          | 81/439 [00:04<00:19, 18.08it/s]
 19%|######                          | 83/439 [00:04<00:19, 18.21it/s]
 19%|######1                         | 85/439 [00:04<00:19, 18.31it/s]
 20%|######3                         | 87/439 [00:04<00:18, 18.54it/s]
 20%|######4                         | 89/439 [00:04<00:18, 18.65it/s]
 21%|######6                         | 91/439 [00:05<00:18, 18.78it/s]
 21%|######7                         | 93/439 [00:05<00:18, 18.86it/s]
 22%|######9                         | 95/439 [00:05<00:18, 18.84it/s]
 22%|#######                         | 97/439 [00:05<00:18, 18.83it/s]
 23%|#######2                        | 99/439 [00:05<00:18, 18.84it/s]
 23%|#######1                       | 101/439 [00:05<00:17, 18.78it/s]
 23%|#######2                       | 103/439 [00:05<00:17, 18.80it/s]
 24%|#######4                       | 105/439 [00:05<00:18, 18.55it/s]
 24%|#######5                       | 107/439 [00:05<00:17, 18.59it/s]
 25%|#######6                       | 109/439 [00:05<00:17, 18.54it/s]
 25%|#######8                       | 111/439 [00:06<00:17, 18.66it/s]
 26%|#######9                       | 113/439 [00:06<00:17, 18.79it/s]
 26%|########1                      | 115/439 [00:06<00:17, 18.69it/s]
 27%|########2                      | 117/439 [00:06<00:17, 18.72it/s]
 27%|########4                      | 119/439 [00:06<00:17, 18.63it/s]
 28%|########5                      | 121/439 [00:06<00:17, 18.70it/s]
 28%|########6                      | 123/439 [00:06<00:16, 18.69it/s]
 28%|########8                      | 125/439 [00:06<00:16, 18.68it/s]
 29%|########9                      | 127/439 [00:06<00:16, 18.74it/s]
 29%|#########1                     | 129/439 [00:07<00:16, 18.66it/s]
 30%|#########2                     | 131/439 [00:07<00:16, 18.68it/s]
 30%|#########3                     | 133/439 [00:07<00:16, 18.66it/s]
 31%|#########5                     | 135/439 [00:07<00:16, 18.62it/s]
 31%|#########6                     | 137/439 [00:07<00:16, 18.57it/s]
 32%|#########8                     | 139/439 [00:07<00:16, 18.54it/s]
 32%|#########9                     | 141/439 [00:07<00:15, 18.86it/s]
 33%|##########                     | 143/439 [00:07<00:15, 18.82it/s]
 33%|##########2                    | 145/439 [00:07<00:15, 18.86it/s]
 33%|##########3                    | 147/439 [00:08<00:15, 18.86it/s]
 34%|##########5                    | 149/439 [00:08<00:15, 18.78it/s]
 34%|##########6                    | 151/439 [00:08<00:15, 18.73it/s]
 35%|##########8                    | 153/439 [00:08<00:15, 18.69it/s]
 35%|##########9                    | 155/439 [00:08<00:15, 18.78it/s]
 36%|###########                    | 157/439 [00:08<00:14, 18.80it/s]
 36%|###########2                   | 159/439 [00:08<00:14, 18.80it/s]
 37%|###########3                   | 161/439 [00:08<00:14, 18.82it/s]
 37%|###########5                   | 163/439 [00:08<00:14, 18.85it/s]
 38%|###########6                   | 165/439 [00:08<00:14, 18.79it/s]
 38%|###########7                   | 167/439 [00:09<00:14, 18.72it/s]
 38%|###########9                   | 169/439 [00:09<00:14, 18.80it/s]
 39%|############                   | 171/439 [00:09<00:14, 18.99it/s]
 39%|############2                  | 173/439 [00:09<00:14, 18.94it/s]
 40%|############3                  | 175/439 [00:09<00:13, 18.91it/s]
 40%|############4                  | 177/439 [00:09<00:13, 18.86it/s]
 41%|############6                  | 179/439 [00:09<00:13, 18.80it/s]
 41%|############7                  | 181/439 [00:09<00:13, 18.87it/s]
 42%|############9                  | 183/439 [00:09<00:13, 18.79it/s]
 42%|#############                  | 185/439 [00:10<00:13, 18.75it/s]
 43%|#############2                 | 187/439 [00:10<00:13, 18.74it/s]
 43%|#############3                 | 189/439 [00:10<00:13, 18.75it/s]
 44%|#############4                 | 191/439 [00:10<00:14, 17.48it/s]
 44%|#############6                 | 193/439 [00:10<00:13, 17.80it/s]
 44%|#############7                 | 195/439 [00:10<00:13, 18.13it/s]
 45%|#############9                 | 197/439 [00:10<00:13, 18.37it/s]
 45%|##############                 | 199/439 [00:10<00:12, 18.55it/s]
 46%|##############1                | 201/439 [00:10<00:12, 18.67it/s]
 46%|##############3                | 203/439 [00:11<00:13, 17.37it/s]
 47%|##############4                | 205/439 [00:11<00:13, 17.76it/s]
 47%|##############6                | 207/439 [00:11<00:12, 18.02it/s]
 48%|##############7                | 209/439 [00:11<00:13, 16.66it/s]
 48%|##############8                | 211/439 [00:11<00:13, 17.32it/s]
 49%|###############                | 213/439 [00:11<00:12, 17.82it/s]
 49%|###############1               | 215/439 [00:11<00:12, 18.10it/s]
 49%|###############3               | 217/439 [00:11<00:12, 18.39it/s]
 50%|###############4               | 219/439 [00:11<00:11, 18.46it/s]
 50%|###############6               | 221/439 [00:12<00:11, 18.52it/s]
 51%|###############7               | 223/439 [00:12<00:11, 18.71it/s]
 51%|###############8               | 225/439 [00:12<00:11, 18.83it/s]
 52%|################               | 227/439 [00:12<00:11, 18.91it/s]
 52%|################1              | 229/439 [00:12<00:11, 18.97it/s]
 53%|################3              | 231/439 [00:12<00:11, 18.90it/s]
 53%|################4              | 233/439 [00:12<00:10, 18.89it/s]
 54%|################5              | 235/439 [00:12<00:10, 18.67it/s]
 54%|################7              | 237/439 [00:12<00:10, 18.71it/s]
 54%|################8              | 239/439 [00:12<00:10, 18.72it/s]
 55%|#################              | 241/439 [00:13<00:10, 18.70it/s]
 55%|#################1             | 243/439 [00:13<00:10, 18.78it/s]
 56%|#################3             | 245/439 [00:13<00:10, 18.75it/s]
 56%|#################4             | 247/439 [00:13<00:10, 18.75it/s]
 57%|#################5             | 249/439 [00:13<00:10, 18.83it/s]
 57%|#################7             | 251/439 [00:13<00:09, 18.80it/s]
 58%|#################8             | 253/439 [00:13<00:09, 19.02it/s]
 58%|##################             | 255/439 [00:13<00:09, 19.05it/s]
 59%|##################1            | 257/439 [00:13<00:09, 19.17it/s]
 59%|##################2            | 259/439 [00:14<00:09, 19.08it/s]
 59%|##################4            | 261/439 [00:14<00:09, 19.01it/s]
 60%|##################5            | 263/439 [00:14<00:09, 18.96it/s]
 60%|##################7            | 265/439 [00:14<00:09, 18.92it/s]
 61%|##################8            | 267/439 [00:14<00:09, 19.02it/s]
 61%|##################9            | 269/439 [00:14<00:08, 19.05it/s]
 62%|###################1           | 271/439 [00:14<00:08, 19.02it/s]
 62%|###################2           | 273/439 [00:14<00:08, 18.92it/s]
 63%|###################4           | 275/439 [00:14<00:08, 18.89it/s]
 63%|###################5           | 277/439 [00:14<00:08, 18.75it/s]
 64%|###################7           | 279/439 [00:15<00:08, 18.90it/s]
 64%|###################8           | 281/439 [00:15<00:08, 18.89it/s]
 64%|###################9           | 283/439 [00:15<00:08, 18.87it/s]
 65%|####################1          | 285/439 [00:15<00:08, 18.89it/s]
 65%|####################2          | 287/439 [00:15<00:08, 18.92it/s]
 66%|####################4          | 289/439 [00:15<00:07, 18.97it/s]
 66%|####################5          | 291/439 [00:15<00:07, 19.09it/s]
 67%|####################6          | 293/439 [00:15<00:07, 19.01it/s]
 67%|####################8          | 295/439 [00:15<00:07, 18.91it/s]
 68%|####################9          | 297/439 [00:16<00:07, 18.92it/s]
 68%|#####################1         | 299/439 [00:16<00:07, 18.88it/s]
 69%|#####################2         | 301/439 [00:16<00:07, 18.86it/s]
 69%|#####################3         | 303/439 [00:16<00:07, 18.73it/s]
 69%|#####################5         | 305/439 [00:16<00:07, 18.70it/s]
 70%|#####################6         | 307/439 [00:16<00:06, 18.90it/s]
 70%|#####################8         | 309/439 [00:16<00:06, 18.97it/s]
 71%|#####################9         | 311/439 [00:16<00:06, 18.86it/s]
 71%|######################1        | 313/439 [00:16<00:06, 18.78it/s]
 72%|######################2        | 315/439 [00:17<00:06, 18.77it/s]
 72%|######################3        | 317/439 [00:17<00:06, 18.83it/s]
 73%|######################5        | 319/439 [00:17<00:06, 18.91it/s]
 73%|######################6        | 321/439 [00:17<00:06, 18.78it/s]
 74%|######################8        | 323/439 [00:17<00:06, 18.88it/s]
 74%|######################9        | 325/439 [00:17<00:06, 18.79it/s]
 74%|#######################        | 327/439 [00:17<00:06, 18.41it/s]
 75%|#######################2       | 329/439 [00:17<00:05, 18.49it/s]
 75%|#######################3       | 331/439 [00:17<00:05, 18.52it/s]
 76%|#######################5       | 333/439 [00:17<00:05, 18.63it/s]
 76%|#######################6       | 335/439 [00:18<00:05, 18.66it/s]
 77%|#######################7       | 337/439 [00:18<00:05, 18.65it/s]
 77%|#######################9       | 339/439 [00:18<00:05, 18.79it/s]
 78%|########################       | 341/439 [00:18<00:05, 18.78it/s]
 78%|########################2      | 343/439 [00:18<00:05, 18.74it/s]
 79%|########################3      | 345/439 [00:18<00:04, 18.82it/s]
 79%|########################5      | 347/439 [00:18<00:04, 18.92it/s]
 79%|########################6      | 349/439 [00:18<00:04, 18.81it/s]
 80%|########################7      | 351/439 [00:18<00:04, 18.79it/s]
 80%|########################9      | 353/439 [00:19<00:04, 18.76it/s]
 81%|#########################      | 355/439 [00:19<00:04, 18.79it/s]
 81%|#########################2     | 357/439 [00:19<00:04, 18.72it/s]
 82%|#########################3     | 359/439 [00:19<00:04, 18.40it/s]
 82%|#########################4     | 361/439 [00:19<00:04, 18.49it/s]
 83%|#########################6     | 363/439 [00:19<00:04, 18.48it/s]
 83%|#########################7     | 365/439 [00:19<00:03, 18.69it/s]
 84%|#########################9     | 367/439 [00:19<00:03, 18.14it/s]
 84%|##########################     | 369/439 [00:19<00:03, 18.45it/s]
 85%|##########################1    | 371/439 [00:20<00:03, 18.60it/s]
 85%|##########################3    | 373/439 [00:20<00:03, 18.69it/s]
 85%|##########################4    | 375/439 [00:20<00:03, 18.72it/s]
 86%|##########################6    | 377/439 [00:20<00:03, 18.73it/s]
 86%|##########################7    | 379/439 [00:20<00:03, 18.83it/s]
 87%|##########################9    | 381/439 [00:20<00:03, 18.80it/s]
 87%|###########################    | 383/439 [00:20<00:02, 18.75it/s]
 88%|###########################1   | 385/439 [00:20<00:02, 18.82it/s]
 88%|###########################3   | 387/439 [00:20<00:02, 18.84it/s]
 89%|###########################4   | 389/439 [00:20<00:02, 18.79it/s]
 89%|###########################6   | 391/439 [00:21<00:02, 18.84it/s]
 90%|###########################7   | 393/439 [00:21<00:02, 18.80it/s]
 90%|###########################8   | 395/439 [00:21<00:02, 18.82it/s]
 90%|############################   | 397/439 [00:21<00:02, 18.82it/s]
 91%|############################1  | 399/439 [00:21<00:02, 18.97it/s]
 91%|############################3  | 401/439 [00:21<00:02, 18.87it/s]
 92%|############################4  | 403/439 [00:21<00:01, 18.83it/s]
 92%|############################5  | 405/439 [00:21<00:01, 18.95it/s]
 93%|############################7  | 407/439 [00:21<00:01, 18.77it/s]
 93%|############################8  | 409/439 [00:22<00:01, 18.76it/s]
 94%|#############################  | 411/439 [00:22<00:01, 18.73it/s]
 94%|#############################1 | 413/439 [00:22<00:01, 18.79it/s]
 95%|#############################3 | 415/439 [00:22<00:01, 18.80it/s]
 95%|#############################4 | 417/439 [00:22<00:01, 18.95it/s]
 95%|#############################5 | 419/439 [00:22<00:01, 19.03it/s]
 96%|#############################7 | 421/439 [00:22<00:00, 18.99it/s]
 96%|#############################8 | 423/439 [00:22<00:00, 19.00it/s]
 97%|############################## | 425/439 [00:22<00:00, 18.72it/s]
 97%|##############################1| 427/439 [00:22<00:00, 18.74it/s]
 98%|##############################2| 429/439 [00:23<00:00, 18.84it/s]
 98%|##############################4| 431/439 [00:23<00:00, 18.77it/s]
 99%|##############################5| 433/439 [00:23<00:00, 18.80it/s]
 99%|##############################7| 435/439 [00:23<00:00, 18.82it/s]
100%|##############################8| 437/439 [00:23<00:00, 18.77it/s]
100%|###############################| 439/439 [00:23<00:00, 18.50it/s]
100%|###############################| 439/439 [00:23<00:00, 18.58it/s]
[SEAL Epoch 1] loss=0.6366

[SEAL Epoch 2/20] Run 1/1 - training...

  0%|                                         | 0/439 [00:00<?, ?it/s]
  0%|1                                | 2/439 [00:00<00:25, 17.02it/s]
  1%|3                                | 4/439 [00:00<00:24, 18.01it/s]
  1%|4                                | 6/439 [00:00<00:23, 18.49it/s]
  2%|6                                | 8/439 [00:00<00:22, 18.85it/s]
  2%|7                               | 10/439 [00:00<00:22, 18.67it/s]
  3%|8                               | 12/439 [00:00<00:22, 18.75it/s]
  3%|#                               | 14/439 [00:00<00:22, 18.76it/s]
  4%|#1                              | 16/439 [00:00<00:22, 18.84it/s]
  4%|#3                              | 18/439 [00:00<00:22, 18.86it/s]
  5%|#4                              | 20/439 [00:01<01:07,  6.22it/s]
  5%|#6                              | 22/439 [00:01<00:53,  7.83it/s]
  5%|#7                              | 24/439 [00:01<00:43,  9.54it/s]
  6%|#8                              | 26/439 [00:02<00:36, 11.22it/s]
  6%|##                              | 28/439 [00:02<00:32, 12.79it/s]
  7%|##1                             | 30/439 [00:02<00:28, 14.15it/s]
  7%|##3                             | 32/439 [00:02<00:26, 15.23it/s]
  8%|##4                             | 34/439 [00:02<00:25, 16.10it/s]
  8%|##6                             | 36/439 [00:02<00:23, 16.93it/s]
  9%|##7                             | 38/439 [00:02<00:22, 17.48it/s]
  9%|##9                             | 40/439 [00:02<00:22, 17.84it/s]
 10%|###                             | 42/439 [00:02<00:21, 18.19it/s]
 10%|###2                            | 44/439 [00:03<00:21, 18.36it/s]
 10%|###3                            | 46/439 [00:03<00:21, 18.56it/s]
 11%|###4                            | 48/439 [00:03<00:21, 18.60it/s]
 11%|###6                            | 50/439 [00:03<00:20, 18.69it/s]
 12%|###7                            | 52/439 [00:03<00:20, 18.89it/s]
 12%|###9                            | 54/439 [00:03<00:20, 18.84it/s]
 13%|####                            | 56/439 [00:03<00:20, 18.91it/s]
 13%|####2                           | 58/439 [00:03<00:20, 18.83it/s]
 14%|####3                           | 60/439 [00:03<00:20, 18.78it/s]
 14%|####5                           | 62/439 [00:03<00:19, 18.86it/s]
 15%|####6                           | 64/439 [00:04<00:19, 18.85it/s]
 15%|####8                           | 66/439 [00:04<00:19, 18.81it/s]
 15%|####9                           | 68/439 [00:04<00:19, 18.88it/s]
 16%|#####1                          | 70/439 [00:04<00:19, 18.84it/s]
 16%|#####2                          | 72/439 [00:04<00:19, 18.76it/s]
 17%|#####3                          | 74/439 [00:04<00:19, 18.80it/s]
 17%|#####5                          | 76/439 [00:04<00:19, 18.78it/s]
 18%|#####6                          | 78/439 [00:04<00:20, 17.76it/s]
 18%|#####8                          | 80/439 [00:04<00:19, 18.19it/s]
 19%|#####9                          | 82/439 [00:05<00:19, 18.51it/s]
 19%|######1                         | 84/439 [00:05<00:19, 18.63it/s]
 20%|######2                         | 86/439 [00:05<00:18, 18.69it/s]
 20%|######4                         | 88/439 [00:05<00:18, 18.78it/s]
 21%|######5                         | 90/439 [00:05<00:18, 18.85it/s]
 21%|######7                         | 92/439 [00:05<00:18, 19.03it/s]
 21%|######8                         | 94/439 [00:05<00:18, 18.92it/s]
 22%|######9                         | 96/439 [00:05<00:18, 18.73it/s]
 22%|#######1                        | 98/439 [00:05<00:19, 17.90it/s]
 23%|#######                        | 100/439 [00:06<00:18, 18.14it/s]
 23%|#######2                       | 102/439 [00:06<00:18, 18.46it/s]
 24%|#######3                       | 104/439 [00:06<00:17, 18.67it/s]
 24%|#######4                       | 106/439 [00:06<00:17, 18.67it/s]
 25%|#######6                       | 108/439 [00:06<00:18, 17.74it/s]
 25%|#######7                       | 110/439 [00:06<00:17, 18.34it/s]
 26%|#######9                       | 112/439 [00:06<00:17, 18.54it/s]
 26%|########                       | 114/439 [00:06<00:17, 18.69it/s]
 26%|########1                      | 116/439 [00:06<00:17, 18.82it/s]
 27%|########3                      | 118/439 [00:07<00:17, 18.87it/s]
 27%|########4                      | 120/439 [00:07<00:16, 18.77it/s]
 28%|########6                      | 122/439 [00:07<00:16, 18.79it/s]
 28%|########7                      | 124/439 [00:07<00:16, 18.83it/s]
 29%|########8                      | 126/439 [00:07<00:16, 18.88it/s]
 29%|#########                      | 128/439 [00:07<00:16, 18.92it/s]
 30%|#########1                     | 130/439 [00:07<00:16, 18.95it/s]
 30%|#########3                     | 132/439 [00:07<00:16, 18.99it/s]
 31%|#########4                     | 134/439 [00:07<00:16, 19.02it/s]
 31%|#########6                     | 136/439 [00:07<00:15, 19.08it/s]
 31%|#########7                     | 138/439 [00:08<00:15, 19.03it/s]
 32%|#########8                     | 140/439 [00:08<00:15, 19.04it/s]
 32%|##########                     | 142/439 [00:08<00:15, 18.99it/s]
 33%|##########1                    | 144/439 [00:08<00:15, 18.99it/s]
 33%|##########3                    | 146/439 [00:08<00:15, 18.91it/s]
 34%|##########4                    | 148/439 [00:08<00:15, 19.01it/s]
 34%|##########5                    | 150/439 [00:08<00:15, 18.90it/s]
 35%|##########7                    | 152/439 [00:08<00:15, 18.88it/s]
 35%|##########8                    | 154/439 [00:08<00:15, 18.95it/s]
 36%|###########                    | 156/439 [00:09<00:14, 19.07it/s]
 36%|###########1                   | 158/439 [00:09<00:15, 18.26it/s]
 36%|###########2                   | 160/439 [00:09<00:15, 18.53it/s]
 37%|###########4                   | 162/439 [00:09<00:14, 18.76it/s]
 37%|###########5                   | 164/439 [00:09<00:14, 18.76it/s]
 38%|###########7                   | 166/439 [00:09<00:14, 18.87it/s]
 38%|###########8                   | 168/439 [00:09<00:14, 18.94it/s]
 39%|############                   | 170/439 [00:09<00:14, 19.03it/s]
 39%|############1                  | 172/439 [00:09<00:14, 19.04it/s]
 40%|############2                  | 174/439 [00:09<00:15, 17.47it/s]
 40%|############4                  | 176/439 [00:10<00:14, 17.97it/s]
 41%|############5                  | 178/439 [00:10<00:14, 18.28it/s]
 41%|############7                  | 180/439 [00:10<00:13, 18.54it/s]
 41%|############8                  | 182/439 [00:10<00:13, 18.45it/s]
 42%|############9                  | 184/439 [00:10<00:13, 18.64it/s]
 42%|#############1                 | 186/439 [00:10<00:13, 18.72it/s]
 43%|#############2                 | 188/439 [00:10<00:14, 17.28it/s]
 43%|#############4                 | 190/439 [00:10<00:13, 17.79it/s]
 44%|#############5                 | 192/439 [00:10<00:13, 18.12it/s]
 44%|#############6                 | 194/439 [00:11<00:13, 18.36it/s]
 45%|#############8                 | 196/439 [00:11<00:13, 18.66it/s]
 45%|#############9                 | 198/439 [00:11<00:12, 18.76it/s]
 46%|##############1                | 200/439 [00:11<00:13, 18.09it/s]
 46%|##############2                | 202/439 [00:11<00:12, 18.34it/s]
 46%|##############4                | 204/439 [00:11<00:13, 17.49it/s]
 47%|##############5                | 206/439 [00:11<00:13, 17.91it/s]
 47%|##############6                | 208/439 [00:11<00:12, 18.25it/s]
 48%|##############8                | 210/439 [00:11<00:12, 18.44it/s]
 48%|##############9                | 212/439 [00:12<00:12, 18.64it/s]
 49%|###############1               | 214/439 [00:12<00:12, 18.69it/s]
 49%|###############2               | 216/439 [00:12<00:11, 18.74it/s]
 50%|###############3               | 218/439 [00:12<00:11, 18.75it/s]
 50%|###############5               | 220/439 [00:12<00:12, 18.00it/s]
 51%|###############6               | 222/439 [00:12<00:11, 18.28it/s]
 51%|###############8               | 224/439 [00:12<00:11, 18.29it/s]
 51%|###############9               | 226/439 [00:12<00:11, 18.37it/s]
 52%|################1              | 228/439 [00:12<00:11, 18.51it/s]
 52%|################2              | 230/439 [00:13<00:11, 18.58it/s]
 53%|################3              | 232/439 [00:13<00:11, 17.61it/s]
 53%|################5              | 234/439 [00:13<00:12, 16.87it/s]
 54%|################6              | 236/439 [00:13<00:11, 17.49it/s]
 54%|################8              | 238/439 [00:13<00:11, 17.95it/s]
 55%|################9              | 240/439 [00:13<00:10, 18.16it/s]
 55%|#################              | 242/439 [00:13<00:10, 18.45it/s]
 56%|#################2             | 244/439 [00:13<00:10, 18.27it/s]
 56%|#################3             | 246/439 [00:13<00:10, 18.54it/s]
 56%|#################5             | 248/439 [00:14<00:10, 18.70it/s]
 57%|#################6             | 250/439 [00:14<00:10, 18.77it/s]
 57%|#################7             | 252/439 [00:14<00:09, 18.80it/s]
 58%|#################9             | 254/439 [00:14<00:09, 18.80it/s]
 58%|##################             | 256/439 [00:14<00:09, 18.78it/s]
 59%|##################2            | 258/439 [00:14<00:09, 18.83it/s]
 59%|##################3            | 260/439 [00:14<00:09, 18.83it/s]
 60%|##################5            | 262/439 [00:14<00:09, 18.78it/s]
 60%|##################6            | 264/439 [00:14<00:09, 18.66it/s]
 61%|##################7            | 266/439 [00:14<00:09, 18.74it/s]
 61%|##################9            | 268/439 [00:15<00:09, 17.69it/s]
 62%|###################            | 270/439 [00:15<00:09, 18.02it/s]
 62%|###################2           | 272/439 [00:15<00:09, 18.18it/s]
 62%|###################3           | 274/439 [00:15<00:08, 18.42it/s]
 63%|###################4           | 276/439 [00:15<00:08, 18.59it/s]
 63%|###################6           | 278/439 [00:15<00:08, 18.71it/s]
 64%|###################7           | 280/439 [00:15<00:08, 18.79it/s]
 64%|###################9           | 282/439 [00:15<00:08, 18.84it/s]
 65%|####################           | 284/439 [00:15<00:08, 18.98it/s]
 65%|####################1          | 286/439 [00:16<00:08, 18.94it/s]
 66%|####################3          | 288/439 [00:16<00:07, 18.94it/s]
 66%|####################4          | 290/439 [00:16<00:07, 18.83it/s]
 67%|####################6          | 292/439 [00:16<00:07, 18.84it/s]
 67%|####################7          | 294/439 [00:16<00:07, 18.86it/s]
 67%|####################9          | 296/439 [00:16<00:07, 18.89it/s]
 68%|#####################          | 298/439 [00:16<00:07, 18.87it/s]
 68%|#####################1         | 300/439 [00:16<00:07, 18.92it/s]
 69%|#####################3         | 302/439 [00:16<00:07, 18.97it/s]
 69%|#####################4         | 304/439 [00:17<00:07, 19.16it/s]
 70%|#####################6         | 306/439 [00:17<00:06, 19.10it/s]
 70%|#####################7         | 308/439 [00:17<00:06, 19.03it/s]
 71%|#####################8         | 310/439 [00:17<00:06, 18.97it/s]
 71%|######################         | 312/439 [00:17<00:06, 18.76it/s]
 72%|######################1        | 314/439 [00:17<00:06, 18.79it/s]
 72%|######################3        | 316/439 [00:17<00:06, 18.72it/s]
 72%|######################4        | 318/439 [00:17<00:06, 18.76it/s]
 73%|######################5        | 320/439 [00:17<00:06, 18.75it/s]
 73%|######################7        | 322/439 [00:17<00:06, 18.67it/s]
 74%|######################8        | 324/439 [00:18<00:06, 18.83it/s]
 74%|#######################        | 326/439 [00:18<00:05, 18.87it/s]
 75%|#######################1       | 328/439 [00:18<00:05, 18.83it/s]
 75%|#######################3       | 330/439 [00:18<00:05, 18.80it/s]
 76%|#######################4       | 332/439 [00:18<00:05, 18.81it/s]
 76%|#######################5       | 334/439 [00:18<00:05, 18.83it/s]
 77%|#######################7       | 336/439 [00:18<00:05, 18.81it/s]
 77%|#######################8       | 338/439 [00:18<00:05, 18.89it/s]
 77%|########################       | 340/439 [00:18<00:05, 18.87it/s]
 78%|########################1      | 342/439 [00:19<00:05, 18.79it/s]
 78%|########################2      | 344/439 [00:19<00:05, 18.79it/s]
 79%|########################4      | 346/439 [00:19<00:04, 18.87it/s]
 79%|########################5      | 348/439 [00:19<00:04, 18.87it/s]
 80%|########################7      | 350/439 [00:19<00:04, 18.83it/s]
 80%|########################8      | 352/439 [00:19<00:04, 18.81it/s]
 81%|########################9      | 354/439 [00:19<00:04, 18.63it/s]
 81%|#########################1     | 356/439 [00:19<00:04, 18.68it/s]
 82%|#########################2     | 358/439 [00:19<00:04, 18.71it/s]
 82%|#########################4     | 360/439 [00:20<00:04, 18.78it/s]
 82%|#########################5     | 362/439 [00:20<00:04, 18.96it/s]
 83%|#########################7     | 364/439 [00:20<00:03, 19.11it/s]
 83%|#########################8     | 366/439 [00:20<00:03, 18.98it/s]
 84%|#########################9     | 368/439 [00:20<00:03, 18.96it/s]
 84%|##########################1    | 370/439 [00:20<00:03, 18.95it/s]
 85%|##########################2    | 372/439 [00:20<00:03, 18.94it/s]
 85%|##########################4    | 374/439 [00:20<00:03, 18.98it/s]
 86%|##########################5    | 376/439 [00:20<00:03, 19.02it/s]
 86%|##########################6    | 378/439 [00:20<00:03, 18.96it/s]
 87%|##########################8    | 380/439 [00:21<00:03, 18.89it/s]
 87%|##########################9    | 382/439 [00:21<00:02, 19.09it/s]
 87%|###########################1   | 384/439 [00:21<00:02, 19.04it/s]
 88%|###########################2   | 386/439 [00:21<00:02, 18.96it/s]
 88%|###########################3   | 388/439 [00:21<00:02, 18.87it/s]
 89%|###########################5   | 390/439 [00:21<00:02, 18.89it/s]
 89%|###########################6   | 392/439 [00:21<00:02, 18.90it/s]
 90%|###########################8   | 394/439 [00:21<00:02, 18.82it/s]
 90%|###########################9   | 396/439 [00:21<00:02, 18.92it/s]
 91%|############################1  | 398/439 [00:22<00:02, 18.96it/s]
 91%|############################2  | 400/439 [00:22<00:02, 18.93it/s]
 92%|############################3  | 402/439 [00:22<00:01, 18.93it/s]
 92%|############################5  | 404/439 [00:22<00:01, 18.87it/s]
 92%|############################6  | 406/439 [00:22<00:01, 18.90it/s]
 93%|############################8  | 408/439 [00:22<00:01, 18.97it/s]
 93%|############################9  | 410/439 [00:22<00:01, 18.95it/s]
 94%|#############################  | 412/439 [00:22<00:01, 18.85it/s]
 94%|#############################2 | 414/439 [00:22<00:01, 18.86it/s]
 95%|#############################3 | 416/439 [00:22<00:01, 18.96it/s]
 95%|#############################5 | 418/439 [00:23<00:01, 19.00it/s]
 96%|#############################6 | 420/439 [00:23<00:01, 18.98it/s]
 96%|#############################7 | 422/439 [00:23<00:00, 18.99it/s]
 97%|#############################9 | 424/439 [00:23<00:00, 19.01it/s]
 97%|############################## | 426/439 [00:23<00:00, 18.92it/s]
 97%|##############################2| 428/439 [00:23<00:00, 18.90it/s]
 98%|##############################3| 430/439 [00:23<00:00, 18.91it/s]
 98%|##############################5| 432/439 [00:23<00:00, 18.87it/s]
 99%|##############################6| 434/439 [00:23<00:00, 18.76it/s]
 99%|##############################7| 436/439 [00:24<00:00, 18.84it/s]
100%|##############################9| 438/439 [00:24<00:00, 18.72it/s]
100%|###############################| 439/439 [00:24<00:00, 18.16it/s]
[SEAL Epoch 2] loss=0.5898

[SEAL Epoch 3/20] Run 1/1 - training...

  0%|                                         | 0/439 [00:00<?, ?it/s]
  0%|1                                | 2/439 [00:00<00:32, 13.28it/s]
  1%|3                                | 4/439 [00:00<00:29, 14.70it/s]
  1%|4                                | 6/439 [00:00<00:26, 16.40it/s]
  2%|6                                | 8/439 [00:00<00:24, 17.29it/s]
  2%|7                               | 10/439 [00:00<00:24, 17.84it/s]
  3%|8                               | 12/439 [00:00<00:23, 18.20it/s]
  3%|#                               | 14/439 [00:00<00:23, 18.38it/s]
  4%|#1                              | 16/439 [00:00<00:22, 18.47it/s]
  4%|#3                              | 18/439 [00:01<00:22, 18.61it/s]
  5%|#4                              | 20/439 [00:01<00:22, 18.69it/s]
  5%|#6                              | 22/439 [00:01<00:22, 18.66it/s]
  5%|#7                              | 24/439 [00:01<00:22, 18.69it/s]
  6%|#8                              | 26/439 [00:01<00:22, 18.73it/s]
  6%|##                              | 28/439 [00:01<00:21, 18.76it/s]
  7%|##1                             | 30/439 [00:01<00:21, 18.83it/s]
  7%|##3                             | 32/439 [00:01<00:21, 18.84it/s]
  8%|##4                             | 34/439 [00:01<00:21, 18.79it/s]
  8%|##6                             | 36/439 [00:01<00:21, 18.76it/s]
  9%|##7                             | 38/439 [00:02<00:21, 18.84it/s]
  9%|##9                             | 40/439 [00:02<00:21, 18.86it/s]
 10%|###                             | 42/439 [00:02<00:20, 18.91it/s]
 10%|###2                            | 44/439 [00:02<00:20, 18.96it/s]
 10%|###3                            | 46/439 [00:02<00:22, 17.67it/s]
 11%|###4                            | 48/439 [00:02<00:21, 18.05it/s]
 11%|###6                            | 50/439 [00:02<00:21, 18.29it/s]
 12%|###7                            | 52/439 [00:02<00:20, 18.48it/s]
 12%|###9                            | 54/439 [00:02<00:20, 18.67it/s]
 13%|####                            | 56/439 [00:03<00:20, 18.72it/s]
 13%|####2                           | 58/439 [00:03<00:20, 18.71it/s]
 14%|####3                           | 60/439 [00:03<00:20, 18.80it/s]
 14%|####5                           | 62/439 [00:03<00:19, 18.94it/s]
 15%|####6                           | 64/439 [00:03<00:19, 18.84it/s]
 15%|####8                           | 66/439 [00:03<00:19, 18.84it/s]
 15%|####9                           | 68/439 [00:03<00:19, 18.84it/s]
 16%|#####1                          | 70/439 [00:03<00:19, 18.87it/s]
 16%|#####2                          | 72/439 [00:03<00:19, 18.89it/s]
 17%|#####3                          | 74/439 [00:04<00:19, 18.89it/s]
 17%|#####5                          | 76/439 [00:04<00:19, 18.88it/s]
 18%|#####6                          | 78/439 [00:04<00:19, 18.90it/s]
 18%|#####8                          | 80/439 [00:04<00:18, 18.92it/s]
 19%|#####9                          | 82/439 [00:04<00:18, 18.90it/s]
 19%|######1                         | 84/439 [00:04<00:18, 19.09it/s]
 20%|######2                         | 86/439 [00:04<00:18, 19.06it/s]
 20%|######4                         | 88/439 [00:04<00:18, 18.97it/s]
 21%|######5                         | 90/439 [00:04<00:18, 18.89it/s]
 21%|######7                         | 92/439 [00:04<00:18, 18.96it/s]
 21%|######8                         | 94/439 [00:05<00:18, 18.90it/s]
 22%|######9                         | 96/439 [00:05<00:18, 19.00it/s]
 22%|#######1                        | 98/439 [00:05<00:17, 18.99it/s]
 23%|#######                        | 100/439 [00:05<00:17, 18.96it/s]
 23%|#######2                       | 102/439 [00:05<00:17, 18.93it/s]
 24%|#######3                       | 104/439 [00:05<00:17, 19.06it/s]
 24%|#######4                       | 106/439 [00:05<00:17, 19.04it/s]
 25%|#######6                       | 108/439 [00:05<00:17, 19.07it/s]
 25%|#######7                       | 110/439 [00:05<00:17, 19.03it/s]
 26%|#######9                       | 112/439 [00:06<00:17, 18.95it/s]
 26%|########                       | 114/439 [00:06<00:17, 19.01it/s]
 26%|########1                      | 116/439 [00:06<00:17, 19.00it/s]
 27%|########3                      | 118/439 [00:06<00:16, 19.05it/s]
 27%|########4                      | 120/439 [00:06<00:16, 19.00it/s]
 28%|########6                      | 122/439 [00:06<00:16, 19.00it/s]
 28%|########7                      | 124/439 [00:06<00:16, 19.17it/s]
 29%|########8                      | 126/439 [00:06<00:16, 19.11it/s]
 29%|#########                      | 128/439 [00:06<00:16, 19.12it/s]
 30%|#########1                     | 130/439 [00:06<00:16, 19.12it/s]
 30%|#########3                     | 132/439 [00:07<00:16, 19.11it/s]
 31%|#########4                     | 134/439 [00:07<00:15, 19.17it/s]
 31%|#########6                     | 136/439 [00:07<00:15, 19.06it/s]
 31%|#########7                     | 138/439 [00:07<00:15, 19.02it/s]
 32%|#########8                     | 140/439 [00:07<00:15, 18.93it/s]
 32%|##########                     | 142/439 [00:07<00:15, 18.97it/s]
 33%|##########1                    | 144/439 [00:07<00:15, 19.08it/s]
 33%|##########3                    | 146/439 [00:07<00:15, 19.03it/s]
 34%|##########4                    | 148/439 [00:07<00:15, 19.03it/s]
 34%|##########5                    | 150/439 [00:08<00:15, 18.99it/s]
 35%|##########7                    | 152/439 [00:08<00:15, 19.01it/s]
 35%|##########8                    | 154/439 [00:08<00:15, 18.92it/s]
 36%|###########                    | 156/439 [00:08<00:14, 18.93it/s]
 36%|###########1                   | 158/439 [00:08<00:14, 18.96it/s]
 36%|###########2                   | 160/439 [00:08<00:14, 19.01it/s]
 37%|###########4                   | 162/439 [00:08<00:14, 18.97it/s]
 37%|###########5                   | 164/439 [00:08<00:14, 19.03it/s]
 38%|###########7                   | 166/439 [00:08<00:14, 19.09it/s]
 38%|###########8                   | 168/439 [00:08<00:14, 19.06it/s]
 39%|############                   | 170/439 [00:09<00:14, 18.95it/s]
 39%|############1                  | 172/439 [00:09<00:14, 18.93it/s]
 40%|############2                  | 174/439 [00:09<00:14, 18.87it/s]
 40%|############4                  | 176/439 [00:09<00:13, 18.89it/s]
 41%|############5                  | 178/439 [00:09<00:13, 18.88it/s]
 41%|############7                  | 180/439 [00:09<00:13, 18.95it/s]
 41%|############8                  | 182/439 [00:09<00:13, 19.00it/s]
 42%|############9                  | 184/439 [00:09<00:13, 19.04it/s]
 42%|#############1                 | 186/439 [00:09<00:13, 19.03it/s]
 43%|#############2                 | 188/439 [00:10<00:13, 19.07it/s]
 43%|#############4                 | 190/439 [00:10<00:13, 19.06it/s]
 44%|#############5                 | 192/439 [00:10<00:12, 19.11it/s]
 44%|#############6                 | 194/439 [00:10<00:12, 19.08it/s]
 45%|#############8                 | 196/439 [00:10<00:12, 19.07it/s]
 45%|#############9                 | 198/439 [00:10<00:12, 19.07it/s]
 46%|##############1                | 200/439 [00:10<00:12, 19.05it/s]
 46%|##############2                | 202/439 [00:10<00:12, 19.01it/s]
 46%|##############4                | 204/439 [00:10<00:12, 18.87it/s]
 47%|##############5                | 206/439 [00:10<00:12, 18.89it/s]
 47%|##############6                | 208/439 [00:11<00:12, 18.93it/s]
 48%|##############8                | 210/439 [00:11<00:12, 18.84it/s]
 48%|##############9                | 212/439 [00:11<00:12, 18.89it/s]
 49%|###############1               | 214/439 [00:11<00:11, 18.84it/s]
 49%|###############2               | 216/439 [00:11<00:11, 18.92it/s]
 50%|###############3               | 218/439 [00:11<00:11, 18.99it/s]
 50%|###############5               | 220/439 [00:11<00:11, 18.96it/s]
 51%|###############6               | 222/439 [00:11<00:11, 18.94it/s]
 51%|###############8               | 224/439 [00:11<00:11, 18.85it/s]
 51%|###############9               | 226/439 [00:12<00:11, 18.90it/s]
 52%|################1              | 228/439 [00:12<00:11, 18.87it/s]
 52%|################2              | 230/439 [00:12<00:11, 18.87it/s]
 53%|################3              | 232/439 [00:12<00:10, 18.92it/s]
 53%|################5              | 234/439 [00:12<00:10, 18.96it/s]
 54%|################6              | 236/439 [00:12<00:10, 18.89it/s]
 54%|################8              | 238/439 [00:12<00:10, 18.91it/s]
 55%|################9              | 240/439 [00:12<00:10, 18.94it/s]
 55%|#################              | 242/439 [00:12<00:10, 19.06it/s]
 56%|#################2             | 244/439 [00:12<00:10, 19.13it/s]
 56%|#################3             | 246/439 [00:13<00:10, 18.94it/s]
 56%|#################5             | 248/439 [00:13<00:10, 18.98it/s]
 57%|#################6             | 250/439 [00:13<00:09, 18.99it/s]
 57%|#################7             | 252/439 [00:13<00:09, 18.98it/s]
 58%|#################9             | 254/439 [00:13<00:09, 19.01it/s]
 58%|##################             | 256/439 [00:13<00:09, 18.94it/s]
 59%|##################2            | 258/439 [00:13<00:09, 18.89it/s]
 59%|##################3            | 260/439 [00:13<00:09, 18.95it/s]
 60%|##################5            | 262/439 [00:13<00:09, 18.97it/s]
 60%|##################6            | 264/439 [00:14<00:09, 18.98it/s]
 61%|##################7            | 266/439 [00:14<00:09, 19.16it/s]
 61%|##################9            | 268/439 [00:14<00:08, 19.03it/s]
 62%|###################            | 270/439 [00:14<00:08, 19.01it/s]
 62%|###################2           | 272/439 [00:14<00:08, 19.02it/s]
 62%|###################3           | 274/439 [00:14<00:08, 19.05it/s]
 63%|###################4           | 276/439 [00:14<00:08, 18.95it/s]
 63%|###################6           | 278/439 [00:14<00:08, 18.89it/s]
 64%|###################7           | 280/439 [00:14<00:08, 18.94it/s]
 64%|###################9           | 282/439 [00:14<00:08, 18.88it/s]
 65%|####################           | 284/439 [00:15<00:08, 18.80it/s]
 65%|####################1          | 286/439 [00:15<00:08, 18.85it/s]
 66%|####################3          | 288/439 [00:15<00:08, 18.86it/s]
 66%|####################4          | 290/439 [00:15<00:07, 18.91it/s]
 67%|####################6          | 292/439 [00:15<00:08, 17.72it/s]
 67%|####################7          | 294/439 [00:15<00:08, 18.02it/s]
 67%|####################9          | 296/439 [00:15<00:07, 18.21it/s]
 68%|#####################          | 298/439 [00:15<00:07, 18.42it/s]
 68%|#####################1         | 300/439 [00:15<00:07, 18.61it/s]
 69%|#####################3         | 302/439 [00:16<00:07, 18.56it/s]
 69%|#####################4         | 304/439 [00:16<00:07, 18.66it/s]
 70%|#####################6         | 306/439 [00:16<00:07, 18.83it/s]
 70%|#####################7         | 308/439 [00:16<00:07, 17.86it/s]
 71%|#####################8         | 310/439 [00:16<00:07, 18.10it/s]
 71%|######################         | 312/439 [00:16<00:06, 18.42it/s]
 72%|######################1        | 314/439 [00:16<00:06, 18.68it/s]
 72%|######################3        | 316/439 [00:16<00:06, 18.70it/s]
 72%|######################4        | 318/439 [00:16<00:06, 18.81it/s]
 73%|######################5        | 320/439 [00:17<00:06, 18.86it/s]
 73%|######################7        | 322/439 [00:17<00:06, 18.92it/s]
 74%|######################8        | 324/439 [00:17<00:06, 18.92it/s]
 74%|#######################        | 326/439 [00:17<00:05, 18.92it/s]
 75%|#######################1       | 328/439 [00:17<00:05, 19.01it/s]
 75%|#######################3       | 330/439 [00:17<00:05, 18.86it/s]
 76%|#######################4       | 332/439 [00:17<00:05, 18.73it/s]
 76%|#######################5       | 334/439 [00:17<00:05, 18.81it/s]
 77%|#######################7       | 336/439 [00:17<00:05, 18.76it/s]
 77%|#######################8       | 338/439 [00:17<00:05, 18.83it/s]
 77%|########################       | 340/439 [00:18<00:05, 18.84it/s]
 78%|########################1      | 342/439 [00:18<00:05, 18.95it/s]
 78%|########################2      | 344/439 [00:18<00:04, 19.15it/s]
 79%|########################4      | 346/439 [00:18<00:04, 19.26it/s]
 79%|########################5      | 348/439 [00:18<00:04, 19.20it/s]
 80%|########################7      | 350/439 [00:18<00:04, 19.09it/s]
 80%|########################8      | 352/439 [00:18<00:04, 19.06it/s]
 81%|########################9      | 354/439 [00:18<00:04, 18.98it/s]
 81%|#########################1     | 356/439 [00:18<00:04, 18.77it/s]
 82%|#########################2     | 358/439 [00:19<00:04, 18.77it/s]
 82%|#########################4     | 360/439 [00:19<00:04, 18.85it/s]
 82%|#########################5     | 362/439 [00:19<00:04, 18.90it/s]
 83%|#########################7     | 364/439 [00:19<00:03, 18.96it/s]
 83%|#########################8     | 366/439 [00:19<00:03, 19.01it/s]
 84%|#########################9     | 368/439 [00:19<00:03, 19.01it/s]
 84%|##########################1    | 370/439 [00:19<00:03, 19.01it/s]
 85%|##########################2    | 372/439 [00:19<00:03, 19.01it/s]
 85%|##########################4    | 374/439 [00:19<00:03, 19.02it/s]
 86%|##########################5    | 376/439 [00:19<00:03, 19.01it/s]
 86%|##########################6    | 378/439 [00:20<00:03, 19.11it/s]
 87%|##########################8    | 380/439 [00:20<00:03, 19.11it/s]
 87%|##########################9    | 382/439 [00:20<00:02, 19.14it/s]
 87%|###########################1   | 384/439 [00:20<00:02, 19.07it/s]
 88%|###########################2   | 386/439 [00:20<00:02, 19.09it/s]
 88%|###########################3   | 388/439 [00:20<00:02, 19.06it/s]
 89%|###########################5   | 390/439 [00:20<00:02, 19.07it/s]
 89%|###########################6   | 392/439 [00:20<00:02, 19.04it/s]
 90%|###########################8   | 394/439 [00:20<00:02, 19.04it/s]
 90%|###########################9   | 396/439 [00:21<00:02, 19.05it/s]
 91%|############################1  | 398/439 [00:21<00:02, 19.05it/s]
 91%|############################2  | 400/439 [00:21<00:02, 19.09it/s]
 92%|############################3  | 402/439 [00:21<00:01, 19.08it/s]
 92%|############################5  | 404/439 [00:21<00:01, 18.91it/s]
 92%|############################6  | 406/439 [00:21<00:01, 19.05it/s]
 93%|############################8  | 408/439 [00:21<00:01, 18.92it/s]
 93%|############################9  | 410/439 [00:21<00:01, 18.87it/s]
 94%|#############################  | 412/439 [00:21<00:01, 18.86it/s]
 94%|#############################2 | 414/439 [00:21<00:01, 17.94it/s]
 95%|#############################3 | 416/439 [00:22<00:01, 17.18it/s]
 95%|#############################5 | 418/439 [00:22<00:01, 17.66it/s]
 96%|#############################6 | 420/439 [00:22<00:01, 17.87it/s]
 96%|#############################7 | 422/439 [00:22<00:00, 18.13it/s]
 97%|#############################9 | 424/439 [00:22<00:00, 18.45it/s]
 97%|############################## | 426/439 [00:22<00:00, 18.54it/s]
 97%|##############################2| 428/439 [00:22<00:00, 18.65it/s]
 98%|##############################3| 430/439 [00:22<00:00, 18.63it/s]
 98%|##############################5| 432/439 [00:22<00:00, 18.80it/s]
 99%|##############################6| 434/439 [00:23<00:00, 18.89it/s]
 99%|##############################7| 436/439 [00:23<00:00, 18.91it/s]
100%|##############################9| 438/439 [00:23<00:00, 18.85it/s]
100%|###############################| 439/439 [00:23<00:00, 18.81it/s]
[SEAL Epoch 3] loss=0.5769

[SEAL Epoch 4/20] Run 1/1 - training...

  0%|                                         | 0/439 [00:00<?, ?it/s]
  0%|1                                | 2/439 [00:00<00:25, 17.47it/s]
  1%|3                                | 4/439 [00:00<00:24, 17.90it/s]
  1%|4                                | 6/439 [00:00<00:24, 18.04it/s]
  2%|6                                | 8/439 [00:00<00:23, 18.42it/s]
  2%|7                               | 10/439 [00:00<00:23, 18.62it/s]
  3%|8                               | 12/439 [00:00<00:22, 18.79it/s]
  3%|#                               | 14/439 [00:00<00:22, 18.81it/s]
  4%|#1                              | 16/439 [00:00<00:22, 18.84it/s]
  4%|#3                              | 18/439 [00:00<00:22, 18.87it/s]
  5%|#4                              | 20/439 [00:01<00:22, 18.90it/s]
  5%|#6                              | 22/439 [00:01<00:21, 18.96it/s]
  5%|#7                              | 24/439 [00:01<00:21, 18.89it/s]
  6%|#8                              | 26/439 [00:01<00:21, 18.78it/s]
  6%|##                              | 28/439 [00:01<00:21, 18.91it/s]
  7%|##1                             | 30/439 [00:01<00:22, 18.10it/s]
  7%|##3                             | 32/439 [00:01<00:22, 18.34it/s]
  8%|##4                             | 34/439 [00:01<00:21, 18.43it/s]
  8%|##6                             | 36/439 [00:01<00:21, 18.61it/s]
  9%|##7                             | 38/439 [00:02<00:21, 18.68it/s]
  9%|##9                             | 40/439 [00:02<00:21, 18.77it/s]
 10%|###                             | 42/439 [00:02<00:21, 18.79it/s]
 10%|###2                            | 44/439 [00:02<00:20, 18.86it/s]
 10%|###3                            | 46/439 [00:02<00:20, 18.93it/s]
 11%|###4                            | 48/439 [00:02<00:21, 17.79it/s]
 11%|###6                            | 50/439 [00:02<00:21, 18.12it/s]
 12%|###7                            | 52/439 [00:02<00:20, 18.51it/s]
 12%|###9                            | 54/439 [00:02<00:20, 18.68it/s]
 13%|####                            | 56/439 [00:03<00:20, 18.71it/s]
 13%|####2                           | 58/439 [00:03<00:20, 18.79it/s]
 14%|####3                           | 60/439 [00:03<00:20, 18.95it/s]
 14%|####5                           | 62/439 [00:03<00:20, 18.83it/s]
 15%|####6                           | 64/439 [00:03<00:20, 18.74it/s]
 15%|####8                           | 66/439 [00:03<00:19, 18.89it/s]
 15%|####9                           | 68/439 [00:03<00:19, 18.83it/s]
 16%|#####1                          | 70/439 [00:03<00:19, 18.84it/s]
 16%|#####2                          | 72/439 [00:03<00:19, 18.81it/s]
 17%|#####3                          | 74/439 [00:03<00:19, 18.83it/s]
 17%|#####5                          | 76/439 [00:04<00:19, 18.76it/s]
 18%|#####6                          | 78/439 [00:04<00:19, 18.67it/s]
 18%|#####8                          | 80/439 [00:04<00:19, 18.77it/s]
 19%|#####9                          | 82/439 [00:04<00:19, 18.74it/s]
 19%|######1                         | 84/439 [00:04<00:18, 18.84it/s]
 20%|######2                         | 86/439 [00:04<00:18, 18.80it/s]
 20%|######4                         | 88/439 [00:04<00:18, 18.88it/s]
 21%|######5                         | 90/439 [00:04<00:18, 18.78it/s]
 21%|######7                         | 92/439 [00:04<00:18, 18.85it/s]
 21%|######8                         | 94/439 [00:05<00:18, 18.80it/s]
 22%|######9                         | 96/439 [00:05<00:18, 18.78it/s]
 22%|#######1                        | 98/439 [00:05<00:18, 18.82it/s]
 23%|#######                        | 100/439 [00:05<00:18, 18.73it/s]
 23%|#######2                       | 102/439 [00:05<00:18, 18.69it/s]
 24%|#######3                       | 104/439 [00:05<00:17, 18.76it/s]
 24%|#######4                       | 106/439 [00:05<00:17, 18.92it/s]
 25%|#######6                       | 108/439 [00:05<00:17, 18.92it/s]
 25%|#######7                       | 110/439 [00:05<00:17, 18.90it/s]
 26%|#######9                       | 112/439 [00:05<00:17, 18.81it/s]
 26%|########                       | 114/439 [00:06<00:17, 18.83it/s]
 26%|########1                      | 116/439 [00:06<00:17, 18.83it/s]
 27%|########3                      | 118/439 [00:06<00:17, 18.85it/s]
 27%|########4                      | 120/439 [00:06<00:16, 18.80it/s]
 28%|########6                      | 122/439 [00:06<00:16, 18.80it/s]
 28%|########7                      | 124/439 [00:06<00:16, 18.83it/s]
 29%|########8                      | 126/439 [00:06<00:16, 18.92it/s]
 29%|#########                      | 128/439 [00:06<00:16, 18.90it/s]
 30%|#########1                     | 130/439 [00:06<00:16, 18.84it/s]
 30%|#########3                     | 132/439 [00:07<00:16, 18.84it/s]
 31%|#########4                     | 134/439 [00:07<00:16, 18.84it/s]
 31%|#########6                     | 136/439 [00:07<00:16, 18.76it/s]
 31%|#########7                     | 138/439 [00:07<00:16, 18.74it/s]
 32%|#########8                     | 140/439 [00:07<00:15, 18.80it/s]
 32%|##########                     | 142/439 [00:08<00:45,  6.49it/s]
 33%|##########1                    | 144/439 [00:08<00:37,  7.88it/s]
 33%|##########3                    | 146/439 [00:08<00:30,  9.51it/s]
 34%|##########4                    | 148/439 [00:08<00:26, 10.86it/s]
 34%|##########5                    | 150/439 [00:08<00:23, 12.47it/s]
 35%|##########7                    | 152/439 [00:08<00:20, 13.92it/s]
 35%|##########8                    | 154/439 [00:08<00:18, 15.08it/s]
 36%|###########                    | 156/439 [00:09<00:17, 15.97it/s]
 36%|###########1                   | 158/439 [00:09<00:17, 16.10it/s]
 36%|###########2                   | 160/439 [00:09<00:16, 16.85it/s]
 37%|###########4                   | 162/439 [00:09<00:15, 17.35it/s]
 37%|###########5                   | 164/439 [00:09<00:15, 17.79it/s]
 38%|###########7                   | 166/439 [00:09<00:15, 18.13it/s]
 38%|###########8                   | 168/439 [00:09<00:14, 18.28it/s]
 39%|############                   | 170/439 [00:09<00:14, 18.52it/s]
 39%|############1                  | 172/439 [00:09<00:14, 18.55it/s]
 40%|############2                  | 174/439 [00:10<00:14, 18.69it/s]
 40%|############4                  | 176/439 [00:10<00:14, 18.78it/s]
 41%|############5                  | 178/439 [00:10<00:13, 18.78it/s]
 41%|############7                  | 180/439 [00:10<00:13, 18.73it/s]
 41%|############8                  | 182/439 [00:10<00:13, 18.75it/s]
 42%|############9                  | 184/439 [00:10<00:13, 18.72it/s]
 42%|#############1                 | 186/439 [00:10<00:13, 18.72it/s]
 43%|#############2                 | 188/439 [00:10<00:13, 18.77it/s]
 43%|#############4                 | 190/439 [00:10<00:13, 18.78it/s]
 44%|#############5                 | 192/439 [00:10<00:13, 18.80it/s]
 44%|#############6                 | 194/439 [00:11<00:13, 18.84it/s]
 45%|#############8                 | 196/439 [00:11<00:12, 18.87it/s]
 45%|#############9                 | 198/439 [00:11<00:12, 18.83it/s]
 46%|##############1                | 200/439 [00:11<00:13, 17.72it/s]
 46%|##############2                | 202/439 [00:11<00:13, 18.15it/s]
 46%|##############4                | 204/439 [00:11<00:12, 18.35it/s]
 47%|##############5                | 206/439 [00:11<00:12, 18.45it/s]
 47%|##############6                | 208/439 [00:11<00:12, 18.48it/s]
 48%|##############8                | 210/439 [00:11<00:12, 18.69it/s]
 48%|##############9                | 212/439 [00:12<00:12, 18.71it/s]
 49%|###############1               | 214/439 [00:12<00:11, 18.77it/s]
 49%|###############2               | 216/439 [00:12<00:11, 18.78it/s]
 50%|###############3               | 218/439 [00:12<00:11, 18.75it/s]
 50%|###############5               | 220/439 [00:12<00:11, 18.81it/s]
 51%|###############6               | 222/439 [00:12<00:11, 18.81it/s]
 51%|###############8               | 224/439 [00:12<00:11, 18.92it/s]
 51%|###############9               | 226/439 [00:12<00:11, 18.91it/s]
 52%|################1              | 228/439 [00:12<00:11, 18.90it/s]
 52%|################2              | 230/439 [00:13<00:11, 18.79it/s]
 53%|################3              | 232/439 [00:13<00:10, 18.88it/s]
 53%|################5              | 234/439 [00:13<00:10, 18.99it/s]
 54%|################6              | 236/439 [00:13<00:10, 19.04it/s]
 54%|################8              | 238/439 [00:13<00:10, 19.08it/s]
 55%|################9              | 240/439 [00:13<00:10, 19.11it/s]
 55%|#################              | 242/439 [00:13<00:10, 19.04it/s]
 56%|#################2             | 244/439 [00:13<00:10, 18.01it/s]
 56%|#################3             | 246/439 [00:13<00:10, 18.37it/s]
 56%|#################5             | 248/439 [00:13<00:10, 18.50it/s]
 57%|#################6             | 250/439 [00:14<00:10, 18.63it/s]
 57%|#################7             | 252/439 [00:14<00:09, 18.71it/s]
 58%|#################9             | 254/439 [00:14<00:09, 18.88it/s]
 58%|##################             | 256/439 [00:14<00:10, 17.91it/s]
 59%|##################2            | 258/439 [00:14<00:09, 18.22it/s]
 59%|##################3            | 260/439 [00:14<00:09, 18.36it/s]
 60%|##################5            | 262/439 [00:14<00:09, 18.41it/s]
 60%|##################6            | 264/439 [00:14<00:09, 18.62it/s]
 61%|##################7            | 266/439 [00:14<00:09, 17.59it/s]
 61%|##################9            | 268/439 [00:15<00:09, 17.98it/s]
 62%|###################            | 270/439 [00:15<00:09, 18.23it/s]
 62%|###################2           | 272/439 [00:15<00:09, 18.33it/s]
 62%|###################3           | 274/439 [00:15<00:08, 18.52it/s]
 63%|###################4           | 276/439 [00:15<00:08, 18.58it/s]
 63%|###################6           | 278/439 [00:15<00:08, 18.74it/s]
 64%|###################7           | 280/439 [00:15<00:08, 18.83it/s]
 64%|###################9           | 282/439 [00:15<00:08, 18.82it/s]
 65%|####################           | 284/439 [00:15<00:08, 18.88it/s]
 65%|####################1          | 286/439 [00:16<00:08, 19.02it/s]
 66%|####################3          | 288/439 [00:16<00:07, 18.92it/s]
 66%|####################4          | 290/439 [00:16<00:07, 18.82it/s]
 67%|####################6          | 292/439 [00:16<00:07, 18.86it/s]
 67%|####################7          | 294/439 [00:16<00:07, 18.79it/s]
 67%|####################9          | 296/439 [00:16<00:07, 18.75it/s]
 68%|#####################          | 298/439 [00:16<00:07, 18.76it/s]
 68%|#####################1         | 300/439 [00:16<00:07, 18.69it/s]
 69%|#####################3         | 302/439 [00:16<00:07, 18.65it/s]
 69%|#####################4         | 304/439 [00:16<00:07, 18.65it/s]
 70%|#####################6         | 306/439 [00:17<00:07, 18.68it/s]
 70%|#####################7         | 308/439 [00:17<00:06, 18.75it/s]
 71%|#####################8         | 310/439 [00:17<00:06, 18.76it/s]
 71%|######################         | 312/439 [00:17<00:06, 18.78it/s]
 72%|######################1        | 314/439 [00:17<00:06, 18.86it/s]
 72%|######################3        | 316/439 [00:17<00:06, 18.70it/s]
 72%|######################4        | 318/439 [00:17<00:06, 18.66it/s]
 73%|######################5        | 320/439 [00:17<00:06, 18.63it/s]
 73%|######################7        | 322/439 [00:17<00:06, 18.66it/s]
 74%|######################8        | 324/439 [00:18<00:06, 18.74it/s]
 74%|#######################        | 326/439 [00:18<00:06, 18.74it/s]
 75%|#######################1       | 328/439 [00:18<00:05, 18.70it/s]
 75%|#######################3       | 330/439 [00:18<00:05, 18.77it/s]
 76%|#######################4       | 332/439 [00:18<00:05, 18.79it/s]
 76%|#######################5       | 334/439 [00:18<00:05, 18.72it/s]
 77%|#######################7       | 336/439 [00:18<00:05, 18.48it/s]
 77%|#######################8       | 338/439 [00:18<00:05, 18.52it/s]
 77%|########################       | 340/439 [00:18<00:05, 18.58it/s]
 78%|########################1      | 342/439 [00:19<00:05, 18.58it/s]
 78%|########################2      | 344/439 [00:19<00:05, 18.54it/s]
 79%|########################4      | 346/439 [00:19<00:04, 18.74it/s]
 79%|########################5      | 348/439 [00:19<00:04, 18.68it/s]
 80%|########################7      | 350/439 [00:19<00:04, 18.68it/s]
 80%|########################8      | 352/439 [00:19<00:04, 18.71it/s]
 81%|########################9      | 354/439 [00:19<00:04, 18.77it/s]
 81%|#########################1     | 356/439 [00:19<00:04, 18.84it/s]
 82%|#########################2     | 358/439 [00:19<00:04, 18.68it/s]
 82%|#########################4     | 360/439 [00:19<00:04, 18.75it/s]
 82%|#########################5     | 362/439 [00:20<00:04, 18.75it/s]
 83%|#########################7     | 364/439 [00:20<00:03, 18.87it/s]
 83%|#########################8     | 366/439 [00:20<00:03, 18.81it/s]
 84%|#########################9     | 368/439 [00:20<00:03, 18.81it/s]
 84%|##########################1    | 370/439 [00:20<00:03, 17.88it/s]
 85%|##########################2    | 372/439 [00:20<00:03, 18.14it/s]
 85%|##########################4    | 374/439 [00:20<00:03, 18.30it/s]
 86%|##########################5    | 376/439 [00:20<00:03, 18.48it/s]
 86%|##########################6    | 378/439 [00:20<00:03, 18.57it/s]
 87%|##########################8    | 380/439 [00:21<00:03, 18.42it/s]
 87%|##########################9    | 382/439 [00:21<00:03, 18.48it/s]
 87%|###########################1   | 384/439 [00:21<00:02, 18.57it/s]
 88%|###########################2   | 386/439 [00:21<00:03, 17.53it/s]
 88%|###########################3   | 388/439 [00:21<00:02, 17.88it/s]
 89%|###########################5   | 390/439 [00:21<00:02, 18.07it/s]
 89%|###########################6   | 392/439 [00:21<00:02, 18.26it/s]
 90%|###########################8   | 394/439 [00:21<00:02, 18.48it/s]
 90%|###########################9   | 396/439 [00:21<00:02, 18.56it/s]
 91%|############################1  | 398/439 [00:22<00:02, 18.67it/s]
 91%|############################2  | 400/439 [00:22<00:02, 18.61it/s]
 92%|############################3  | 402/439 [00:22<00:01, 18.61it/s]
 92%|############################5  | 404/439 [00:22<00:01, 18.72it/s]
 92%|############################6  | 406/439 [00:22<00:01, 18.70it/s]
 93%|############################8  | 408/439 [00:22<00:01, 18.69it/s]
 93%|############################9  | 410/439 [00:22<00:01, 18.77it/s]
 94%|#############################  | 412/439 [00:22<00:01, 18.77it/s]
 94%|#############################2 | 414/439 [00:22<00:01, 18.76it/s]
 95%|#############################3 | 416/439 [00:23<00:01, 18.72it/s]
 95%|#############################5 | 418/439 [00:23<00:01, 18.69it/s]
 96%|#############################6 | 420/439 [00:23<00:01, 18.68it/s]
 96%|#############################7 | 422/439 [00:23<00:00, 18.46it/s]
 97%|#############################9 | 424/439 [00:23<00:00, 18.43it/s]
 97%|############################## | 426/439 [00:23<00:00, 17.72it/s]
 97%|##############################2| 428/439 [00:23<00:00, 18.01it/s]
 98%|##############################3| 430/439 [00:23<00:00, 17.28it/s]
 98%|##############################5| 432/439 [00:23<00:00, 16.81it/s]
 99%|##############################6| 434/439 [00:24<00:00, 17.19it/s]
 99%|##############################7| 436/439 [00:24<00:00, 16.90it/s]
100%|##############################9| 438/439 [00:24<00:00, 17.40it/s]
100%|###############################| 439/439 [00:24<00:00, 18.06it/s]
[SEAL Epoch 4] loss=0.5704

[SEAL Epoch 5/20] Run 1/1 - training...

  0%|                                         | 0/439 [00:00<?, ?it/s]
  0%|1                                | 2/439 [00:00<00:31, 14.00it/s]
  1%|3                                | 4/439 [00:00<00:26, 16.22it/s]
  1%|4                                | 6/439 [00:00<00:25, 17.26it/s]
  2%|6                                | 8/439 [00:00<00:24, 17.87it/s]
  2%|7                               | 10/439 [00:00<00:23, 18.22it/s]
  3%|8                               | 12/439 [00:00<00:23, 18.47it/s]
  3%|#                               | 14/439 [00:00<00:22, 18.68it/s]
  4%|#1                              | 16/439 [00:00<00:22, 18.62it/s]
  4%|#3                              | 18/439 [00:00<00:22, 18.69it/s]
  5%|#4                              | 20/439 [00:01<00:22, 18.68it/s]
  5%|#6                              | 22/439 [00:01<00:22, 18.86it/s]
  5%|#7                              | 24/439 [00:01<00:21, 18.99it/s]
  6%|#8                              | 26/439 [00:01<00:23, 17.89it/s]
  6%|##                              | 28/439 [00:01<00:22, 18.17it/s]
  7%|##1                             | 30/439 [00:01<00:22, 18.37it/s]
  7%|##3                             | 32/439 [00:01<00:21, 18.56it/s]
  8%|##4                             | 34/439 [00:01<00:21, 18.66it/s]
  8%|##6                             | 36/439 [00:01<00:21, 18.85it/s]
  9%|##7                             | 38/439 [00:02<00:21, 18.92it/s]
  9%|##9                             | 40/439 [00:02<00:21, 18.92it/s]
 10%|###                             | 42/439 [00:02<00:20, 18.93it/s]
 10%|###2                            | 44/439 [00:02<00:20, 19.01it/s]
 10%|###3                            | 46/439 [00:02<00:20, 18.99it/s]
 11%|###4                            | 48/439 [00:02<00:20, 19.14it/s]
 11%|###6                            | 50/439 [00:02<00:20, 19.03it/s]
 12%|###7                            | 52/439 [00:02<00:20, 18.95it/s]
 12%|###9                            | 54/439 [00:02<00:20, 18.98it/s]
 13%|####                            | 56/439 [00:03<00:20, 18.92it/s]
 13%|####2                           | 58/439 [00:03<00:20, 18.87it/s]
 14%|####3                           | 60/439 [00:03<00:20, 18.76it/s]
 14%|####5                           | 62/439 [00:03<00:20, 18.76it/s]
 15%|####6                           | 64/439 [00:03<00:19, 18.82it/s]
 15%|####8                           | 66/439 [00:03<00:19, 18.74it/s]
 15%|####9                           | 68/439 [00:03<00:19, 18.82it/s]
 16%|#####1                          | 70/439 [00:03<00:19, 18.61it/s]
 16%|#####2                          | 72/439 [00:03<00:19, 18.65it/s]
 17%|#####3                          | 74/439 [00:03<00:19, 18.63it/s]
 17%|#####5                          | 76/439 [00:04<00:19, 18.56it/s]
 18%|#####6                          | 78/439 [00:04<00:19, 18.58it/s]
 18%|#####8                          | 80/439 [00:04<00:19, 18.66it/s]
 19%|#####9                          | 82/439 [00:04<00:19, 18.63it/s]
 19%|######1                         | 84/439 [00:04<00:19, 18.66it/s]
 20%|######2                         | 86/439 [00:04<00:18, 18.58it/s]
 20%|######4                         | 88/439 [00:04<00:18, 18.62it/s]
 21%|######5                         | 90/439 [00:04<00:18, 18.62it/s]
 21%|######7                         | 92/439 [00:04<00:18, 18.65it/s]
 21%|######8                         | 94/439 [00:05<00:18, 18.68it/s]
 22%|######9                         | 96/439 [00:05<00:18, 18.67it/s]
 22%|#######1                        | 98/439 [00:05<00:18, 18.68it/s]
 23%|#######                        | 100/439 [00:05<00:18, 18.65it/s]
 23%|#######2                       | 102/439 [00:05<00:17, 18.77it/s]
 24%|#######3                       | 104/439 [00:05<00:17, 18.77it/s]
 24%|#######4                       | 106/439 [00:05<00:17, 18.78it/s]
 25%|#######6                       | 108/439 [00:05<00:17, 18.69it/s]
 25%|#######7                       | 110/439 [00:05<00:17, 18.71it/s]
 26%|#######9                       | 112/439 [00:06<00:17, 18.58it/s]
 26%|########                       | 114/439 [00:06<00:17, 18.61it/s]
 26%|########1                      | 116/439 [00:06<00:17, 18.59it/s]
 27%|########3                      | 118/439 [00:06<00:17, 18.74it/s]
 27%|########4                      | 120/439 [00:06<00:16, 18.82it/s]
 28%|########6                      | 122/439 [00:06<00:16, 18.75it/s]
 28%|########7                      | 124/439 [00:06<00:16, 18.71it/s]
 29%|########8                      | 126/439 [00:06<00:16, 18.77it/s]
 29%|#########                      | 128/439 [00:06<00:16, 18.78it/s]
 30%|#########1                     | 130/439 [00:06<00:16, 18.76it/s]
 30%|#########3                     | 132/439 [00:07<00:16, 18.80it/s]
 31%|#########4                     | 134/439 [00:07<00:16, 18.85it/s]
 31%|#########6                     | 136/439 [00:07<00:16, 18.91it/s]
 31%|#########7                     | 138/439 [00:07<00:15, 19.07it/s]
 32%|#########8                     | 140/439 [00:07<00:15, 19.05it/s]
 32%|##########                     | 142/439 [00:07<00:15, 18.97it/s]
 33%|##########1                    | 144/439 [00:07<00:15, 18.98it/s]
 33%|##########3                    | 146/439 [00:07<00:15, 19.01it/s]
 34%|##########4                    | 148/439 [00:07<00:15, 18.96it/s]
 34%|##########5                    | 150/439 [00:08<00:15, 18.94it/s]
 35%|##########7                    | 152/439 [00:08<00:15, 18.90it/s]
 35%|##########8                    | 154/439 [00:08<00:15, 18.98it/s]
 36%|###########                    | 156/439 [00:08<00:15, 18.72it/s]
 36%|###########1                   | 158/439 [00:08<00:15, 18.52it/s]
 36%|###########2                   | 160/439 [00:08<00:14, 18.67it/s]
 37%|###########4                   | 162/439 [00:08<00:14, 18.76it/s]
 37%|###########5                   | 164/439 [00:08<00:14, 18.75it/s]
 38%|###########7                   | 166/439 [00:08<00:15, 17.60it/s]
 38%|###########8                   | 168/439 [00:09<00:15, 17.89it/s]
 39%|############                   | 170/439 [00:09<00:14, 18.16it/s]
 39%|############1                  | 172/439 [00:09<00:14, 18.41it/s]
 40%|############2                  | 174/439 [00:09<00:14, 18.64it/s]
 40%|############4                  | 176/439 [00:09<00:13, 18.80it/s]
 41%|############5                  | 178/439 [00:09<00:13, 18.72it/s]
 41%|############7                  | 180/439 [00:09<00:13, 18.95it/s]
 41%|############8                  | 182/439 [00:09<00:13, 19.02it/s]
 42%|############9                  | 184/439 [00:09<00:13, 19.08it/s]
 42%|#############1                 | 186/439 [00:09<00:13, 18.96it/s]
 43%|#############2                 | 188/439 [00:10<00:13, 18.95it/s]
 43%|#############4                 | 190/439 [00:10<00:13, 18.94it/s]
 44%|#############5                 | 192/439 [00:10<00:13, 18.99it/s]
 44%|#############6                 | 194/439 [00:10<00:12, 19.01it/s]
 45%|#############8                 | 196/439 [00:10<00:12, 18.95it/s]
 45%|#############9                 | 198/439 [00:10<00:12, 18.66it/s]
 46%|##############1                | 200/439 [00:10<00:12, 18.60it/s]
 46%|##############2                | 202/439 [00:10<00:12, 18.54it/s]
 46%|##############4                | 204/439 [00:10<00:13, 17.69it/s]
 47%|##############5                | 206/439 [00:11<00:13, 17.37it/s]
 47%|##############6                | 208/439 [00:11<00:13, 16.91it/s]
 48%|##############8                | 210/439 [00:11<00:13, 17.36it/s]
 48%|##############9                | 212/439 [00:11<00:12, 17.87it/s]
 49%|###############1               | 214/439 [00:11<00:12, 18.26it/s]
 49%|###############2               | 216/439 [00:11<00:12, 18.55it/s]
 50%|###############3               | 218/439 [00:11<00:11, 18.78it/s]
 50%|###############5               | 220/439 [00:11<00:11, 18.82it/s]
 51%|###############6               | 222/439 [00:11<00:11, 18.82it/s]
 51%|###############8               | 224/439 [00:12<00:11, 18.96it/s]
 51%|###############9               | 226/439 [00:12<00:11, 18.94it/s]
 52%|################1              | 228/439 [00:12<00:11, 19.00it/s]
 52%|################2              | 230/439 [00:12<00:11, 18.90it/s]
 53%|################3              | 232/439 [00:12<00:10, 18.93it/s]
 53%|################5              | 234/439 [00:12<00:10, 18.97it/s]
 54%|################6              | 236/439 [00:12<00:10, 18.96it/s]
 54%|################8              | 238/439 [00:12<00:10, 19.07it/s]
 55%|################9              | 240/439 [00:12<00:10, 18.95it/s]
 55%|#################              | 242/439 [00:12<00:10, 18.62it/s]
 56%|#################2             | 244/439 [00:13<00:10, 18.63it/s]
 56%|#################3             | 246/439 [00:13<00:10, 18.66it/s]
 56%|#################5             | 248/439 [00:13<00:10, 18.74it/s]
 57%|#################6             | 250/439 [00:13<00:10, 18.76it/s]
 57%|#################7             | 252/439 [00:13<00:09, 18.75it/s]
 58%|#################9             | 254/439 [00:13<00:09, 18.76it/s]
 58%|##################             | 256/439 [00:13<00:09, 18.81it/s]
 59%|##################2            | 258/439 [00:13<00:09, 18.82it/s]
 59%|##################3            | 260/439 [00:13<00:09, 18.81it/s]
 60%|##################5            | 262/439 [00:14<00:09, 18.79it/s]
 60%|##################6            | 264/439 [00:14<00:09, 18.80it/s]
 61%|##################7            | 266/439 [00:14<00:09, 17.88it/s]
 61%|##################9            | 268/439 [00:14<00:09, 18.31it/s]
 62%|###################            | 270/439 [00:14<00:09, 18.54it/s]
 62%|###################2           | 272/439 [00:14<00:08, 18.64it/s]
 62%|###################3           | 274/439 [00:14<00:08, 18.69it/s]
 63%|###################4           | 276/439 [00:14<00:08, 18.81it/s]
 63%|###################6           | 278/439 [00:14<00:08, 18.69it/s]
 64%|###################7           | 280/439 [00:15<00:08, 18.75it/s]
 64%|###################9           | 282/439 [00:15<00:08, 18.88it/s]
 65%|####################           | 284/439 [00:15<00:08, 18.69it/s]
 65%|####################1          | 286/439 [00:15<00:08, 17.72it/s]
 66%|####################3          | 288/439 [00:15<00:08, 17.98it/s]
 66%|####################4          | 290/439 [00:15<00:08, 18.14it/s]
 67%|####################6          | 292/439 [00:15<00:08, 18.29it/s]
 67%|####################7          | 294/439 [00:15<00:07, 18.27it/s]
 67%|####################9          | 296/439 [00:15<00:08, 16.91it/s]
 68%|#####################          | 298/439 [00:16<00:08, 17.46it/s]
 68%|#####################1         | 300/439 [00:16<00:07, 17.76it/s]
 69%|#####################3         | 302/439 [00:16<00:07, 18.07it/s]
 69%|#####################4         | 304/439 [00:16<00:07, 17.18it/s]
 70%|#####################6         | 306/439 [00:16<00:07, 17.64it/s]
 70%|#####################7         | 308/439 [00:16<00:07, 17.97it/s]
 71%|#####################8         | 310/439 [00:16<00:07, 18.22it/s]
 71%|######################         | 312/439 [00:16<00:06, 18.36it/s]
 72%|######################1        | 314/439 [00:16<00:06, 18.43it/s]
 72%|######################3        | 316/439 [00:17<00:06, 18.59it/s]
 72%|######################4        | 318/439 [00:17<00:06, 18.66it/s]
 73%|######################5        | 320/439 [00:17<00:06, 18.75it/s]
 73%|######################7        | 322/439 [00:17<00:06, 18.78it/s]
 74%|######################8        | 324/439 [00:17<00:06, 18.87it/s]
 74%|#######################        | 326/439 [00:17<00:05, 18.95it/s]
 75%|#######################1       | 328/439 [00:17<00:05, 18.68it/s]
 75%|#######################3       | 330/439 [00:17<00:05, 18.76it/s]
 76%|#######################4       | 332/439 [00:17<00:05, 18.71it/s]
 76%|#######################5       | 334/439 [00:17<00:05, 18.83it/s]
 77%|#######################7       | 336/439 [00:18<00:05, 18.83it/s]
 77%|#######################8       | 338/439 [00:18<00:05, 18.83it/s]
 77%|########################       | 340/439 [00:18<00:05, 18.87it/s]
 78%|########################1      | 342/439 [00:18<00:05, 18.83it/s]
 78%|########################2      | 344/439 [00:18<00:05, 18.75it/s]
 79%|########################4      | 346/439 [00:18<00:04, 18.60it/s]
 79%|########################5      | 348/439 [00:18<00:04, 18.50it/s]
 80%|########################7      | 350/439 [00:18<00:04, 18.62it/s]
 80%|########################8      | 352/439 [00:18<00:04, 18.57it/s]
 81%|########################9      | 354/439 [00:19<00:04, 18.55it/s]
 81%|#########################1     | 356/439 [00:19<00:04, 18.63it/s]
 82%|#########################2     | 358/439 [00:19<00:04, 17.70it/s]
 82%|#########################4     | 360/439 [00:19<00:04, 18.05it/s]
 82%|#########################5     | 362/439 [00:19<00:04, 18.32it/s]
 83%|#########################7     | 364/439 [00:19<00:04, 18.51it/s]
 83%|#########################8     | 366/439 [00:19<00:03, 18.54it/s]
 84%|#########################9     | 368/439 [00:19<00:04, 17.71it/s]
 84%|##########################1    | 370/439 [00:19<00:03, 17.84it/s]
 85%|##########################2    | 372/439 [00:20<00:03, 17.02it/s]
 85%|##########################4    | 374/439 [00:20<00:03, 17.48it/s]
 86%|##########################5    | 376/439 [00:20<00:03, 17.85it/s]
 86%|##########################6    | 378/439 [00:20<00:03, 18.07it/s]
 87%|##########################8    | 380/439 [00:20<00:03, 18.32it/s]
 87%|##########################9    | 382/439 [00:20<00:03, 18.46it/s]
 87%|###########################1   | 384/439 [00:20<00:02, 18.75it/s]
 88%|###########################2   | 386/439 [00:20<00:02, 18.94it/s]
 88%|###########################3   | 388/439 [00:20<00:02, 19.00it/s]
 89%|###########################5   | 390/439 [00:21<00:02, 18.94it/s]
 89%|###########################6   | 392/439 [00:21<00:02, 18.95it/s]
 90%|###########################8   | 394/439 [00:21<00:02, 19.06it/s]
 90%|###########################9   | 396/439 [00:21<00:02, 18.98it/s]
 91%|############################1  | 398/439 [00:21<00:02, 18.97it/s]
 91%|############################2  | 400/439 [00:21<00:02, 18.96it/s]
 92%|############################3  | 402/439 [00:21<00:01, 18.86it/s]
 92%|############################5  | 404/439 [00:21<00:01, 18.83it/s]
 92%|############################6  | 406/439 [00:21<00:01, 18.84it/s]
 93%|############################8  | 408/439 [00:21<00:01, 18.97it/s]
 93%|############################9  | 410/439 [00:22<00:01, 18.72it/s]
 94%|#############################  | 412/439 [00:22<00:01, 19.04it/s]
 94%|#############################2 | 414/439 [00:22<00:01, 19.01it/s]
 95%|#############################3 | 416/439 [00:22<00:01, 19.04it/s]
 95%|#############################5 | 418/439 [00:22<00:01, 18.90it/s]
 96%|#############################6 | 420/439 [00:22<00:01, 18.70it/s]
 96%|#############################7 | 422/439 [00:22<00:00, 18.63it/s]
 97%|#############################9 | 424/439 [00:22<00:00, 18.71it/s]
 97%|############################## | 426/439 [00:22<00:00, 18.82it/s]
 97%|##############################2| 428/439 [00:23<00:00, 18.86it/s]
 98%|##############################3| 430/439 [00:23<00:00, 18.74it/s]
 98%|##############################5| 432/439 [00:23<00:00, 18.87it/s]
 99%|##############################6| 434/439 [00:23<00:00, 18.88it/s]
 99%|##############################7| 436/439 [00:23<00:00, 18.88it/s]
100%|##############################9| 438/439 [00:23<00:00, 18.77it/s]
100%|###############################| 439/439 [00:23<00:00, 18.59it/s]
[SEAL Epoch 5] loss=0.5659

[SEAL Epoch 6/20] Run 1/1 - training...

  0%|                                         | 0/439 [00:00<?, ?it/s]
  0%|1                                | 2/439 [00:00<00:29, 14.83it/s]
  1%|3                                | 4/439 [00:00<00:25, 16.92it/s]
  1%|4                                | 6/439 [00:00<00:24, 17.68it/s]
  2%|6                                | 8/439 [00:00<00:23, 18.17it/s]
  2%|7                               | 10/439 [00:00<00:23, 18.48it/s]
  3%|8                               | 12/439 [00:00<00:22, 18.68it/s]
  3%|#                               | 14/439 [00:00<00:22, 18.80it/s]
  4%|#1                              | 16/439 [00:01<01:07,  6.27it/s]
  4%|#3                              | 18/439 [00:01<00:53,  7.90it/s]
  5%|#4                              | 20/439 [00:01<00:43,  9.64it/s]
  5%|#6                              | 22/439 [00:01<00:36, 11.36it/s]
  5%|#7                              | 24/439 [00:01<00:32, 12.92it/s]
  6%|#8                              | 26/439 [00:02<00:28, 14.27it/s]
  6%|##                              | 28/439 [00:02<00:26, 15.42it/s]
  7%|##1                             | 30/439 [00:02<00:25, 16.36it/s]
  7%|##3                             | 32/439 [00:02<00:23, 17.10it/s]
  8%|##4                             | 34/439 [00:02<00:23, 17.51it/s]
  8%|##6                             | 36/439 [00:02<00:22, 17.92it/s]
  9%|##7                             | 38/439 [00:02<00:22, 18.18it/s]
  9%|##9                             | 40/439 [00:02<00:21, 18.49it/s]
 10%|###                             | 42/439 [00:02<00:21, 18.62it/s]
 10%|###2                            | 44/439 [00:03<00:21, 18.74it/s]
 10%|###3                            | 46/439 [00:03<00:20, 18.81it/s]
 11%|###4                            | 48/439 [00:03<00:20, 18.77it/s]
 11%|###6                            | 50/439 [00:03<00:20, 18.86it/s]
 12%|###7                            | 52/439 [00:03<00:20, 18.84it/s]
 12%|###9                            | 54/439 [00:03<00:20, 18.49it/s]
 13%|####                            | 56/439 [00:03<00:21, 17.70it/s]
 13%|####2                           | 58/439 [00:03<00:21, 18.14it/s]
 14%|####3                           | 60/439 [00:03<00:20, 18.46it/s]
 14%|####5                           | 62/439 [00:04<00:20, 18.44it/s]
 15%|####6                           | 64/439 [00:04<00:21, 17.58it/s]
 15%|####8                           | 66/439 [00:04<00:20, 17.97it/s]
 15%|####9                           | 68/439 [00:04<00:20, 17.88it/s]
 16%|#####1                          | 70/439 [00:04<00:20, 18.11it/s]
 16%|#####2                          | 72/439 [00:04<00:20, 18.31it/s]
 17%|#####3                          | 74/439 [00:04<00:19, 18.53it/s]
 17%|#####5                          | 76/439 [00:04<00:19, 18.56it/s]
 18%|#####6                          | 78/439 [00:04<00:19, 18.70it/s]
 18%|#####8                          | 80/439 [00:04<00:19, 18.76it/s]
 19%|#####9                          | 82/439 [00:05<00:18, 18.92it/s]
 19%|######1                         | 84/439 [00:05<00:18, 19.02it/s]
 20%|######2                         | 86/439 [00:05<00:18, 19.03it/s]
 20%|######4                         | 88/439 [00:05<00:18, 19.03it/s]
 21%|######5                         | 90/439 [00:05<00:18, 19.01it/s]
 21%|######7                         | 92/439 [00:05<00:18, 19.01it/s]
 21%|######8                         | 94/439 [00:05<00:18, 18.91it/s]
 22%|######9                         | 96/439 [00:05<00:18, 18.97it/s]
 22%|#######1                        | 98/439 [00:05<00:17, 18.94it/s]
 23%|#######                        | 100/439 [00:06<00:17, 19.04it/s]
 23%|#######2                       | 102/439 [00:06<00:17, 19.02it/s]
 24%|#######3                       | 104/439 [00:06<00:18, 18.53it/s]
 24%|#######4                       | 106/439 [00:06<00:17, 18.71it/s]
 25%|#######6                       | 108/439 [00:06<00:17, 18.77it/s]
 25%|#######7                       | 110/439 [00:06<00:18, 18.14it/s]
 26%|#######9                       | 112/439 [00:06<00:17, 18.38it/s]
 26%|########                       | 114/439 [00:06<00:17, 18.42it/s]
 26%|########1                      | 116/439 [00:06<00:17, 18.54it/s]
 27%|########3                      | 118/439 [00:07<00:17, 18.70it/s]
 27%|########4                      | 120/439 [00:07<00:17, 18.73it/s]
 28%|########6                      | 122/439 [00:07<00:16, 18.79it/s]
 28%|########7                      | 124/439 [00:07<00:16, 18.90it/s]
 29%|########8                      | 126/439 [00:07<00:16, 18.91it/s]
 29%|#########                      | 128/439 [00:07<00:16, 19.01it/s]
 30%|#########1                     | 130/439 [00:07<00:16, 18.97it/s]
 30%|#########3                     | 132/439 [00:07<00:16, 19.01it/s]
 31%|#########4                     | 134/439 [00:07<00:15, 19.13it/s]
 31%|#########6                     | 136/439 [00:07<00:15, 19.11it/s]
 31%|#########7                     | 138/439 [00:08<00:15, 19.09it/s]
 32%|#########8                     | 140/439 [00:08<00:15, 18.98it/s]
 32%|##########                     | 142/439 [00:08<00:15, 19.08it/s]
 33%|##########1                    | 144/439 [00:08<00:15, 18.96it/s]
 33%|##########3                    | 146/439 [00:08<00:15, 19.04it/s]
 34%|##########4                    | 148/439 [00:08<00:15, 18.91it/s]
 34%|##########5                    | 150/439 [00:08<00:15, 19.07it/s]
 35%|##########7                    | 152/439 [00:08<00:15, 19.12it/s]
 35%|##########8                    | 154/439 [00:08<00:14, 19.12it/s]
 36%|###########                    | 156/439 [00:09<00:14, 19.10it/s]
 36%|###########1                   | 158/439 [00:09<00:14, 19.09it/s]
 36%|###########2                   | 160/439 [00:09<00:14, 19.12it/s]
 37%|###########4                   | 162/439 [00:09<00:14, 19.12it/s]
 37%|###########5                   | 164/439 [00:09<00:14, 19.13it/s]
 38%|###########7                   | 166/439 [00:09<00:14, 19.15it/s]
 38%|###########8                   | 168/439 [00:09<00:14, 19.20it/s]
 39%|############                   | 170/439 [00:09<00:13, 19.23it/s]
 39%|############1                  | 172/439 [00:09<00:13, 19.20it/s]
 40%|############2                  | 174/439 [00:09<00:13, 19.30it/s]
 40%|############4                  | 176/439 [00:10<00:13, 19.28it/s]
 41%|############5                  | 178/439 [00:10<00:13, 19.25it/s]
 41%|############7                  | 180/439 [00:10<00:13, 19.19it/s]
 41%|############8                  | 182/439 [00:10<00:13, 19.12it/s]
 42%|############9                  | 184/439 [00:10<00:13, 19.14it/s]
 42%|#############1                 | 186/439 [00:10<00:13, 19.16it/s]
 43%|#############2                 | 188/439 [00:10<00:13, 19.13it/s]
 43%|#############4                 | 190/439 [00:10<00:13, 18.91it/s]
 44%|#############5                 | 192/439 [00:10<00:13, 18.91it/s]
 44%|#############6                 | 194/439 [00:10<00:12, 18.91it/s]
 45%|#############8                 | 196/439 [00:11<00:12, 18.95it/s]
 45%|#############9                 | 198/439 [00:11<00:12, 18.97it/s]
 46%|##############1                | 200/439 [00:11<00:12, 18.89it/s]
 46%|##############2                | 202/439 [00:11<00:12, 18.85it/s]
 46%|##############4                | 204/439 [00:11<00:12, 18.82it/s]
 47%|##############5                | 206/439 [00:11<00:12, 18.83it/s]
 47%|##############6                | 208/439 [00:11<00:12, 18.85it/s]
 48%|##############8                | 210/439 [00:11<00:12, 18.89it/s]
 48%|##############9                | 212/439 [00:11<00:11, 19.00it/s]
 49%|###############1               | 214/439 [00:12<00:11, 19.10it/s]
 49%|###############2               | 216/439 [00:12<00:11, 19.19it/s]
 50%|###############3               | 218/439 [00:12<00:11, 19.09it/s]
 50%|###############5               | 220/439 [00:12<00:11, 19.12it/s]
 51%|###############6               | 222/439 [00:12<00:11, 19.02it/s]
 51%|###############8               | 224/439 [00:12<00:11, 18.95it/s]
 51%|###############9               | 226/439 [00:12<00:11, 18.97it/s]
 52%|################1              | 228/439 [00:12<00:11, 18.98it/s]
 52%|################2              | 230/439 [00:12<00:11, 18.88it/s]
 53%|################3              | 232/439 [00:12<00:10, 18.86it/s]
 53%|################5              | 234/439 [00:13<00:10, 18.64it/s]
 54%|################6              | 236/439 [00:13<00:10, 18.78it/s]
 54%|################8              | 238/439 [00:13<00:10, 18.70it/s]
 55%|################9              | 240/439 [00:13<00:10, 18.78it/s]
 55%|#################              | 242/439 [00:13<00:10, 18.85it/s]
 56%|#################2             | 244/439 [00:13<00:10, 18.91it/s]
 56%|#################3             | 246/439 [00:13<00:10, 18.93it/s]
 56%|#################5             | 248/439 [00:13<00:10, 18.90it/s]
 57%|#################6             | 250/439 [00:13<00:09, 18.96it/s]
 57%|#################7             | 252/439 [00:14<00:09, 18.94it/s]
 58%|#################9             | 254/439 [00:14<00:09, 18.85it/s]
 58%|##################             | 256/439 [00:14<00:09, 18.93it/s]
 59%|##################2            | 258/439 [00:14<00:09, 18.95it/s]
 59%|##################3            | 260/439 [00:14<00:09, 18.97it/s]
 60%|##################5            | 262/439 [00:14<00:09, 18.97it/s]
 60%|##################6            | 264/439 [00:14<00:09, 18.93it/s]
 61%|##################7            | 266/439 [00:14<00:09, 18.88it/s]
 61%|##################9            | 268/439 [00:14<00:09, 18.83it/s]
 62%|###################            | 270/439 [00:15<00:08, 18.90it/s]
 62%|###################2           | 272/439 [00:15<00:08, 18.97it/s]
 62%|###################3           | 274/439 [00:15<00:08, 18.98it/s]
 63%|###################4           | 276/439 [00:15<00:08, 18.85it/s]
 63%|###################6           | 278/439 [00:15<00:08, 18.94it/s]
 64%|###################7           | 280/439 [00:15<00:08, 18.92it/s]
 64%|###################9           | 282/439 [00:15<00:08, 18.93it/s]
 65%|####################           | 284/439 [00:15<00:08, 18.93it/s]
 65%|####################1          | 286/439 [00:15<00:08, 18.92it/s]
 66%|####################3          | 288/439 [00:15<00:07, 18.95it/s]
 66%|####################4          | 290/439 [00:16<00:07, 19.01it/s]
 67%|####################6          | 292/439 [00:16<00:07, 18.97it/s]
 67%|####################7          | 294/439 [00:16<00:07, 18.84it/s]
 67%|####################9          | 296/439 [00:16<00:07, 18.79it/s]
 68%|#####################          | 298/439 [00:16<00:07, 18.77it/s]
 68%|#####################1         | 300/439 [00:16<00:07, 18.93it/s]
 69%|#####################3         | 302/439 [00:16<00:07, 18.88it/s]
 69%|#####################4         | 304/439 [00:16<00:07, 18.88it/s]
 70%|#####################6         | 306/439 [00:16<00:07, 18.93it/s]
 70%|#####################7         | 308/439 [00:17<00:06, 18.92it/s]
 71%|#####################8         | 310/439 [00:17<00:06, 18.93it/s]
 71%|######################         | 312/439 [00:17<00:06, 19.01it/s]
 72%|######################1        | 314/439 [00:17<00:06, 18.95it/s]
 72%|######################3        | 316/439 [00:17<00:06, 19.13it/s]
 72%|######################4        | 318/439 [00:17<00:06, 19.10it/s]
 73%|######################5        | 320/439 [00:17<00:06, 18.80it/s]
 73%|######################7        | 322/439 [00:17<00:06, 18.80it/s]
 74%|######################8        | 324/439 [00:17<00:06, 18.74it/s]
 74%|#######################        | 326/439 [00:17<00:06, 18.82it/s]
 75%|#######################1       | 328/439 [00:18<00:05, 18.84it/s]
 75%|#######################3       | 330/439 [00:18<00:05, 18.84it/s]
 76%|#######################4       | 332/439 [00:18<00:05, 18.78it/s]
 76%|#######################5       | 334/439 [00:18<00:05, 18.82it/s]
 77%|#######################7       | 336/439 [00:18<00:05, 18.88it/s]
 77%|#######################8       | 338/439 [00:18<00:05, 18.92it/s]
 77%|########################       | 340/439 [00:18<00:05, 18.83it/s]
 78%|########################1      | 342/439 [00:18<00:05, 17.96it/s]
 78%|########################2      | 344/439 [00:18<00:05, 18.24it/s]
 79%|########################4      | 346/439 [00:19<00:05, 18.44it/s]
 79%|########################5      | 348/439 [00:19<00:05, 17.70it/s]
 80%|########################7      | 350/439 [00:19<00:04, 18.08it/s]
 80%|########################8      | 352/439 [00:19<00:04, 18.23it/s]
 81%|########################9      | 354/439 [00:19<00:04, 18.57it/s]
 81%|#########################1     | 356/439 [00:19<00:04, 18.62it/s]
 82%|#########################2     | 358/439 [00:19<00:04, 18.52it/s]
 82%|#########################4     | 360/439 [00:19<00:04, 18.47it/s]
 82%|#########################5     | 362/439 [00:19<00:04, 18.50it/s]
 83%|#########################7     | 364/439 [00:20<00:04, 18.55it/s]
 83%|#########################8     | 366/439 [00:20<00:04, 17.50it/s]
 84%|#########################9     | 368/439 [00:20<00:03, 17.81it/s]
 84%|##########################1    | 370/439 [00:20<00:03, 18.13it/s]
 85%|##########################2    | 372/439 [00:20<00:03, 18.37it/s]
 85%|##########################4    | 374/439 [00:20<00:03, 17.87it/s]
 86%|##########################5    | 376/439 [00:20<00:03, 18.15it/s]
 86%|##########################6    | 378/439 [00:20<00:03, 16.82it/s]
 87%|##########################8    | 380/439 [00:20<00:03, 17.38it/s]
 87%|##########################9    | 382/439 [00:21<00:03, 17.66it/s]
 87%|###########################1   | 384/439 [00:21<00:03, 17.79it/s]
 88%|###########################2   | 386/439 [00:21<00:02, 18.10it/s]
 88%|###########################3   | 388/439 [00:21<00:02, 18.34it/s]
 89%|###########################5   | 390/439 [00:21<00:02, 18.57it/s]
 89%|###########################6   | 392/439 [00:21<00:02, 18.71it/s]
 90%|###########################8   | 394/439 [00:21<00:02, 18.76it/s]
 90%|###########################9   | 396/439 [00:21<00:02, 18.85it/s]
 91%|############################1  | 398/439 [00:21<00:02, 18.90it/s]
 91%|############################2  | 400/439 [00:22<00:02, 18.91it/s]
 92%|############################3  | 402/439 [00:22<00:01, 18.88it/s]
 92%|############################5  | 404/439 [00:22<00:01, 18.91it/s]
 92%|############################6  | 406/439 [00:22<00:01, 18.66it/s]
 93%|############################8  | 408/439 [00:22<00:01, 18.68it/s]
 93%|############################9  | 410/439 [00:22<00:01, 18.81it/s]
 94%|#############################  | 412/439 [00:22<00:01, 18.81it/s]
 94%|#############################2 | 414/439 [00:22<00:01, 18.77it/s]
 95%|#############################3 | 416/439 [00:22<00:01, 17.72it/s]
 95%|#############################5 | 418/439 [00:22<00:01, 18.04it/s]
 96%|#############################6 | 420/439 [00:23<00:01, 18.25it/s]
 96%|#############################7 | 422/439 [00:23<00:00, 18.43it/s]
 97%|#############################9 | 424/439 [00:23<00:00, 18.52it/s]
 97%|############################## | 426/439 [00:23<00:00, 18.60it/s]
 97%|##############################2| 428/439 [00:23<00:00, 18.73it/s]
 98%|##############################3| 430/439 [00:23<00:00, 18.80it/s]
 98%|##############################5| 432/439 [00:23<00:00, 18.76it/s]
 99%|##############################6| 434/439 [00:23<00:00, 18.78it/s]
 99%|##############################7| 436/439 [00:23<00:00, 18.70it/s]
100%|##############################9| 438/439 [00:24<00:00, 18.71it/s]
100%|###############################| 439/439 [00:24<00:00, 18.21it/s]
[SEAL Epoch 6] loss=0.5640

[SEAL Epoch 7/20] Run 1/1 - training...

  0%|                                         | 0/439 [00:00<?, ?it/s]
  0%|1                                | 2/439 [00:00<00:25, 17.07it/s]
  1%|3                                | 4/439 [00:00<00:24, 17.97it/s]
  1%|4                                | 6/439 [00:00<00:23, 18.28it/s]
  2%|6                                | 8/439 [00:00<00:23, 18.66it/s]
  2%|7                               | 10/439 [00:00<00:23, 18.55it/s]
  3%|8                               | 12/439 [00:00<00:22, 18.62it/s]
  3%|#                               | 14/439 [00:00<00:22, 18.64it/s]
  4%|#1                              | 16/439 [00:00<00:22, 18.68it/s]
  4%|#3                              | 18/439 [00:00<00:22, 18.70it/s]
  5%|#4                              | 20/439 [00:01<00:22, 18.67it/s]
  5%|#6                              | 22/439 [00:01<00:23, 17.75it/s]
  5%|#7                              | 24/439 [00:01<00:22, 18.05it/s]
  6%|#8                              | 26/439 [00:01<00:22, 18.34it/s]
  6%|##                              | 28/439 [00:01<00:22, 18.38it/s]
  7%|##1                             | 30/439 [00:01<00:22, 18.56it/s]
  7%|##3                             | 32/439 [00:01<00:21, 18.68it/s]
  8%|##4                             | 34/439 [00:01<00:21, 18.82it/s]
  8%|##6                             | 36/439 [00:01<00:21, 18.86it/s]
  9%|##7                             | 38/439 [00:02<00:21, 18.92it/s]
  9%|##9                             | 40/439 [00:02<00:21, 18.92it/s]
 10%|###                             | 42/439 [00:02<00:20, 19.03it/s]
 10%|###2                            | 44/439 [00:02<00:20, 18.99it/s]
 10%|###3                            | 46/439 [00:02<00:20, 18.87it/s]
 11%|###4                            | 48/439 [00:02<00:20, 19.07it/s]
 11%|###6                            | 50/439 [00:02<00:20, 19.21it/s]
 12%|###7                            | 52/439 [00:02<00:20, 19.13it/s]
 12%|###9                            | 54/439 [00:02<00:19, 19.28it/s]
 13%|####                            | 56/439 [00:02<00:19, 19.28it/s]
 13%|####2                           | 58/439 [00:03<00:19, 19.37it/s]
 14%|####3                           | 60/439 [00:03<00:19, 19.44it/s]
 14%|####5                           | 62/439 [00:03<00:19, 19.40it/s]
 15%|####6                           | 64/439 [00:03<00:20, 18.64it/s]
 15%|####8                           | 66/439 [00:03<00:20, 18.45it/s]
 15%|####9                           | 68/439 [00:03<00:19, 18.84it/s]
 16%|#####1                          | 70/439 [00:03<00:19, 19.16it/s]
 16%|#####2                          | 72/439 [00:03<00:19, 19.31it/s]
 17%|#####3                          | 74/439 [00:03<00:19, 18.94it/s]
 17%|#####5                          | 76/439 [00:04<00:19, 18.62it/s]
 18%|#####6                          | 78/439 [00:04<00:19, 18.73it/s]
 18%|#####8                          | 80/439 [00:04<00:19, 18.79it/s]
 19%|#####9                          | 82/439 [00:04<00:20, 17.77it/s]
 19%|######1                         | 84/439 [00:04<00:19, 17.84it/s]
 20%|######2                         | 86/439 [00:04<00:19, 18.38it/s]
 20%|######4                         | 88/439 [00:04<00:18, 18.67it/s]
 21%|######5                         | 90/439 [00:04<00:19, 17.72it/s]
 21%|######7                         | 92/439 [00:04<00:20, 17.02it/s]
 21%|######8                         | 94/439 [00:05<00:19, 17.50it/s]
 22%|######9                         | 96/439 [00:05<00:19, 17.73it/s]
 22%|#######1                        | 98/439 [00:05<00:18, 18.12it/s]
 23%|#######                        | 100/439 [00:05<00:18, 18.35it/s]
 23%|#######2                       | 102/439 [00:05<00:18, 18.51it/s]
 24%|#######3                       | 104/439 [00:05<00:17, 18.75it/s]
 24%|#######4                       | 106/439 [00:05<00:17, 18.92it/s]
 25%|#######6                       | 108/439 [00:05<00:18, 17.68it/s]
 25%|#######7                       | 110/439 [00:05<00:18, 18.09it/s]
 26%|#######9                       | 112/439 [00:06<00:17, 18.34it/s]
 26%|########                       | 114/439 [00:06<00:17, 18.51it/s]
 26%|########1                      | 116/439 [00:06<00:17, 18.66it/s]
 27%|########3                      | 118/439 [00:06<00:17, 18.66it/s]
 27%|########4                      | 120/439 [00:06<00:17, 18.73it/s]
 28%|########6                      | 122/439 [00:06<00:16, 18.81it/s]
 28%|########7                      | 124/439 [00:06<00:16, 18.85it/s]
 29%|########8                      | 126/439 [00:06<00:16, 18.89it/s]
 29%|#########                      | 128/439 [00:06<00:16, 18.82it/s]
 30%|#########1                     | 130/439 [00:06<00:16, 18.89it/s]
 30%|#########3                     | 132/439 [00:07<00:16, 18.94it/s]
 31%|#########4                     | 134/439 [00:07<00:16, 19.00it/s]
 31%|#########6                     | 136/439 [00:07<00:15, 19.05it/s]
 31%|#########7                     | 138/439 [00:07<00:15, 18.97it/s]
 32%|#########8                     | 140/439 [00:07<00:15, 19.02it/s]
 32%|##########                     | 142/439 [00:07<00:15, 18.95it/s]
 33%|##########1                    | 144/439 [00:07<00:15, 19.16it/s]
 33%|##########3                    | 146/439 [00:07<00:15, 19.07it/s]
 34%|##########4                    | 148/439 [00:07<00:15, 18.99it/s]
 34%|##########5                    | 150/439 [00:08<00:15, 18.93it/s]
 35%|##########7                    | 152/439 [00:08<00:15, 18.89it/s]
 35%|##########8                    | 154/439 [00:08<00:15, 18.87it/s]
 36%|###########                    | 156/439 [00:08<00:14, 18.90it/s]
 36%|###########1                   | 158/439 [00:08<00:14, 18.96it/s]
 36%|###########2                   | 160/439 [00:08<00:14, 18.95it/s]
 37%|###########4                   | 162/439 [00:08<00:14, 19.10it/s]
 37%|###########5                   | 164/439 [00:08<00:14, 19.09it/s]
 38%|###########7                   | 166/439 [00:08<00:14, 19.03it/s]
 38%|###########8                   | 168/439 [00:08<00:14, 18.97it/s]
 39%|############                   | 170/439 [00:09<00:14, 19.01it/s]
 39%|############1                  | 172/439 [00:09<00:14, 18.96it/s]
 40%|############2                  | 174/439 [00:09<00:13, 18.97it/s]
 40%|############4                  | 176/439 [00:09<00:13, 18.97it/s]
 41%|############5                  | 178/439 [00:09<00:13, 18.95it/s]
 41%|############7                  | 180/439 [00:09<00:13, 18.73it/s]
 41%|############8                  | 182/439 [00:09<00:13, 18.55it/s]
 42%|############9                  | 184/439 [00:09<00:13, 18.61it/s]
 42%|#############1                 | 186/439 [00:09<00:13, 18.77it/s]
 43%|#############2                 | 188/439 [00:10<00:13, 18.76it/s]
 43%|#############4                 | 190/439 [00:10<00:13, 18.68it/s]
 44%|#############5                 | 192/439 [00:10<00:13, 18.79it/s]
 44%|#############6                 | 194/439 [00:10<00:12, 18.86it/s]
 45%|#############8                 | 196/439 [00:10<00:12, 18.81it/s]
 45%|#############9                 | 198/439 [00:10<00:12, 18.84it/s]
 46%|##############1                | 200/439 [00:10<00:12, 18.93it/s]
 46%|##############2                | 202/439 [00:10<00:12, 19.10it/s]
 46%|##############4                | 204/439 [00:10<00:12, 19.13it/s]
 47%|##############5                | 206/439 [00:10<00:12, 19.17it/s]
 47%|##############6                | 208/439 [00:11<00:12, 19.12it/s]
 48%|##############8                | 210/439 [00:11<00:11, 19.15it/s]
 48%|##############9                | 212/439 [00:11<00:11, 19.13it/s]
 49%|###############1               | 214/439 [00:11<00:11, 19.07it/s]
 49%|###############2               | 216/439 [00:11<00:12, 17.88it/s]
 50%|###############3               | 218/439 [00:11<00:12, 18.25it/s]
 50%|###############5               | 220/439 [00:11<00:11, 18.48it/s]
 51%|###############6               | 222/439 [00:11<00:11, 18.64it/s]
 51%|###############8               | 224/439 [00:11<00:11, 18.44it/s]
 51%|###############9               | 226/439 [00:12<00:11, 18.54it/s]
 52%|################1              | 228/439 [00:12<00:12, 16.75it/s]
 52%|################2              | 230/439 [00:12<00:12, 17.37it/s]
 53%|################3              | 232/439 [00:12<00:11, 17.77it/s]
 53%|################5              | 234/439 [00:12<00:11, 18.12it/s]
 54%|################6              | 236/439 [00:12<00:11, 18.31it/s]
 54%|################8              | 238/439 [00:12<00:10, 18.62it/s]
 55%|################9              | 240/439 [00:12<00:10, 18.77it/s]
 55%|#################              | 242/439 [00:12<00:10, 18.78it/s]
 56%|#################2             | 244/439 [00:13<00:10, 18.80it/s]
 56%|#################3             | 246/439 [00:13<00:10, 18.83it/s]
 56%|#################5             | 248/439 [00:13<00:10, 18.91it/s]
 57%|#################6             | 250/439 [00:13<00:10, 18.86it/s]
 57%|#################7             | 252/439 [00:13<00:09, 18.90it/s]
 58%|#################9             | 254/439 [00:13<00:09, 18.91it/s]
 58%|##################             | 256/439 [00:13<00:09, 18.84it/s]
 59%|##################2            | 258/439 [00:13<00:09, 18.95it/s]
 59%|##################3            | 260/439 [00:13<00:09, 18.93it/s]
 60%|##################5            | 262/439 [00:14<00:09, 18.95it/s]
 60%|##################6            | 264/439 [00:14<00:09, 19.01it/s]
 61%|##################7            | 266/439 [00:14<00:09, 19.03it/s]
 61%|##################9            | 268/439 [00:14<00:09, 18.00it/s]
 62%|###################            | 270/439 [00:14<00:09, 17.29it/s]
 62%|###################2           | 272/439 [00:14<00:09, 17.72it/s]
 62%|###################3           | 274/439 [00:14<00:09, 17.08it/s]
 63%|###################4           | 276/439 [00:14<00:09, 16.63it/s]
 63%|###################6           | 278/439 [00:14<00:09, 17.21it/s]
 64%|###################7           | 280/439 [00:15<00:08, 17.67it/s]
 64%|###################9           | 282/439 [00:15<00:08, 18.06it/s]
 65%|####################           | 284/439 [00:15<00:08, 18.27it/s]
 65%|####################1          | 286/439 [00:15<00:08, 18.50it/s]
 66%|####################3          | 288/439 [00:15<00:08, 18.59it/s]
 66%|####################4          | 290/439 [00:15<00:07, 18.74it/s]
 67%|####################6          | 292/439 [00:15<00:07, 18.78it/s]
 67%|####################7          | 294/439 [00:15<00:07, 18.83it/s]
 67%|####################9          | 296/439 [00:15<00:07, 18.69it/s]
 68%|#####################          | 298/439 [00:16<00:07, 18.72it/s]
 68%|#####################1         | 300/439 [00:16<00:07, 18.76it/s]
 69%|#####################3         | 302/439 [00:16<00:07, 17.93it/s]
 69%|#####################4         | 304/439 [00:16<00:07, 18.23it/s]
 70%|#####################6         | 306/439 [00:16<00:07, 18.34it/s]
 70%|#####################7         | 308/439 [00:16<00:07, 18.39it/s]
 71%|#####################8         | 310/439 [00:16<00:06, 18.55it/s]
 71%|######################         | 312/439 [00:16<00:06, 18.60it/s]
 72%|######################1        | 314/439 [00:16<00:06, 18.55it/s]
 72%|######################3        | 316/439 [00:16<00:06, 18.61it/s]
 72%|######################4        | 318/439 [00:17<00:06, 18.62it/s]
 73%|######################5        | 320/439 [00:17<00:06, 18.60it/s]
 73%|######################7        | 322/439 [00:17<00:06, 18.71it/s]
 74%|######################8        | 324/439 [00:17<00:06, 18.69it/s]
 74%|#######################        | 326/439 [00:17<00:06, 18.69it/s]
 75%|#######################1       | 328/439 [00:17<00:05, 18.73it/s]
 75%|#######################3       | 330/439 [00:17<00:06, 17.86it/s]
 76%|#######################4       | 332/439 [00:17<00:05, 18.10it/s]
 76%|#######################5       | 334/439 [00:17<00:05, 18.33it/s]
 77%|#######################7       | 336/439 [00:18<00:06, 16.86it/s]
 77%|#######################8       | 338/439 [00:18<00:05, 17.34it/s]
 77%|########################       | 340/439 [00:18<00:05, 17.77it/s]
 78%|########################1      | 342/439 [00:18<00:05, 18.10it/s]
 78%|########################2      | 344/439 [00:18<00:05, 18.34it/s]
 79%|########################4      | 346/439 [00:18<00:05, 18.47it/s]
 79%|########################5      | 348/439 [00:18<00:04, 18.64it/s]
 80%|########################7      | 350/439 [00:18<00:04, 18.70it/s]
 80%|########################8      | 352/439 [00:18<00:04, 17.67it/s]
 81%|########################9      | 354/439 [00:19<00:04, 17.09it/s]
 81%|#########################1     | 356/439 [00:19<00:04, 17.58it/s]
 82%|#########################2     | 358/439 [00:19<00:04, 17.03it/s]
 82%|#########################4     | 360/439 [00:19<00:04, 16.55it/s]
 82%|#########################5     | 362/439 [00:19<00:04, 17.21it/s]
 83%|#########################7     | 364/439 [00:19<00:04, 17.67it/s]
 83%|#########################8     | 366/439 [00:19<00:04, 18.02it/s]
 84%|#########################9     | 368/439 [00:19<00:03, 18.22it/s]
 84%|##########################1    | 370/439 [00:19<00:03, 18.46it/s]
 85%|##########################2    | 372/439 [00:20<00:03, 18.70it/s]
 85%|##########################4    | 374/439 [00:20<00:03, 18.71it/s]
 86%|##########################5    | 376/439 [00:20<00:03, 18.76it/s]
 86%|##########################6    | 378/439 [00:20<00:03, 18.82it/s]
 87%|##########################8    | 380/439 [00:20<00:03, 17.73it/s]
 87%|##########################9    | 382/439 [00:20<00:03, 18.02it/s]
 87%|###########################1   | 384/439 [00:20<00:03, 18.23it/s]
 88%|###########################2   | 386/439 [00:20<00:02, 18.42it/s]
 88%|###########################3   | 388/439 [00:20<00:02, 18.55it/s]
 89%|###########################5   | 390/439 [00:21<00:02, 18.66it/s]
 89%|###########################6   | 392/439 [00:21<00:02, 18.84it/s]
 90%|###########################8   | 394/439 [00:21<00:02, 18.83it/s]
 90%|###########################9   | 396/439 [00:21<00:02, 18.86it/s]
 91%|############################1  | 398/439 [00:21<00:02, 18.91it/s]
 91%|############################2  | 400/439 [00:21<00:02, 19.00it/s]
 92%|############################3  | 402/439 [00:21<00:01, 19.00it/s]
 92%|############################5  | 404/439 [00:21<00:01, 18.97it/s]
 92%|############################6  | 406/439 [00:21<00:01, 19.02it/s]
 93%|############################8  | 408/439 [00:22<00:01, 19.01it/s]
 93%|############################9  | 410/439 [00:22<00:01, 18.97it/s]
 94%|#############################  | 412/439 [00:22<00:01, 18.99it/s]
 94%|#############################2 | 414/439 [00:22<00:01, 19.00it/s]
 95%|#############################3 | 416/439 [00:22<00:01, 19.00it/s]
 95%|#############################5 | 418/439 [00:22<00:01, 18.91it/s]
 96%|#############################6 | 420/439 [00:22<00:01, 18.89it/s]
 96%|#############################7 | 422/439 [00:22<00:00, 18.89it/s]
 97%|#############################9 | 424/439 [00:22<00:00, 18.87it/s]
 97%|############################## | 426/439 [00:22<00:00, 18.92it/s]
 97%|##############################2| 428/439 [00:23<00:00, 18.95it/s]
 98%|##############################3| 430/439 [00:23<00:00, 18.90it/s]
 98%|##############################5| 432/439 [00:23<00:00, 18.99it/s]
 99%|##############################6| 434/439 [00:23<00:00, 19.05it/s]
 99%|##############################7| 436/439 [00:23<00:00, 19.10it/s]
100%|##############################9| 438/439 [00:23<00:00, 19.05it/s]
100%|###############################| 439/439 [00:23<00:00, 18.56it/s]
[SEAL Epoch 7] loss=0.5635

[SEAL Epoch 8/20] Run 1/1 - training...

  0%|                                         | 0/439 [00:00<?, ?it/s]
  0%|1                                | 2/439 [00:00<00:27, 16.12it/s]
  1%|3                                | 4/439 [00:00<00:27, 16.09it/s]
  1%|4                                | 6/439 [00:00<00:25, 17.27it/s]
  2%|6                                | 8/439 [00:00<00:24, 17.88it/s]
  2%|7                               | 10/439 [00:00<00:23, 18.31it/s]
  3%|8                               | 12/439 [00:00<00:24, 17.40it/s]
  3%|#                               | 14/439 [00:00<00:25, 16.75it/s]
  4%|#1                              | 16/439 [00:00<00:24, 17.42it/s]
  4%|#3                              | 18/439 [00:01<00:23, 17.87it/s]
  5%|#4                              | 20/439 [00:01<00:23, 18.21it/s]
  5%|#6                              | 22/439 [00:01<00:22, 18.48it/s]
  5%|#7                              | 24/439 [00:01<00:22, 18.69it/s]
  6%|#8                              | 26/439 [00:01<00:21, 18.83it/s]
  6%|##                              | 28/439 [00:01<00:21, 18.90it/s]
  7%|##1                             | 30/439 [00:01<00:21, 18.84it/s]
  7%|##3                             | 32/439 [00:01<00:21, 18.75it/s]
  8%|##4                             | 34/439 [00:01<00:21, 18.88it/s]
  8%|##6                             | 36/439 [00:01<00:21, 18.89it/s]
  9%|##7                             | 38/439 [00:02<00:21, 18.96it/s]
  9%|##9                             | 40/439 [00:02<00:21, 18.96it/s]
 10%|###                             | 42/439 [00:02<00:20, 19.00it/s]
 10%|###2                            | 44/439 [00:02<00:20, 19.05it/s]
 10%|###3                            | 46/439 [00:02<00:20, 19.06it/s]
 11%|###4                            | 48/439 [00:02<00:20, 19.07it/s]
 11%|###6                            | 50/439 [00:02<00:20, 19.03it/s]
 12%|###7                            | 52/439 [00:02<00:20, 18.89it/s]
 12%|###9                            | 54/439 [00:02<00:20, 18.98it/s]
 13%|####                            | 56/439 [00:03<00:20, 18.96it/s]
 13%|####2                           | 58/439 [00:03<00:20, 18.93it/s]
 14%|####3                           | 60/439 [00:03<00:19, 19.05it/s]
 14%|####5                           | 62/439 [00:03<00:19, 19.10it/s]
 15%|####6                           | 64/439 [00:03<00:19, 19.01it/s]
 15%|####8                           | 66/439 [00:03<00:19, 19.06it/s]
 15%|####9                           | 68/439 [00:03<00:19, 19.14it/s]
 16%|#####1                          | 70/439 [00:03<00:19, 19.13it/s]
 16%|#####2                          | 72/439 [00:03<00:19, 19.27it/s]
 17%|#####3                          | 74/439 [00:03<00:18, 19.21it/s]
 17%|#####5                          | 76/439 [00:04<00:18, 19.16it/s]
 18%|#####6                          | 78/439 [00:04<00:18, 19.11it/s]
 18%|#####8                          | 80/439 [00:04<00:18, 19.09it/s]
 19%|#####9                          | 82/439 [00:04<00:18, 19.14it/s]
 19%|######1                         | 84/439 [00:04<00:18, 19.06it/s]
 20%|######2                         | 86/439 [00:04<00:18, 18.96it/s]
 20%|######4                         | 88/439 [00:04<00:18, 18.97it/s]
 21%|######5                         | 90/439 [00:04<00:18, 18.97it/s]
 21%|######7                         | 92/439 [00:04<00:18, 19.22it/s]
 21%|######8                         | 94/439 [00:05<00:18, 19.14it/s]
 22%|######9                         | 96/439 [00:05<00:17, 19.17it/s]
 22%|#######1                        | 98/439 [00:05<00:17, 19.16it/s]
 23%|#######                        | 100/439 [00:05<00:17, 19.02it/s]
 23%|#######2                       | 102/439 [00:05<00:17, 19.06it/s]
 24%|#######3                       | 104/439 [00:05<00:17, 19.02it/s]
 24%|#######4                       | 106/439 [00:05<00:17, 19.01it/s]
 25%|#######6                       | 108/439 [00:05<00:17, 19.03it/s]
 25%|#######7                       | 110/439 [00:05<00:17, 19.05it/s]
 26%|#######9                       | 112/439 [00:05<00:17, 19.00it/s]
 26%|########                       | 114/439 [00:06<00:17, 19.00it/s]
 26%|########1                      | 116/439 [00:06<00:17, 18.99it/s]
 27%|########3                      | 118/439 [00:06<00:16, 19.07it/s]
 27%|########4                      | 120/439 [00:06<00:16, 19.07it/s]
 28%|########6                      | 122/439 [00:06<00:16, 19.06it/s]
 28%|########7                      | 124/439 [00:06<00:16, 19.04it/s]
 29%|########8                      | 126/439 [00:06<00:16, 19.06it/s]
 29%|#########                      | 128/439 [00:06<00:16, 19.08it/s]
 30%|#########1                     | 130/439 [00:06<00:16, 19.00it/s]
 30%|#########3                     | 132/439 [00:07<00:16, 19.02it/s]
 31%|#########4                     | 134/439 [00:07<00:16, 19.00it/s]
 31%|#########6                     | 136/439 [00:07<00:15, 18.94it/s]
 31%|#########7                     | 138/439 [00:07<00:15, 18.97it/s]
 32%|#########8                     | 140/439 [00:07<00:15, 19.03it/s]
 32%|##########                     | 142/439 [00:07<00:15, 19.08it/s]
 33%|##########1                    | 144/439 [00:07<00:15, 19.00it/s]
 33%|##########3                    | 146/439 [00:07<00:15, 18.99it/s]
 34%|##########4                    | 148/439 [00:07<00:15, 19.04it/s]
 34%|##########5                    | 150/439 [00:07<00:15, 18.93it/s]
 35%|##########7                    | 152/439 [00:08<00:15, 18.92it/s]
 35%|##########8                    | 154/439 [00:08<00:15, 18.92it/s]
 36%|###########                    | 156/439 [00:08<00:14, 18.88it/s]
 36%|###########1                   | 158/439 [00:08<00:15, 17.59it/s]
 36%|###########2                   | 160/439 [00:08<00:15, 18.03it/s]
 37%|###########4                   | 162/439 [00:08<00:15, 18.37it/s]
 37%|###########5                   | 164/439 [00:08<00:14, 18.48it/s]
 38%|###########7                   | 166/439 [00:08<00:14, 18.58it/s]
 38%|###########8                   | 168/439 [00:08<00:14, 18.74it/s]
 39%|############                   | 170/439 [00:09<00:14, 18.76it/s]
 39%|############1                  | 172/439 [00:09<00:14, 18.89it/s]
 40%|############2                  | 174/439 [00:09<00:13, 18.95it/s]
 40%|############4                  | 176/439 [00:09<00:13, 18.93it/s]
 41%|############5                  | 178/439 [00:09<00:13, 19.09it/s]
 41%|############7                  | 180/439 [00:09<00:13, 19.09it/s]
 41%|############8                  | 182/439 [00:09<00:13, 19.05it/s]
 42%|############9                  | 184/439 [00:09<00:13, 19.06it/s]
 42%|#############1                 | 186/439 [00:09<00:13, 19.07it/s]
 43%|#############2                 | 188/439 [00:09<00:13, 19.02it/s]
 43%|#############4                 | 190/439 [00:10<00:13, 19.00it/s]
 44%|#############5                 | 192/439 [00:10<00:12, 19.03it/s]
 44%|#############6                 | 194/439 [00:10<00:12, 19.09it/s]
 45%|#############8                 | 196/439 [00:10<00:12, 19.11it/s]
 45%|#############9                 | 198/439 [00:10<00:12, 19.16it/s]
 46%|##############1                | 200/439 [00:10<00:12, 19.07it/s]
 46%|##############2                | 202/439 [00:10<00:12, 19.07it/s]
 46%|##############4                | 204/439 [00:10<00:12, 19.05it/s]
 47%|##############5                | 206/439 [00:10<00:12, 19.13it/s]
 47%|##############6                | 208/439 [00:11<00:12, 19.15it/s]
 48%|##############8                | 210/439 [00:11<00:11, 19.15it/s]
 48%|##############9                | 212/439 [00:11<00:11, 19.12it/s]
 49%|###############1               | 214/439 [00:11<00:11, 19.15it/s]
 49%|###############2               | 216/439 [00:11<00:11, 19.16it/s]
 50%|###############3               | 218/439 [00:11<00:11, 19.07it/s]
 50%|###############5               | 220/439 [00:11<00:11, 19.03it/s]
 51%|###############6               | 222/439 [00:11<00:11, 19.05it/s]
 51%|###############8               | 224/439 [00:11<00:11, 19.07it/s]
 51%|###############9               | 226/439 [00:11<00:11, 19.05it/s]
 52%|################1              | 228/439 [00:12<00:11, 19.16it/s]
 52%|################2              | 230/439 [00:12<00:10, 19.08it/s]
 53%|################3              | 232/439 [00:12<00:10, 19.12it/s]
 53%|################5              | 234/439 [00:12<00:10, 19.05it/s]
 54%|################6              | 236/439 [00:12<00:10, 19.00it/s]
 54%|################8              | 238/439 [00:12<00:10, 18.98it/s]
 55%|################9              | 240/439 [00:12<00:10, 18.99it/s]
 55%|#################              | 242/439 [00:12<00:10, 18.99it/s]
 56%|#################2             | 244/439 [00:12<00:10, 18.96it/s]
 56%|#################3             | 246/439 [00:13<00:10, 18.93it/s]
 56%|#################5             | 248/439 [00:13<00:10, 18.97it/s]
 57%|#################6             | 250/439 [00:13<00:09, 19.17it/s]
 57%|#################7             | 252/439 [00:13<00:09, 19.06it/s]
 58%|#################9             | 254/439 [00:13<00:09, 19.04it/s]
 58%|##################             | 256/439 [00:13<00:09, 19.01it/s]
 59%|##################2            | 258/439 [00:13<00:09, 18.99it/s]
 59%|##################3            | 260/439 [00:13<00:09, 19.01it/s]
 60%|##################5            | 262/439 [00:13<00:09, 19.05it/s]
 60%|##################6            | 264/439 [00:13<00:09, 19.10it/s]
 61%|##################7            | 266/439 [00:14<00:09, 19.09it/s]
 61%|##################9            | 268/439 [00:14<00:08, 19.06it/s]
 62%|###################            | 270/439 [00:14<00:08, 19.22it/s]
 62%|###################2           | 272/439 [00:14<00:08, 19.11it/s]
 62%|###################3           | 274/439 [00:14<00:08, 18.97it/s]
 63%|###################4           | 276/439 [00:14<00:08, 18.97it/s]
 63%|###################6           | 278/439 [00:14<00:08, 19.02it/s]
 64%|###################7           | 280/439 [00:14<00:08, 18.97it/s]
 64%|###################9           | 282/439 [00:14<00:08, 19.12it/s]
 65%|####################           | 284/439 [00:15<00:08, 19.08it/s]
 65%|####################1          | 286/439 [00:15<00:08, 19.11it/s]
 66%|####################3          | 288/439 [00:15<00:07, 19.06it/s]
 66%|####################4          | 290/439 [00:15<00:07, 19.05it/s]
 67%|####################6          | 292/439 [00:15<00:07, 18.86it/s]
 67%|####################7          | 294/439 [00:15<00:08, 17.95it/s]
 67%|####################9          | 296/439 [00:15<00:07, 18.23it/s]
 68%|#####################          | 298/439 [00:15<00:07, 18.44it/s]
 68%|#####################1         | 300/439 [00:15<00:07, 18.57it/s]
 69%|#####################3         | 302/439 [00:15<00:07, 18.62it/s]
 69%|#####################4         | 304/439 [00:16<00:07, 18.76it/s]
 70%|#####################6         | 306/439 [00:16<00:07, 18.77it/s]
 70%|#####################7         | 308/439 [00:16<00:07, 18.38it/s]
 71%|#####################8         | 310/439 [00:16<00:06, 18.56it/s]
 71%|######################         | 312/439 [00:16<00:06, 18.78it/s]
 72%|######################1        | 314/439 [00:16<00:06, 18.91it/s]
 72%|######################3        | 316/439 [00:16<00:06, 19.02it/s]
 72%|######################4        | 318/439 [00:16<00:06, 18.90it/s]
 73%|######################5        | 320/439 [00:16<00:06, 18.90it/s]
 73%|######################7        | 322/439 [00:17<00:06, 17.25it/s]
 74%|######################8        | 324/439 [00:17<00:06, 17.77it/s]
 74%|#######################        | 326/439 [00:17<00:06, 17.81it/s]
 75%|#######################1       | 328/439 [00:17<00:06, 18.15it/s]
 75%|#######################3       | 330/439 [00:17<00:05, 18.29it/s]
 76%|#######################4       | 332/439 [00:17<00:05, 18.42it/s]
 76%|#######################5       | 334/439 [00:17<00:05, 18.55it/s]
 77%|#######################7       | 336/439 [00:17<00:05, 18.67it/s]
 77%|#######################8       | 338/439 [00:17<00:05, 18.70it/s]
 77%|########################       | 340/439 [00:18<00:05, 18.80it/s]
 78%|########################1      | 342/439 [00:18<00:05, 18.38it/s]
 78%|########################2      | 344/439 [00:18<00:05, 18.40it/s]
 79%|########################4      | 346/439 [00:18<00:05, 17.50it/s]
 79%|########################5      | 348/439 [00:18<00:05, 17.49it/s]
 80%|########################7      | 350/439 [00:18<00:04, 17.81it/s]
 80%|########################8      | 352/439 [00:18<00:04, 18.22it/s]
 81%|########################9      | 354/439 [00:18<00:04, 18.52it/s]
 81%|#########################1     | 356/439 [00:18<00:04, 18.73it/s]
 82%|#########################2     | 358/439 [00:19<00:04, 18.91it/s]
 82%|#########################4     | 360/439 [00:19<00:12,  6.40it/s]
 82%|#########################5     | 362/439 [00:19<00:09,  7.99it/s]
 83%|#########################7     | 364/439 [00:20<00:07,  9.65it/s]
 83%|#########################8     | 366/439 [00:20<00:06, 11.27it/s]
 84%|#########################9     | 368/439 [00:20<00:05, 12.79it/s]
 84%|##########################1    | 370/439 [00:20<00:04, 14.16it/s]
 85%|##########################2    | 372/439 [00:20<00:04, 15.42it/s]
 85%|##########################4    | 374/439 [00:20<00:03, 16.35it/s]
 86%|##########################5    | 376/439 [00:20<00:03, 17.10it/s]
 86%|##########################6    | 378/439 [00:20<00:03, 17.58it/s]
 87%|##########################8    | 380/439 [00:20<00:03, 17.84it/s]
 87%|##########################9    | 382/439 [00:20<00:03, 18.01it/s]
 87%|###########################1   | 384/439 [00:21<00:03, 18.26it/s]
 88%|###########################2   | 386/439 [00:21<00:02, 18.50it/s]
 88%|###########################3   | 388/439 [00:21<00:02, 18.42it/s]
 89%|###########################5   | 390/439 [00:21<00:02, 18.50it/s]
 89%|###########################6   | 392/439 [00:21<00:02, 18.60it/s]
 90%|###########################8   | 394/439 [00:21<00:02, 18.71it/s]
 90%|###########################9   | 396/439 [00:21<00:02, 18.70it/s]
 91%|############################1  | 398/439 [00:21<00:02, 18.77it/s]
 91%|############################2  | 400/439 [00:21<00:02, 18.84it/s]
 92%|############################3  | 402/439 [00:22<00:01, 18.92it/s]
 92%|############################5  | 404/439 [00:22<00:01, 18.92it/s]
 92%|############################6  | 406/439 [00:22<00:01, 18.88it/s]
 93%|############################8  | 408/439 [00:22<00:01, 18.93it/s]
 93%|############################9  | 410/439 [00:22<00:01, 18.92it/s]
 94%|#############################  | 412/439 [00:22<00:01, 18.86it/s]
 94%|#############################2 | 414/439 [00:22<00:01, 18.82it/s]
 95%|#############################3 | 416/439 [00:22<00:01, 18.80it/s]
 95%|#############################5 | 418/439 [00:22<00:01, 18.83it/s]
 96%|#############################6 | 420/439 [00:23<00:01, 18.81it/s]
 96%|#############################7 | 422/439 [00:23<00:00, 18.81it/s]
 97%|#############################9 | 424/439 [00:23<00:00, 18.87it/s]
 97%|############################## | 426/439 [00:23<00:00, 18.91it/s]
 97%|##############################2| 428/439 [00:23<00:00, 18.81it/s]
 98%|##############################3| 430/439 [00:23<00:00, 18.64it/s]
 98%|##############################5| 432/439 [00:23<00:00, 18.67it/s]
 99%|##############################6| 434/439 [00:23<00:00, 18.78it/s]
 99%|##############################7| 436/439 [00:23<00:00, 18.82it/s]
100%|##############################9| 438/439 [00:23<00:00, 18.84it/s]
100%|###############################| 439/439 [00:24<00:00, 18.27it/s]
[SEAL Epoch 8] loss=0.5626

[SEAL Epoch 9/20] Run 1/1 - training...

  0%|                                         | 0/439 [00:00<?, ?it/s]
  0%|1                                | 2/439 [00:00<00:26, 16.21it/s]
  1%|3                                | 4/439 [00:00<00:25, 17.30it/s]
  1%|4                                | 6/439 [00:00<00:23, 18.09it/s]
  2%|6                                | 8/439 [00:00<00:23, 18.48it/s]
  2%|7                               | 10/439 [00:00<00:22, 18.67it/s]
  3%|8                               | 12/439 [00:00<00:22, 18.95it/s]
  3%|#                               | 14/439 [00:00<00:22, 18.87it/s]
  4%|#1                              | 16/439 [00:00<00:22, 18.90it/s]
  4%|#3                              | 18/439 [00:00<00:22, 18.98it/s]
  5%|#4                              | 20/439 [00:01<00:22, 18.93it/s]
  5%|#6                              | 22/439 [00:01<00:22, 18.93it/s]
  5%|#7                              | 24/439 [00:01<00:21, 18.97it/s]
  6%|#8                              | 26/439 [00:01<00:21, 18.91it/s]
  6%|##                              | 28/439 [00:01<00:21, 18.88it/s]
  7%|##1                             | 30/439 [00:01<00:21, 18.88it/s]
  7%|##3                             | 32/439 [00:01<00:21, 18.83it/s]
  8%|##4                             | 34/439 [00:01<00:21, 18.90it/s]
  8%|##6                             | 36/439 [00:01<00:21, 18.69it/s]
  9%|##7                             | 38/439 [00:02<00:21, 18.69it/s]
  9%|##9                             | 40/439 [00:02<00:21, 18.68it/s]
 10%|###                             | 42/439 [00:02<00:21, 18.78it/s]
 10%|###2                            | 44/439 [00:02<00:20, 18.83it/s]
 10%|###3                            | 46/439 [00:02<00:20, 18.90it/s]
 11%|###4                            | 48/439 [00:02<00:20, 18.99it/s]
 11%|###6                            | 50/439 [00:02<00:20, 18.92it/s]
 12%|###7                            | 52/439 [00:02<00:20, 18.99it/s]
 12%|###9                            | 54/439 [00:02<00:20, 18.98it/s]
 13%|####                            | 56/439 [00:02<00:20, 18.90it/s]
 13%|####2                           | 58/439 [00:03<00:20, 18.88it/s]
 14%|####3                           | 60/439 [00:03<00:20, 18.87it/s]
 14%|####5                           | 62/439 [00:03<00:19, 18.90it/s]
 15%|####6                           | 64/439 [00:03<00:19, 18.76it/s]
 15%|####8                           | 66/439 [00:03<00:19, 18.76it/s]
 15%|####9                           | 68/439 [00:03<00:19, 18.90it/s]
 16%|#####1                          | 70/439 [00:03<00:19, 18.88it/s]
 16%|#####2                          | 72/439 [00:03<00:19, 19.00it/s]
 17%|#####3                          | 74/439 [00:03<00:19, 18.94it/s]
 17%|#####5                          | 76/439 [00:04<00:19, 18.90it/s]
 18%|#####6                          | 78/439 [00:04<00:19, 18.70it/s]
 18%|#####8                          | 80/439 [00:04<00:19, 18.63it/s]
 19%|#####9                          | 82/439 [00:04<00:19, 18.77it/s]
 19%|######1                         | 84/439 [00:04<00:18, 18.79it/s]
 20%|######2                         | 86/439 [00:04<00:18, 18.76it/s]
 20%|######4                         | 88/439 [00:04<00:18, 18.77it/s]
 21%|######5                         | 90/439 [00:04<00:18, 18.78it/s]
 21%|######7                         | 92/439 [00:04<00:18, 18.99it/s]
 21%|######8                         | 94/439 [00:04<00:18, 18.88it/s]
 22%|######9                         | 96/439 [00:05<00:18, 18.98it/s]
 22%|#######1                        | 98/439 [00:05<00:17, 18.97it/s]
 23%|#######                        | 100/439 [00:05<00:17, 18.97it/s]
 23%|#######2                       | 102/439 [00:05<00:17, 18.94it/s]
 24%|#######3                       | 104/439 [00:05<00:17, 18.91it/s]
 24%|#######4                       | 106/439 [00:05<00:17, 18.81it/s]
 25%|#######6                       | 108/439 [00:05<00:17, 18.93it/s]
 25%|#######7                       | 110/439 [00:05<00:17, 18.91it/s]
 26%|#######9                       | 112/439 [00:05<00:17, 19.03it/s]
 26%|########                       | 114/439 [00:06<00:17, 18.99it/s]
 26%|########1                      | 116/439 [00:06<00:17, 18.95it/s]
 27%|########3                      | 118/439 [00:06<00:16, 18.90it/s]
 27%|########4                      | 120/439 [00:06<00:16, 18.91it/s]
 28%|########6                      | 122/439 [00:06<00:16, 18.75it/s]
 28%|########7                      | 124/439 [00:06<00:16, 18.65it/s]
 29%|########8                      | 126/439 [00:06<00:16, 18.64it/s]
 29%|#########                      | 128/439 [00:06<00:16, 18.65it/s]
 30%|#########1                     | 130/439 [00:06<00:16, 18.65it/s]
 30%|#########3                     | 132/439 [00:07<00:16, 18.52it/s]
 31%|#########4                     | 134/439 [00:07<00:16, 18.64it/s]
 31%|#########6                     | 136/439 [00:07<00:16, 18.73it/s]
 31%|#########7                     | 138/439 [00:07<00:15, 18.83it/s]
 32%|#########8                     | 140/439 [00:07<00:15, 18.85it/s]
 32%|##########                     | 142/439 [00:07<00:15, 18.89it/s]
 33%|##########1                    | 144/439 [00:07<00:15, 18.90it/s]
 33%|##########3                    | 146/439 [00:07<00:15, 18.94it/s]
 34%|##########4                    | 148/439 [00:07<00:15, 18.93it/s]
 34%|##########5                    | 150/439 [00:07<00:15, 18.95it/s]
 35%|##########7                    | 152/439 [00:08<00:15, 19.12it/s]
 35%|##########8                    | 154/439 [00:08<00:14, 19.09it/s]
 36%|###########                    | 156/439 [00:08<00:14, 19.03it/s]
 36%|###########1                   | 158/439 [00:08<00:14, 18.95it/s]
 36%|###########2                   | 160/439 [00:08<00:14, 18.92it/s]
 37%|###########4                   | 162/439 [00:08<00:14, 18.93it/s]
 37%|###########5                   | 164/439 [00:08<00:14, 18.68it/s]
 38%|###########7                   | 166/439 [00:08<00:14, 18.74it/s]
 38%|###########8                   | 168/439 [00:08<00:14, 18.75it/s]
 39%|############                   | 170/439 [00:09<00:14, 18.73it/s]
 39%|############1                  | 172/439 [00:09<00:14, 18.86it/s]
 40%|############2                  | 174/439 [00:09<00:14, 18.80it/s]
 40%|############4                  | 176/439 [00:09<00:13, 18.94it/s]
 41%|############5                  | 178/439 [00:09<00:13, 18.82it/s]
 41%|############7                  | 180/439 [00:09<00:13, 18.85it/s]
 41%|############8                  | 182/439 [00:09<00:13, 18.93it/s]
 42%|############9                  | 184/439 [00:09<00:13, 18.95it/s]
 42%|#############1                 | 186/439 [00:09<00:13, 18.97it/s]
 43%|#############2                 | 188/439 [00:09<00:13, 18.99it/s]
 43%|#############4                 | 190/439 [00:10<00:13, 18.98it/s]
 44%|#############5                 | 192/439 [00:10<00:13, 18.99it/s]
 44%|#############6                 | 194/439 [00:10<00:12, 18.99it/s]
 45%|#############8                 | 196/439 [00:10<00:12, 18.96it/s]
 45%|#############9                 | 198/439 [00:10<00:12, 18.94it/s]
 46%|##############1                | 200/439 [00:10<00:12, 18.87it/s]
 46%|##############2                | 202/439 [00:10<00:12, 19.02it/s]
 46%|##############4                | 204/439 [00:10<00:12, 18.98it/s]
 47%|##############5                | 206/439 [00:10<00:12, 18.94it/s]
 47%|##############6                | 208/439 [00:11<00:12, 18.80it/s]
 48%|##############8                | 210/439 [00:11<00:12, 18.76it/s]
 48%|##############9                | 212/439 [00:11<00:12, 18.60it/s]
 49%|###############1               | 214/439 [00:11<00:12, 17.73it/s]
 49%|###############2               | 216/439 [00:11<00:12, 18.08it/s]
 50%|###############3               | 218/439 [00:11<00:12, 18.33it/s]
 50%|###############5               | 220/439 [00:11<00:11, 18.37it/s]
 51%|###############6               | 222/439 [00:11<00:12, 17.66it/s]
 51%|###############8               | 224/439 [00:11<00:12, 17.00it/s]
 51%|###############9               | 226/439 [00:12<00:12, 17.47it/s]
 52%|################1              | 228/439 [00:12<00:11, 17.86it/s]
 52%|################2              | 230/439 [00:12<00:11, 18.30it/s]
 53%|################3              | 232/439 [00:12<00:11, 18.47it/s]
 53%|################5              | 234/439 [00:12<00:11, 18.57it/s]
 54%|################6              | 236/439 [00:12<00:11, 17.92it/s]
 54%|################8              | 238/439 [00:12<00:11, 18.22it/s]
 55%|################9              | 240/439 [00:12<00:10, 18.50it/s]
 55%|#################              | 242/439 [00:12<00:10, 18.52it/s]
 56%|#################2             | 244/439 [00:13<00:10, 18.53it/s]
 56%|#################3             | 246/439 [00:13<00:10, 17.65it/s]
 56%|#################5             | 248/439 [00:13<00:10, 17.98it/s]
 57%|#################6             | 250/439 [00:13<00:10, 17.90it/s]
 57%|#################7             | 252/439 [00:13<00:10, 18.16it/s]
 58%|#################9             | 254/439 [00:13<00:10, 18.36it/s]
 58%|##################             | 256/439 [00:13<00:09, 18.51it/s]
 59%|##################2            | 258/439 [00:13<00:09, 18.57it/s]
 59%|##################3            | 260/439 [00:13<00:10, 17.61it/s]
 60%|##################5            | 262/439 [00:14<00:09, 17.91it/s]
 60%|##################6            | 264/439 [00:14<00:09, 18.20it/s]
 61%|##################7            | 266/439 [00:14<00:09, 18.38it/s]
 61%|##################9            | 268/439 [00:14<00:09, 18.48it/s]
 62%|###################            | 270/439 [00:14<00:09, 18.67it/s]
 62%|###################2           | 272/439 [00:14<00:08, 18.73it/s]
 62%|###################3           | 274/439 [00:14<00:08, 18.74it/s]
 63%|###################4           | 276/439 [00:14<00:08, 18.71it/s]
 63%|###################6           | 278/439 [00:14<00:08, 18.68it/s]
 64%|###################7           | 280/439 [00:14<00:08, 18.75it/s]
 64%|###################9           | 282/439 [00:15<00:08, 18.81it/s]
 65%|####################           | 284/439 [00:15<00:08, 18.84it/s]
 65%|####################1          | 286/439 [00:15<00:08, 18.80it/s]
 66%|####################3          | 288/439 [00:15<00:08, 18.03it/s]
 66%|####################4          | 290/439 [00:15<00:08, 18.20it/s]
 67%|####################6          | 292/439 [00:15<00:07, 18.60it/s]
 67%|####################7          | 294/439 [00:15<00:07, 18.59it/s]
 67%|####################9          | 296/439 [00:15<00:07, 18.73it/s]
 68%|#####################          | 298/439 [00:15<00:07, 18.76it/s]
 68%|#####################1         | 300/439 [00:16<00:07, 18.82it/s]
 69%|#####################3         | 302/439 [00:16<00:07, 18.90it/s]
 69%|#####################4         | 304/439 [00:16<00:07, 18.76it/s]
 70%|#####################6         | 306/439 [00:16<00:07, 18.72it/s]
 70%|#####################7         | 308/439 [00:16<00:06, 18.75it/s]
 71%|#####################8         | 310/439 [00:16<00:06, 18.87it/s]
 71%|######################         | 312/439 [00:16<00:07, 17.71it/s]
 72%|######################1        | 314/439 [00:16<00:06, 18.04it/s]
 72%|######################3        | 316/439 [00:16<00:06, 18.29it/s]
 72%|######################4        | 318/439 [00:17<00:06, 18.52it/s]
 73%|######################5        | 320/439 [00:17<00:06, 18.50it/s]
 73%|######################7        | 322/439 [00:17<00:06, 18.62it/s]
 74%|######################8        | 324/439 [00:17<00:06, 18.64it/s]
 74%|#######################        | 326/439 [00:17<00:06, 18.64it/s]
 75%|#######################1       | 328/439 [00:17<00:05, 18.73it/s]
 75%|#######################3       | 330/439 [00:17<00:05, 18.90it/s]
 76%|#######################4       | 332/439 [00:17<00:05, 18.91it/s]
 76%|#######################5       | 334/439 [00:17<00:05, 18.94it/s]
 77%|#######################7       | 336/439 [00:17<00:05, 18.72it/s]
 77%|#######################8       | 338/439 [00:18<00:05, 18.75it/s]
 77%|########################       | 340/439 [00:18<00:05, 18.77it/s]
 78%|########################1      | 342/439 [00:18<00:05, 18.77it/s]
 78%|########################2      | 344/439 [00:18<00:05, 18.81it/s]
 79%|########################4      | 346/439 [00:18<00:04, 18.76it/s]
 79%|########################5      | 348/439 [00:18<00:04, 18.71it/s]
 80%|########################7      | 350/439 [00:18<00:04, 18.88it/s]
 80%|########################8      | 352/439 [00:18<00:04, 18.88it/s]
 81%|########################9      | 354/439 [00:18<00:04, 18.87it/s]
 81%|#########################1     | 356/439 [00:19<00:04, 18.85it/s]
 82%|#########################2     | 358/439 [00:19<00:04, 18.84it/s]
 82%|#########################4     | 360/439 [00:19<00:04, 18.81it/s]
 82%|#########################5     | 362/439 [00:19<00:04, 18.84it/s]
 83%|#########################7     | 364/439 [00:19<00:03, 18.84it/s]
 83%|#########################8     | 366/439 [00:19<00:03, 18.81it/s]
 84%|#########################9     | 368/439 [00:19<00:03, 18.76it/s]
 84%|##########################1    | 370/439 [00:19<00:03, 18.93it/s]
 85%|##########################2    | 372/439 [00:19<00:03, 18.96it/s]
 85%|##########################4    | 374/439 [00:20<00:03, 18.88it/s]
 86%|##########################5    | 376/439 [00:20<00:03, 18.87it/s]
 86%|##########################6    | 378/439 [00:20<00:03, 18.87it/s]
 87%|##########################8    | 380/439 [00:20<00:03, 18.89it/s]
 87%|##########################9    | 382/439 [00:20<00:03, 18.88it/s]
 87%|###########################1   | 384/439 [00:20<00:02, 18.82it/s]
 88%|###########################2   | 386/439 [00:20<00:02, 18.76it/s]
 88%|###########################3   | 388/439 [00:20<00:02, 18.83it/s]
 89%|###########################5   | 390/439 [00:20<00:02, 19.02it/s]
 89%|###########################6   | 392/439 [00:20<00:02, 18.97it/s]
 90%|###########################8   | 394/439 [00:21<00:02, 19.00it/s]
 90%|###########################9   | 396/439 [00:21<00:02, 18.92it/s]
 91%|############################1  | 398/439 [00:21<00:02, 18.94it/s]
 91%|############################2  | 400/439 [00:21<00:02, 18.84it/s]
 92%|############################3  | 402/439 [00:21<00:01, 18.87it/s]
 92%|############################5  | 404/439 [00:21<00:01, 18.84it/s]
 92%|############################6  | 406/439 [00:21<00:01, 18.92it/s]
 93%|############################8  | 408/439 [00:21<00:01, 18.81it/s]
 93%|############################9  | 410/439 [00:21<00:01, 18.97it/s]
 94%|#############################  | 412/439 [00:22<00:01, 18.95it/s]
 94%|#############################2 | 414/439 [00:22<00:01, 18.94it/s]
 95%|#############################3 | 416/439 [00:22<00:01, 18.92it/s]
 95%|#############################5 | 418/439 [00:22<00:01, 18.96it/s]
 96%|#############################6 | 420/439 [00:22<00:01, 18.93it/s]
 96%|#############################7 | 422/439 [00:22<00:00, 17.95it/s]
 97%|#############################9 | 424/439 [00:22<00:00, 18.24it/s]
 97%|############################## | 426/439 [00:22<00:00, 18.38it/s]
 97%|##############################2| 428/439 [00:22<00:00, 18.53it/s]
 98%|##############################3| 430/439 [00:23<00:00, 17.65it/s]
 98%|##############################5| 432/439 [00:23<00:00, 17.10it/s]
 99%|##############################6| 434/439 [00:23<00:00, 17.52it/s]
 99%|##############################7| 436/439 [00:23<00:00, 17.00it/s]
100%|##############################9| 438/439 [00:23<00:00, 16.58it/s]
100%|###############################| 439/439 [00:23<00:00, 18.64it/s]
[SEAL Epoch 9] loss=0.5621

[SEAL Epoch 10/20] Run 1/1 - training...

  0%|                                         | 0/439 [00:00<?, ?it/s]
  0%|1                                | 2/439 [00:00<00:33, 13.20it/s]
  1%|3                                | 4/439 [00:00<00:27, 16.05it/s]
  1%|4                                | 6/439 [00:00<00:24, 17.38it/s]
  2%|6                                | 8/439 [00:00<00:24, 17.68it/s]
  2%|7                               | 10/439 [00:00<00:23, 18.16it/s]
  3%|8                               | 12/439 [00:00<00:23, 18.50it/s]
  3%|#                               | 14/439 [00:00<00:22, 18.61it/s]
  4%|#1                              | 16/439 [00:00<00:22, 18.60it/s]
  4%|#3                              | 18/439 [00:01<00:22, 18.62it/s]
  5%|#4                              | 20/439 [00:01<00:22, 18.69it/s]
  5%|#6                              | 22/439 [00:01<00:23, 17.83it/s]
  5%|#7                              | 24/439 [00:01<00:22, 18.12it/s]
  6%|#8                              | 26/439 [00:01<00:22, 18.35it/s]
  6%|##                              | 28/439 [00:01<00:22, 18.63it/s]
  7%|##1                             | 30/439 [00:01<00:21, 18.69it/s]
  7%|##3                             | 32/439 [00:01<00:21, 18.67it/s]
  8%|##4                             | 34/439 [00:01<00:21, 18.68it/s]
  8%|##6                             | 36/439 [00:01<00:21, 18.77it/s]
  9%|##7                             | 38/439 [00:02<00:21, 18.83it/s]
  9%|##9                             | 40/439 [00:02<00:21, 18.80it/s]
 10%|###                             | 42/439 [00:02<00:22, 17.96it/s]
 10%|###2                            | 44/439 [00:02<00:21, 18.28it/s]
 10%|###3                            | 46/439 [00:02<00:21, 18.64it/s]
 11%|###4                            | 48/439 [00:02<00:20, 18.76it/s]
 11%|###6                            | 50/439 [00:02<00:20, 18.80it/s]
 12%|###7                            | 52/439 [00:02<00:20, 18.84it/s]
 12%|###9                            | 54/439 [00:02<00:20, 18.93it/s]
 13%|####                            | 56/439 [00:03<00:21, 17.85it/s]
 13%|####2                           | 58/439 [00:03<00:22, 17.19it/s]
 14%|####3                           | 60/439 [00:03<00:21, 17.69it/s]
 14%|####5                           | 62/439 [00:03<00:20, 18.00it/s]
 15%|####6                           | 64/439 [00:03<00:20, 18.25it/s]
 15%|####8                           | 66/439 [00:03<00:20, 18.45it/s]
 15%|####9                           | 68/439 [00:03<00:19, 18.63it/s]
 16%|#####1                          | 70/439 [00:03<00:19, 18.58it/s]
 16%|#####2                          | 72/439 [00:03<00:19, 18.65it/s]
 17%|#####3                          | 74/439 [00:04<00:19, 18.78it/s]
 17%|#####5                          | 76/439 [00:04<00:19, 18.85it/s]
 18%|#####6                          | 78/439 [00:04<00:19, 18.90it/s]
 18%|#####8                          | 80/439 [00:04<00:19, 18.88it/s]
 19%|#####9                          | 82/439 [00:04<00:18, 18.97it/s]
 19%|######1                         | 84/439 [00:04<00:18, 18.89it/s]
 20%|######2                         | 86/439 [00:04<00:18, 19.00it/s]
 20%|######4                         | 88/439 [00:04<00:18, 19.12it/s]
 21%|######5                         | 90/439 [00:04<00:18, 19.17it/s]
 21%|######7                         | 92/439 [00:04<00:18, 19.11it/s]
 21%|######8                         | 94/439 [00:05<00:18, 18.98it/s]
 22%|######9                         | 96/439 [00:05<00:18, 18.95it/s]
 22%|#######1                        | 98/439 [00:05<00:17, 18.97it/s]
 23%|#######                        | 100/439 [00:05<00:17, 18.96it/s]
 23%|#######2                       | 102/439 [00:05<00:17, 19.01it/s]
 24%|#######3                       | 104/439 [00:05<00:17, 18.90it/s]
 24%|#######4                       | 106/439 [00:05<00:17, 18.85it/s]
 25%|#######6                       | 108/439 [00:05<00:17, 18.92it/s]
 25%|#######7                       | 110/439 [00:06<00:53,  6.19it/s]
 26%|#######9                       | 112/439 [00:06<00:42,  7.71it/s]
 26%|########                       | 114/439 [00:06<00:34,  9.38it/s]
 26%|########1                      | 116/439 [00:06<00:30, 10.72it/s]
 27%|########3                      | 118/439 [00:07<00:26, 12.32it/s]
 27%|########4                      | 120/439 [00:07<00:23, 13.75it/s]
 28%|########6                      | 122/439 [00:07<00:21, 14.99it/s]
 28%|########7                      | 124/439 [00:07<00:20, 15.27it/s]
 29%|########8                      | 126/439 [00:07<00:19, 16.25it/s]
 29%|#########                      | 128/439 [00:07<00:18, 16.88it/s]
 30%|#########1                     | 130/439 [00:07<00:17, 17.27it/s]
 30%|#########3                     | 132/439 [00:07<00:18, 16.78it/s]
 31%|#########4                     | 134/439 [00:07<00:17, 17.38it/s]
 31%|#########6                     | 136/439 [00:08<00:17, 17.78it/s]
 31%|#########7                     | 138/439 [00:08<00:17, 17.15it/s]
 32%|#########8                     | 140/439 [00:08<00:16, 17.64it/s]
 32%|##########                     | 142/439 [00:08<00:17, 17.05it/s]
 33%|##########1                    | 144/439 [00:08<00:16, 17.58it/s]
 33%|##########3                    | 146/439 [00:08<00:16, 17.83it/s]
 34%|##########4                    | 148/439 [00:08<00:15, 18.22it/s]
 34%|##########5                    | 150/439 [00:08<00:15, 18.36it/s]
 35%|##########7                    | 152/439 [00:08<00:15, 18.55it/s]
 35%|##########8                    | 154/439 [00:09<00:15, 18.64it/s]
 36%|###########                    | 156/439 [00:09<00:15, 18.72it/s]
 36%|###########1                   | 158/439 [00:09<00:14, 18.78it/s]
 36%|###########2                   | 160/439 [00:09<00:14, 18.86it/s]
 37%|###########4                   | 162/439 [00:09<00:14, 18.96it/s]
 37%|###########5                   | 164/439 [00:09<00:14, 18.91it/s]
 38%|###########7                   | 166/439 [00:09<00:14, 18.86it/s]
 38%|###########8                   | 168/439 [00:09<00:14, 18.81it/s]
 39%|############                   | 170/439 [00:09<00:14, 18.86it/s]
 39%|############1                  | 172/439 [00:10<00:14, 18.88it/s]
 40%|############2                  | 174/439 [00:10<00:14, 18.87it/s]
 40%|############4                  | 176/439 [00:10<00:13, 18.87it/s]
 41%|############5                  | 178/439 [00:10<00:13, 18.85it/s]
 41%|############7                  | 180/439 [00:10<00:13, 18.85it/s]
 41%|############8                  | 182/439 [00:10<00:14, 17.83it/s]
 42%|############9                  | 184/439 [00:10<00:14, 18.17it/s]
 42%|#############1                 | 186/439 [00:10<00:14, 17.29it/s]
 43%|#############2                 | 188/439 [00:10<00:14, 16.90it/s]
 43%|#############4                 | 190/439 [00:11<00:14, 17.48it/s]
 44%|#############5                 | 192/439 [00:11<00:13, 17.90it/s]
 44%|#############6                 | 194/439 [00:11<00:13, 18.24it/s]
 45%|#############8                 | 196/439 [00:11<00:13, 18.45it/s]
 45%|#############9                 | 198/439 [00:11<00:13, 18.38it/s]
 46%|##############1                | 200/439 [00:11<00:13, 17.36it/s]
 46%|##############2                | 202/439 [00:11<00:13, 17.79it/s]
 46%|##############4                | 204/439 [00:11<00:12, 18.14it/s]
 47%|##############5                | 206/439 [00:11<00:12, 18.20it/s]
 47%|##############6                | 208/439 [00:12<00:12, 18.39it/s]
 48%|##############8                | 210/439 [00:12<00:12, 18.49it/s]
 48%|##############9                | 212/439 [00:12<00:12, 18.63it/s]
 49%|###############1               | 214/439 [00:12<00:12, 18.72it/s]
 49%|###############2               | 216/439 [00:12<00:11, 18.82it/s]
 50%|###############3               | 218/439 [00:12<00:11, 18.85it/s]
 50%|###############5               | 220/439 [00:12<00:11, 18.89it/s]
 51%|###############6               | 222/439 [00:12<00:11, 18.88it/s]
 51%|###############8               | 224/439 [00:12<00:11, 18.85it/s]
 51%|###############9               | 226/439 [00:13<00:11, 18.71it/s]
 52%|################1              | 228/439 [00:13<00:11, 18.75it/s]
 52%|################2              | 230/439 [00:13<00:11, 18.74it/s]
 53%|################3              | 232/439 [00:13<00:11, 18.72it/s]
 53%|################5              | 234/439 [00:13<00:11, 18.56it/s]
 54%|################6              | 236/439 [00:13<00:10, 18.70it/s]
 54%|################8              | 238/439 [00:13<00:10, 18.73it/s]
 55%|################9              | 240/439 [00:13<00:10, 18.67it/s]
 55%|#################              | 242/439 [00:13<00:10, 18.66it/s]
 56%|#################2             | 244/439 [00:13<00:10, 18.60it/s]
 56%|#################3             | 246/439 [00:14<00:10, 18.81it/s]
 56%|#################5             | 248/439 [00:14<00:10, 18.83it/s]
 57%|#################6             | 250/439 [00:14<00:10, 18.81it/s]
 57%|#################7             | 252/439 [00:14<00:09, 18.91it/s]
 58%|#################9             | 254/439 [00:14<00:09, 18.94it/s]
 58%|##################             | 256/439 [00:14<00:09, 18.91it/s]
 59%|##################2            | 258/439 [00:14<00:09, 18.92it/s]
 59%|##################3            | 260/439 [00:14<00:09, 18.99it/s]
 60%|##################5            | 262/439 [00:14<00:09, 18.88it/s]
 60%|##################6            | 264/439 [00:15<00:09, 18.91it/s]
 61%|##################7            | 266/439 [00:15<00:09, 19.04it/s]
 61%|##################9            | 268/439 [00:15<00:08, 19.03it/s]
 62%|###################            | 270/439 [00:15<00:08, 18.98it/s]
 62%|###################2           | 272/439 [00:15<00:08, 18.93it/s]
 62%|###################3           | 274/439 [00:15<00:08, 18.85it/s]
 63%|###################4           | 276/439 [00:15<00:08, 18.92it/s]
 63%|###################6           | 278/439 [00:15<00:08, 18.93it/s]
 64%|###################7           | 280/439 [00:15<00:08, 18.92it/s]
 64%|###################9           | 282/439 [00:15<00:08, 18.96it/s]
 65%|####################           | 284/439 [00:16<00:08, 18.71it/s]
 65%|####################1          | 286/439 [00:16<00:08, 18.87it/s]
 66%|####################3          | 288/439 [00:16<00:07, 18.94it/s]
 66%|####################4          | 290/439 [00:16<00:07, 18.87it/s]
 67%|####################6          | 292/439 [00:16<00:07, 18.87it/s]
 67%|####################7          | 294/439 [00:16<00:07, 18.89it/s]
 67%|####################9          | 296/439 [00:16<00:07, 18.92it/s]
 68%|#####################          | 298/439 [00:16<00:07, 18.91it/s]
 68%|#####################1         | 300/439 [00:16<00:07, 18.88it/s]
 69%|#####################3         | 302/439 [00:17<00:07, 18.82it/s]
 69%|#####################4         | 304/439 [00:17<00:07, 18.92it/s]
 70%|#####################6         | 306/439 [00:17<00:07, 18.81it/s]
 70%|#####################7         | 308/439 [00:17<00:06, 18.92it/s]
 71%|#####################8         | 310/439 [00:17<00:06, 18.83it/s]
 71%|######################         | 312/439 [00:17<00:06, 18.87it/s]
 72%|######################1        | 314/439 [00:17<00:06, 18.88it/s]
 72%|######################3        | 316/439 [00:17<00:06, 18.94it/s]
 72%|######################4        | 318/439 [00:17<00:06, 18.85it/s]
 73%|######################5        | 320/439 [00:17<00:06, 18.86it/s]
 73%|######################7        | 322/439 [00:18<00:06, 18.88it/s]
 74%|######################8        | 324/439 [00:18<00:06, 18.82it/s]
 74%|#######################        | 326/439 [00:18<00:06, 18.81it/s]
 75%|#######################1       | 328/439 [00:18<00:05, 18.63it/s]
 75%|#######################3       | 330/439 [00:18<00:05, 18.77it/s]
 76%|#######################4       | 332/439 [00:18<00:05, 18.85it/s]
 76%|#######################5       | 334/439 [00:18<00:05, 18.84it/s]
 77%|#######################7       | 336/439 [00:18<00:05, 18.94it/s]
 77%|#######################8       | 338/439 [00:18<00:05, 18.97it/s]
 77%|########################       | 340/439 [00:19<00:05, 18.92it/s]
 78%|########################1      | 342/439 [00:19<00:05, 18.83it/s]
 78%|########################2      | 344/439 [00:19<00:05, 18.78it/s]
 79%|########################4      | 346/439 [00:19<00:04, 18.74it/s]
 79%|########################5      | 348/439 [00:19<00:04, 18.83it/s]
 80%|########################7      | 350/439 [00:19<00:04, 18.83it/s]
 80%|########################8      | 352/439 [00:19<00:04, 18.83it/s]
 81%|########################9      | 354/439 [00:19<00:04, 18.81it/s]
 81%|#########################1     | 356/439 [00:19<00:04, 18.87it/s]
 82%|#########################2     | 358/439 [00:20<00:04, 18.89it/s]
 82%|#########################4     | 360/439 [00:20<00:04, 18.98it/s]
 82%|#########################5     | 362/439 [00:20<00:04, 18.96it/s]
 83%|#########################7     | 364/439 [00:20<00:03, 18.97it/s]
 83%|#########################8     | 366/439 [00:20<00:03, 19.19it/s]
 84%|#########################9     | 368/439 [00:20<00:03, 19.17it/s]
 84%|##########################1    | 370/439 [00:20<00:03, 18.98it/s]
 85%|##########################2    | 372/439 [00:20<00:03, 18.98it/s]
 85%|##########################4    | 374/439 [00:20<00:03, 18.96it/s]
 86%|##########################5    | 376/439 [00:20<00:03, 19.05it/s]
 86%|##########################6    | 378/439 [00:21<00:03, 19.07it/s]
 87%|##########################8    | 380/439 [00:21<00:03, 19.02it/s]
 87%|##########################9    | 382/439 [00:21<00:02, 19.04it/s]
 87%|###########################1   | 384/439 [00:21<00:02, 19.01it/s]
 88%|###########################2   | 386/439 [00:21<00:02, 19.13it/s]
 88%|###########################3   | 388/439 [00:21<00:02, 19.23it/s]
 89%|###########################5   | 390/439 [00:21<00:02, 19.17it/s]
 89%|###########################6   | 392/439 [00:21<00:02, 19.14it/s]
 90%|###########################8   | 394/439 [00:21<00:02, 19.04it/s]
 90%|###########################9   | 396/439 [00:21<00:02, 18.96it/s]
 91%|############################1  | 398/439 [00:22<00:02, 18.88it/s]
 91%|############################2  | 400/439 [00:22<00:02, 18.98it/s]
 92%|############################3  | 402/439 [00:22<00:01, 19.05it/s]
 92%|############################5  | 404/439 [00:22<00:01, 19.08it/s]
 92%|############################6  | 406/439 [00:22<00:01, 18.93it/s]
 93%|############################8  | 408/439 [00:22<00:01, 18.76it/s]
 93%|############################9  | 410/439 [00:22<00:01, 18.77it/s]
 94%|#############################  | 412/439 [00:22<00:01, 18.87it/s]
 94%|#############################2 | 414/439 [00:22<00:01, 18.90it/s]
 95%|#############################3 | 416/439 [00:23<00:01, 19.00it/s]
 95%|#############################5 | 418/439 [00:23<00:01, 19.04it/s]
 96%|#############################6 | 420/439 [00:23<00:00, 19.01it/s]
 96%|#############################7 | 422/439 [00:23<00:00, 18.92it/s]
 97%|#############################9 | 424/439 [00:23<00:00, 18.92it/s]
 97%|############################## | 426/439 [00:23<00:00, 18.97it/s]
 97%|##############################2| 428/439 [00:23<00:00, 18.99it/s]
 98%|##############################3| 430/439 [00:23<00:00, 18.94it/s]
 98%|##############################5| 432/439 [00:23<00:00, 18.96it/s]
 99%|##############################6| 434/439 [00:24<00:00, 18.90it/s]
 99%|##############################7| 436/439 [00:24<00:00, 18.93it/s]
100%|##############################9| 438/439 [00:24<00:00, 18.93it/s]
100%|###############################| 439/439 [00:24<00:00, 18.09it/s]
[SEAL Epoch 10] loss=0.5618
[SEAL Epoch 10] Evaluating...

  0%|                                          | 0/55 [00:00<?, ?it/s]
  4%|#2                                | 2/55 [00:00<00:04, 13.06it/s]
  7%|##4                               | 4/55 [00:00<00:03, 13.04it/s]
 11%|###7                              | 6/55 [00:00<00:03, 13.03it/s]
 15%|####9                             | 8/55 [00:00<00:03, 13.03it/s]
 18%|######                           | 10/55 [00:00<00:03, 13.07it/s]
 22%|#######2                         | 12/55 [00:00<00:03, 13.19it/s]
 25%|########3                        | 14/55 [00:01<00:03, 13.14it/s]
 29%|#########6                       | 16/55 [00:01<00:02, 13.12it/s]
 33%|##########8                      | 18/55 [00:01<00:02, 13.16it/s]
 36%|############                     | 20/55 [00:01<00:02, 13.17it/s]
 40%|#############2                   | 22/55 [00:01<00:02, 13.18it/s]
 44%|##############4                  | 24/55 [00:01<00:02, 13.21it/s]
 47%|###############6                 | 26/55 [00:01<00:02, 13.20it/s]
 51%|################7                | 28/55 [00:02<00:02, 13.17it/s]
 55%|##################               | 30/55 [00:02<00:01, 13.06it/s]
 58%|###################2             | 32/55 [00:02<00:01, 12.93it/s]
 62%|####################4            | 34/55 [00:02<00:01, 12.88it/s]
 65%|#####################6           | 36/55 [00:02<00:01, 12.96it/s]
 69%|######################8          | 38/55 [00:02<00:01, 12.89it/s]
 73%|########################         | 40/55 [00:03<00:01, 12.88it/s]
 76%|#########################2       | 42/55 [00:03<00:01, 12.97it/s]
 80%|##########################4      | 44/55 [00:03<00:00, 12.98it/s]
 84%|###########################6     | 46/55 [00:03<00:00, 12.91it/s]
 87%|############################8    | 48/55 [00:03<00:00, 13.01it/s]
 91%|##############################   | 50/55 [00:03<00:00, 12.95it/s]
 95%|###############################2 | 52/55 [00:04<00:00,  5.33it/s]
 98%|################################4| 54/55 [00:04<00:00,  6.47it/s]
100%|#################################| 55/55 [00:04<00:00, 11.12it/s]

  0%|                                          | 0/55 [00:00<?, ?it/s]
  4%|#2                                | 2/55 [00:00<00:04, 13.17it/s]
  7%|##4                               | 4/55 [00:00<00:03, 13.30it/s]
 11%|###7                              | 6/55 [00:00<00:03, 13.13it/s]
 15%|####9                             | 8/55 [00:00<00:03, 13.12it/s]
 18%|######                           | 10/55 [00:00<00:03, 13.07it/s]
 22%|#######2                         | 12/55 [00:00<00:03, 12.99it/s]
 25%|########3                        | 14/55 [00:01<00:03, 13.04it/s]
 29%|#########6                       | 16/55 [00:01<00:02, 13.12it/s]
 33%|##########8                      | 18/55 [00:01<00:02, 13.11it/s]
 36%|############                     | 20/55 [00:01<00:02, 13.13it/s]
 40%|#############2                   | 22/55 [00:01<00:02, 13.15it/s]
 44%|##############4                  | 24/55 [00:01<00:02, 13.12it/s]
 47%|###############6                 | 26/55 [00:01<00:02, 13.15it/s]
 51%|################7                | 28/55 [00:02<00:02, 13.17it/s]
 55%|##################               | 30/55 [00:02<00:01, 13.13it/s]
 58%|###################2             | 32/55 [00:02<00:01, 13.09it/s]
 62%|####################4            | 34/55 [00:02<00:01, 13.09it/s]
 65%|#####################6           | 36/55 [00:02<00:01, 13.00it/s]
 69%|######################8          | 38/55 [00:02<00:01, 12.97it/s]
 73%|########################         | 40/55 [00:03<00:01, 13.05it/s]
 76%|#########################2       | 42/55 [00:03<00:00, 13.05it/s]
 80%|##########################4      | 44/55 [00:03<00:00, 13.04it/s]
 84%|###########################6     | 46/55 [00:03<00:00, 13.02it/s]
 87%|############################8    | 48/55 [00:03<00:00, 13.00it/s]
 91%|##############################   | 50/55 [00:03<00:00, 12.95it/s]
 95%|###############################2 | 52/55 [00:03<00:00, 12.95it/s]
 98%|################################4| 54/55 [00:04<00:00, 12.94it/s]
100%|#################################| 55/55 [00:04<00:00, 13.08it/s]
AUC
Run: 01, Epoch: 10, Loss: 0.5618, Train: 77.72%, Valid: 77.80%, Test: 77.66%

[SEAL Epoch 11/20] Run 1/1 - training...

  0%|                                         | 0/439 [00:00<?, ?it/s]C:\Users\UNITY\Desktop\ANH\Image-Processing-2026\source\baseline_models\link_prediction\SEAL_OGB\seal_link_pred.py:235: FutureWarning: `torch.cuda.amp.autocast(args...)` is deprecated. Please use `torch.amp.autocast('cuda', args...)` instead.
  with torch.cuda.amp.autocast(enabled=_use_amp):
C:\Users\UNITY\Desktop\ANH\Image-Processing-2026\source\baseline_models\link_prediction\SEAL_OGB\models.py:208: UserWarning: 'nn.glob.global_sort_pool' is deprecated, use 'nn.aggr.SortAggr' instead
  x = global_sort_pool(x, batch, self.k)

  0%|1                                | 2/439 [00:00<00:32, 13.39it/s]
  1%|3                                | 4/439 [00:00<00:29, 14.57it/s]
  1%|4                                | 6/439 [00:00<00:26, 16.42it/s]
  2%|6                                | 8/439 [00:00<00:24, 17.29it/s]
  2%|7                               | 10/439 [00:00<00:24, 17.83it/s]
  3%|8                               | 12/439 [00:00<00:25, 16.95it/s]
  3%|#                               | 14/439 [00:00<00:24, 17.38it/s]
  4%|#1                              | 16/439 [00:00<00:23, 17.81it/s]
  4%|#3                              | 18/439 [00:01<00:23, 18.03it/s]
  5%|#4                              | 20/439 [00:01<00:23, 18.12it/s]
  5%|#6                              | 22/439 [00:01<00:22, 18.16it/s]
  5%|#7                              | 24/439 [00:01<00:22, 18.29it/s]
  6%|#8                              | 26/439 [00:01<00:23, 17.26it/s]
  6%|##                              | 28/439 [00:01<00:23, 17.67it/s]
  7%|##1                             | 30/439 [00:01<00:22, 17.87it/s]
  7%|##3                             | 32/439 [00:01<00:22, 18.10it/s]
  8%|##4                             | 34/439 [00:01<00:23, 17.45it/s]
  8%|##6                             | 36/439 [00:02<00:22, 17.83it/s]
  9%|##7                             | 38/439 [00:02<00:22, 18.14it/s]
  9%|##9                             | 40/439 [00:02<00:21, 18.26it/s]
 10%|###                             | 42/439 [00:02<00:21, 18.50it/s]
 10%|###2                            | 44/439 [00:02<00:21, 18.65it/s]
 10%|###3                            | 46/439 [00:02<00:21, 18.62it/s]
 11%|###4                            | 48/439 [00:02<00:21, 18.62it/s]
 11%|###6                            | 50/439 [00:02<00:21, 17.70it/s]
 12%|###7                            | 52/439 [00:02<00:22, 17.15it/s]
 12%|###9                            | 54/439 [00:03<00:21, 17.70it/s]
 13%|####                            | 56/439 [00:03<00:21, 17.85it/s]
 13%|####2                           | 58/439 [00:03<00:21, 18.04it/s]
 14%|####3                           | 60/439 [00:03<00:20, 18.28it/s]
 14%|####5                           | 62/439 [00:03<00:20, 18.50it/s]
 15%|####6                           | 64/439 [00:03<00:21, 17.56it/s]
 15%|####8                           | 66/439 [00:03<00:20, 17.94it/s]
 15%|####9                           | 68/439 [00:03<00:20, 18.04it/s]
 16%|#####1                          | 70/439 [00:03<00:20, 18.25it/s]
 16%|#####2                          | 72/439 [00:04<00:19, 18.42it/s]
 17%|#####3                          | 74/439 [00:04<00:19, 18.55it/s]
 17%|#####5                          | 76/439 [00:04<00:19, 18.68it/s]
 18%|#####6                          | 78/439 [00:04<00:19, 18.70it/s]
 18%|#####8                          | 80/439 [00:04<00:19, 18.79it/s]
 19%|#####9                          | 82/439 [00:04<00:18, 18.83it/s]
 19%|######1                         | 84/439 [00:04<00:18, 18.84it/s]
 20%|######2                         | 86/439 [00:04<00:18, 18.88it/s]
 20%|######4                         | 88/439 [00:04<00:18, 18.72it/s]
 21%|######5                         | 90/439 [00:04<00:18, 18.78it/s]
 21%|######7                         | 92/439 [00:05<00:18, 18.84it/s]
 21%|######8                         | 94/439 [00:05<00:18, 18.78it/s]
 22%|######9                         | 96/439 [00:05<00:18, 18.82it/s]
 22%|#######1                        | 98/439 [00:05<00:18, 18.87it/s]
 23%|#######                        | 100/439 [00:05<00:18, 18.55it/s]
 23%|#######2                       | 102/439 [00:05<00:18, 18.67it/s]
 24%|#######3                       | 104/439 [00:05<00:17, 18.68it/s]
 24%|#######4                       | 106/439 [00:05<00:17, 18.74it/s]
 25%|#######6                       | 108/439 [00:05<00:17, 18.91it/s]
 25%|#######7                       | 110/439 [00:06<00:17, 18.91it/s]
 26%|#######9                       | 112/439 [00:06<00:17, 18.88it/s]
 26%|########                       | 114/439 [00:06<00:17, 18.83it/s]
 26%|########1                      | 116/439 [00:06<00:17, 18.98it/s]
 27%|########3                      | 118/439 [00:06<00:16, 18.90it/s]
 27%|########4                      | 120/439 [00:06<00:16, 18.91it/s]
 28%|########6                      | 122/439 [00:06<00:16, 18.86it/s]
 28%|########7                      | 124/439 [00:06<00:16, 18.92it/s]
 29%|########8                      | 126/439 [00:06<00:16, 18.88it/s]
 29%|#########                      | 128/439 [00:07<00:16, 18.79it/s]
 30%|#########1                     | 130/439 [00:07<00:16, 18.87it/s]
 30%|#########3                     | 132/439 [00:07<00:16, 18.87it/s]
 31%|#########4                     | 134/439 [00:07<00:16, 18.77it/s]
 31%|#########6                     | 136/439 [00:07<00:16, 18.75it/s]
 31%|#########7                     | 138/439 [00:07<00:15, 18.85it/s]
 32%|#########8                     | 140/439 [00:07<00:15, 18.90it/s]
 32%|##########                     | 142/439 [00:07<00:15, 18.73it/s]
 33%|##########1                    | 144/439 [00:07<00:15, 18.60it/s]
 33%|##########3                    | 146/439 [00:07<00:15, 18.72it/s]
 34%|##########4                    | 148/439 [00:08<00:15, 18.75it/s]
 34%|##########5                    | 150/439 [00:08<00:15, 18.82it/s]
 35%|##########7                    | 152/439 [00:08<00:15, 18.78it/s]
 35%|##########8                    | 154/439 [00:08<00:15, 18.72it/s]
 36%|###########                    | 156/439 [00:08<00:15, 17.79it/s]
 36%|###########1                   | 158/439 [00:08<00:15, 18.13it/s]
 36%|###########2                   | 160/439 [00:08<00:15, 18.27it/s]
 37%|###########4                   | 162/439 [00:08<00:15, 17.47it/s]
 37%|###########5                   | 164/439 [00:08<00:15, 17.93it/s]
 38%|###########7                   | 166/439 [00:09<00:15, 18.04it/s]
 38%|###########8                   | 168/439 [00:09<00:14, 18.40it/s]
 39%|############                   | 170/439 [00:09<00:14, 18.53it/s]
 39%|############1                  | 172/439 [00:09<00:14, 18.71it/s]
 40%|############2                  | 174/439 [00:09<00:14, 18.79it/s]
 40%|############4                  | 176/439 [00:09<00:13, 18.82it/s]
 41%|############5                  | 178/439 [00:09<00:13, 18.86it/s]
 41%|############7                  | 180/439 [00:09<00:13, 18.79it/s]
 41%|############8                  | 182/439 [00:09<00:13, 18.80it/s]
 42%|############9                  | 184/439 [00:10<00:13, 18.89it/s]
 42%|#############1                 | 186/439 [00:10<00:13, 18.64it/s]
 43%|#############2                 | 188/439 [00:10<00:13, 18.70it/s]
 43%|#############4                 | 190/439 [00:10<00:13, 18.74it/s]
 44%|#############5                 | 192/439 [00:10<00:13, 18.87it/s]
 44%|#############6                 | 194/439 [00:10<00:12, 18.97it/s]
 45%|#############8                 | 196/439 [00:10<00:12, 18.97it/s]
 45%|#############9                 | 198/439 [00:10<00:12, 19.01it/s]
 46%|##############1                | 200/439 [00:10<00:13, 17.94it/s]
 46%|##############2                | 202/439 [00:11<00:13, 17.17it/s]
 46%|##############4                | 204/439 [00:11<00:13, 17.56it/s]
 47%|##############5                | 206/439 [00:11<00:12, 18.05it/s]
 47%|##############6                | 208/439 [00:11<00:12, 18.29it/s]
 48%|##############8                | 210/439 [00:11<00:12, 18.45it/s]
 48%|##############9                | 212/439 [00:11<00:12, 18.60it/s]
 49%|###############1               | 214/439 [00:11<00:12, 18.74it/s]
 49%|###############2               | 216/439 [00:11<00:11, 18.74it/s]
 50%|###############3               | 218/439 [00:11<00:11, 18.72it/s]
 50%|###############5               | 220/439 [00:11<00:11, 18.75it/s]
 51%|###############6               | 222/439 [00:12<00:11, 18.86it/s]
 51%|###############8               | 224/439 [00:12<00:11, 18.88it/s]
 51%|###############9               | 226/439 [00:12<00:11, 18.79it/s]
 52%|################1              | 228/439 [00:12<00:11, 18.60it/s]
 52%|################2              | 230/439 [00:12<00:11, 18.44it/s]
 53%|################3              | 232/439 [00:12<00:11, 18.60it/s]
 53%|################5              | 234/439 [00:12<00:10, 18.64it/s]
 54%|################6              | 236/439 [00:12<00:10, 18.67it/s]
 54%|################8              | 238/439 [00:12<00:10, 18.67it/s]
 55%|################9              | 240/439 [00:13<00:10, 18.67it/s]
 55%|#################              | 242/439 [00:13<00:10, 18.71it/s]
 56%|#################2             | 244/439 [00:13<00:10, 18.75it/s]
 56%|#################3             | 246/439 [00:13<00:10, 18.96it/s]
 56%|#################5             | 248/439 [00:13<00:10, 18.91it/s]
 57%|#################6             | 250/439 [00:13<00:10, 18.81it/s]
 57%|#################7             | 252/439 [00:13<00:09, 18.79it/s]
 58%|#################9             | 254/439 [00:13<00:09, 18.80it/s]
 58%|##################             | 256/439 [00:13<00:09, 18.76it/s]
 59%|##################2            | 258/439 [00:14<00:09, 18.76it/s]
 59%|##################3            | 260/439 [00:14<00:09, 18.74it/s]
 60%|##################5            | 262/439 [00:14<00:09, 18.70it/s]
 60%|##################6            | 264/439 [00:14<00:09, 18.70it/s]
 61%|##################7            | 266/439 [00:14<00:09, 18.69it/s]
 61%|##################9            | 268/439 [00:14<00:09, 18.75it/s]
 62%|###################            | 270/439 [00:14<00:08, 18.85it/s]
 62%|###################2           | 272/439 [00:14<00:08, 18.61it/s]
 62%|###################3           | 274/439 [00:14<00:08, 18.63it/s]
 63%|###################4           | 276/439 [00:14<00:08, 18.71it/s]
 63%|###################6           | 278/439 [00:15<00:08, 18.77it/s]
 64%|###################7           | 280/439 [00:15<00:08, 18.72it/s]
 64%|###################9           | 282/439 [00:15<00:08, 18.75it/s]
 65%|####################           | 284/439 [00:15<00:08, 18.64it/s]
 65%|####################1          | 286/439 [00:15<00:08, 18.71it/s]
 66%|####################3          | 288/439 [00:15<00:08, 18.73it/s]
 66%|####################4          | 290/439 [00:15<00:07, 18.72it/s]
 67%|####################6          | 292/439 [00:15<00:07, 18.77it/s]
 67%|####################7          | 294/439 [00:15<00:07, 18.76it/s]
 67%|####################9          | 296/439 [00:16<00:07, 18.88it/s]
 68%|#####################          | 298/439 [00:16<00:07, 18.89it/s]
 68%|#####################1         | 300/439 [00:16<00:07, 18.90it/s]
 69%|#####################3         | 302/439 [00:16<00:07, 18.95it/s]
 69%|#####################4         | 304/439 [00:16<00:07, 18.95it/s]
 70%|#####################6         | 306/439 [00:16<00:07, 18.92it/s]
 70%|#####################7         | 308/439 [00:16<00:06, 18.93it/s]
 71%|#####################8         | 310/439 [00:16<00:06, 18.89it/s]
 71%|######################         | 312/439 [00:16<00:06, 18.91it/s]
 72%|######################1        | 314/439 [00:16<00:06, 18.67it/s]
 72%|######################3        | 316/439 [00:17<00:06, 18.49it/s]
 72%|######################4        | 318/439 [00:17<00:06, 18.45it/s]
 73%|######################5        | 320/439 [00:17<00:06, 18.59it/s]
 73%|######################7        | 322/439 [00:17<00:06, 18.66it/s]
 74%|######################8        | 324/439 [00:17<00:06, 18.56it/s]
 74%|#######################        | 326/439 [00:17<00:06, 17.76it/s]
 75%|#######################1       | 328/439 [00:17<00:06, 18.04it/s]
 75%|#######################3       | 330/439 [00:17<00:05, 18.18it/s]
 76%|#######################4       | 332/439 [00:17<00:05, 18.33it/s]
 76%|#######################5       | 334/439 [00:18<00:05, 18.46it/s]
 77%|#######################7       | 336/439 [00:18<00:05, 18.59it/s]
 77%|#######################8       | 338/439 [00:18<00:05, 18.61it/s]
 77%|########################       | 340/439 [00:18<00:05, 18.64it/s]
 78%|########################1      | 342/439 [00:18<00:05, 18.66it/s]
 78%|########################2      | 344/439 [00:18<00:05, 18.84it/s]
 79%|########################4      | 346/439 [00:18<00:04, 18.79it/s]
 79%|########################5      | 348/439 [00:18<00:04, 18.78it/s]
 80%|########################7      | 350/439 [00:18<00:04, 18.58it/s]
 80%|########################8      | 352/439 [00:19<00:04, 17.55it/s]
 81%|########################9      | 354/439 [00:19<00:04, 17.90it/s]
 81%|#########################1     | 356/439 [00:19<00:04, 18.15it/s]
 82%|#########################2     | 358/439 [00:19<00:04, 18.21it/s]
 82%|#########################4     | 360/439 [00:19<00:04, 18.37it/s]
 82%|#########################5     | 362/439 [00:19<00:04, 18.56it/s]
 83%|#########################7     | 364/439 [00:19<00:04, 18.70it/s]
 83%|#########################8     | 366/439 [00:19<00:03, 18.70it/s]
 84%|#########################9     | 368/439 [00:19<00:03, 18.77it/s]
 84%|##########################1    | 370/439 [00:20<00:03, 18.75it/s]
 85%|##########################2    | 372/439 [00:20<00:03, 18.77it/s]
 85%|##########################4    | 374/439 [00:20<00:03, 18.87it/s]
 86%|##########################5    | 376/439 [00:20<00:03, 18.83it/s]
 86%|##########################6    | 378/439 [00:20<00:03, 18.80it/s]
 87%|##########################8    | 380/439 [00:20<00:03, 18.69it/s]
 87%|##########################9    | 382/439 [00:20<00:03, 18.68it/s]
 87%|###########################1   | 384/439 [00:20<00:02, 18.73it/s]
 88%|###########################2   | 386/439 [00:20<00:02, 18.65it/s]
 88%|###########################3   | 388/439 [00:20<00:02, 18.67it/s]
 89%|###########################5   | 390/439 [00:21<00:02, 18.74it/s]
 89%|###########################6   | 392/439 [00:21<00:02, 18.78it/s]
 90%|###########################8   | 394/439 [00:21<00:02, 18.81it/s]
 90%|###########################9   | 396/439 [00:21<00:02, 18.76it/s]
 91%|############################1  | 398/439 [00:21<00:02, 18.78it/s]
 91%|############################2  | 400/439 [00:21<00:02, 18.74it/s]
 92%|############################3  | 402/439 [00:21<00:01, 18.86it/s]
 92%|############################5  | 404/439 [00:21<00:01, 18.91it/s]
 92%|############################6  | 406/439 [00:21<00:01, 18.83it/s]
 93%|############################8  | 408/439 [00:22<00:01, 18.84it/s]
 93%|############################9  | 410/439 [00:22<00:01, 18.87it/s]
 94%|#############################  | 412/439 [00:22<00:01, 18.88it/s]
 94%|#############################2 | 414/439 [00:22<00:01, 18.81it/s]
 95%|#############################3 | 416/439 [00:22<00:01, 18.75it/s]
 95%|#############################5 | 418/439 [00:22<00:01, 18.86it/s]
 96%|#############################6 | 420/439 [00:22<00:01, 18.83it/s]
 96%|#############################7 | 422/439 [00:22<00:00, 18.73it/s]
 97%|#############################9 | 424/439 [00:22<00:00, 18.79it/s]
 97%|############################## | 426/439 [00:22<00:00, 18.78it/s]
 97%|##############################2| 428/439 [00:23<00:00, 18.72it/s]
 98%|##############################3| 430/439 [00:23<00:00, 18.57it/s]
 98%|##############################5| 432/439 [00:23<00:00, 18.55it/s]
 99%|##############################6| 434/439 [00:23<00:00, 18.56it/s]
 99%|##############################7| 436/439 [00:23<00:00, 18.73it/s]
100%|##############################9| 438/439 [00:23<00:00, 18.79it/s]
100%|###############################| 439/439 [00:23<00:00, 18.53it/s]
[SEAL Epoch 11] loss=0.5617

[SEAL Epoch 12/20] Run 1/1 - training...

  0%|                                         | 0/439 [00:00<?, ?it/s]
  0%|1                                | 2/439 [00:00<00:26, 16.46it/s]
  1%|3                                | 4/439 [00:00<00:24, 17.91it/s]
  1%|4                                | 6/439 [00:00<00:24, 17.95it/s]
  2%|6                                | 8/439 [00:00<00:23, 18.19it/s]
  2%|7                               | 10/439 [00:00<00:22, 18.69it/s]
  3%|8                               | 12/439 [00:00<00:22, 18.73it/s]
  3%|#                               | 14/439 [00:00<00:22, 18.84it/s]
  4%|#1                              | 16/439 [00:00<00:22, 18.90it/s]
  4%|#3                              | 18/439 [00:00<00:22, 18.87it/s]
  5%|#4                              | 20/439 [00:01<00:22, 18.73it/s]
  5%|#6                              | 22/439 [00:01<00:22, 18.65it/s]
  5%|#7                              | 24/439 [00:02<01:17,  5.33it/s]
  6%|#8                              | 26/439 [00:02<01:00,  6.83it/s]
  6%|##                              | 28/439 [00:02<00:48,  8.45it/s]
  7%|##1                             | 30/439 [00:02<00:40, 10.16it/s]
  7%|##3                             | 32/439 [00:02<00:34, 11.77it/s]
  8%|##4                             | 34/439 [00:02<00:30, 13.19it/s]
  8%|##6                             | 36/439 [00:02<00:27, 14.41it/s]
  9%|##7                             | 38/439 [00:02<00:25, 15.44it/s]
  9%|##9                             | 40/439 [00:03<00:24, 16.34it/s]
 10%|###                             | 42/439 [00:03<00:23, 17.01it/s]
 10%|###2                            | 44/439 [00:03<00:22, 17.50it/s]
 10%|###3                            | 46/439 [00:03<00:22, 17.78it/s]
 11%|###4                            | 48/439 [00:03<00:21, 17.84it/s]
 11%|###6                            | 50/439 [00:03<00:21, 18.07it/s]
 12%|###7                            | 52/439 [00:03<00:21, 18.24it/s]
 12%|###9                            | 54/439 [00:03<00:20, 18.36it/s]
 13%|####                            | 56/439 [00:03<00:20, 18.46it/s]
 13%|####2                           | 58/439 [00:03<00:20, 18.47it/s]
 14%|####3                           | 60/439 [00:04<00:20, 18.59it/s]
 14%|####5                           | 62/439 [00:04<00:20, 18.65it/s]
 15%|####6                           | 64/439 [00:04<00:20, 18.46it/s]
 15%|####8                           | 66/439 [00:04<00:20, 18.60it/s]
 15%|####9                           | 68/439 [00:04<00:19, 18.64it/s]
 16%|#####1                          | 70/439 [00:04<00:19, 18.66it/s]
 16%|#####2                          | 72/439 [00:04<00:19, 18.72it/s]
 17%|#####3                          | 74/439 [00:04<00:19, 18.78it/s]
 17%|#####5                          | 76/439 [00:04<00:19, 18.86it/s]
 18%|#####6                          | 78/439 [00:05<00:19, 18.92it/s]
 18%|#####8                          | 80/439 [00:05<00:19, 18.88it/s]
 19%|#####9                          | 82/439 [00:05<00:18, 18.82it/s]
 19%|######1                         | 84/439 [00:05<00:18, 18.81it/s]
 20%|######2                         | 86/439 [00:05<00:18, 18.84it/s]
 20%|######4                         | 88/439 [00:05<00:18, 18.85it/s]
 21%|######5                         | 90/439 [00:05<00:18, 18.79it/s]
 21%|######7                         | 92/439 [00:05<00:18, 18.65it/s]
 21%|######8                         | 94/439 [00:05<00:18, 18.68it/s]
 22%|######9                         | 96/439 [00:06<00:18, 18.60it/s]
 22%|#######1                        | 98/439 [00:06<00:18, 18.68it/s]
 23%|#######                        | 100/439 [00:06<00:18, 18.69it/s]
 23%|#######2                       | 102/439 [00:06<00:17, 18.72it/s]
 24%|#######3                       | 104/439 [00:06<00:17, 18.75it/s]
 24%|#######4                       | 106/439 [00:06<00:17, 18.87it/s]
 25%|#######6                       | 108/439 [00:06<00:17, 18.82it/s]
 25%|#######7                       | 110/439 [00:06<00:17, 18.83it/s]
 26%|#######9                       | 112/439 [00:06<00:17, 18.78it/s]
 26%|########                       | 114/439 [00:06<00:17, 18.85it/s]
 26%|########1                      | 116/439 [00:07<00:17, 18.89it/s]
 27%|########3                      | 118/439 [00:07<00:16, 18.92it/s]
 27%|########4                      | 120/439 [00:07<00:16, 18.83it/s]
 28%|########6                      | 122/439 [00:07<00:16, 18.79it/s]
 28%|########7                      | 124/439 [00:07<00:16, 18.73it/s]
 29%|########8                      | 126/439 [00:07<00:16, 18.68it/s]
 29%|#########                      | 128/439 [00:07<00:16, 18.71it/s]
 30%|#########1                     | 130/439 [00:07<00:16, 18.71it/s]
 30%|#########3                     | 132/439 [00:07<00:16, 18.72it/s]
 31%|#########4                     | 134/439 [00:08<00:16, 18.63it/s]
 31%|#########6                     | 136/439 [00:08<00:16, 18.59it/s]
 31%|#########7                     | 138/439 [00:08<00:16, 18.66it/s]
 32%|#########8                     | 140/439 [00:08<00:15, 18.74it/s]
 32%|##########                     | 142/439 [00:08<00:16, 17.81it/s]
 33%|##########1                    | 144/439 [00:08<00:17, 17.04it/s]
 33%|##########3                    | 146/439 [00:08<00:16, 17.43it/s]
 34%|##########4                    | 148/439 [00:08<00:17, 16.99it/s]
 34%|##########5                    | 150/439 [00:08<00:17, 16.70it/s]
 35%|##########7                    | 152/439 [00:09<00:16, 17.30it/s]
 35%|##########8                    | 154/439 [00:09<00:16, 17.75it/s]
 36%|###########                    | 156/439 [00:09<00:15, 18.04it/s]
 36%|###########1                   | 158/439 [00:09<00:16, 17.33it/s]
 36%|###########2                   | 160/439 [00:09<00:16, 16.87it/s]
 37%|###########4                   | 162/439 [00:09<00:15, 17.39it/s]
 37%|###########5                   | 164/439 [00:09<00:15, 17.97it/s]
 38%|###########7                   | 166/439 [00:09<00:15, 18.15it/s]
 38%|###########8                   | 168/439 [00:09<00:15, 17.37it/s]
 39%|############                   | 170/439 [00:10<00:15, 16.82it/s]
 39%|############1                  | 172/439 [00:10<00:15, 17.45it/s]
 40%|############2                  | 174/439 [00:10<00:14, 17.86it/s]
 40%|############4                  | 176/439 [00:10<00:14, 18.10it/s]
 41%|############5                  | 178/439 [00:10<00:14, 18.11it/s]
 41%|############7                  | 180/439 [00:10<00:14, 18.26it/s]
 41%|############8                  | 182/439 [00:10<00:13, 18.50it/s]
 42%|############9                  | 184/439 [00:10<00:13, 18.50it/s]
 42%|#############1                 | 186/439 [00:10<00:13, 18.49it/s]
 43%|#############2                 | 188/439 [00:11<00:13, 18.52it/s]
 43%|#############4                 | 190/439 [00:11<00:13, 18.61it/s]
 44%|#############5                 | 192/439 [00:11<00:13, 18.71it/s]
 44%|#############6                 | 194/439 [00:11<00:13, 18.73it/s]
 45%|#############8                 | 196/439 [00:11<00:13, 17.73it/s]
 45%|#############9                 | 198/439 [00:11<00:13, 18.02it/s]
 46%|##############1                | 200/439 [00:11<00:13, 18.10it/s]
 46%|##############2                | 202/439 [00:11<00:12, 18.33it/s]
 46%|##############4                | 204/439 [00:11<00:12, 18.49it/s]
 47%|##############5                | 206/439 [00:12<00:12, 18.58it/s]
 47%|##############6                | 208/439 [00:12<00:12, 18.61it/s]
 48%|##############8                | 210/439 [00:12<00:12, 18.65it/s]
 48%|##############9                | 212/439 [00:12<00:12, 18.72it/s]
 49%|###############1               | 214/439 [00:12<00:12, 18.74it/s]
 49%|###############2               | 216/439 [00:12<00:11, 18.88it/s]
 50%|###############3               | 218/439 [00:12<00:11, 18.79it/s]
 50%|###############5               | 220/439 [00:12<00:11, 18.76it/s]
 51%|###############6               | 222/439 [00:12<00:11, 18.77it/s]
 51%|###############8               | 224/439 [00:13<00:11, 18.80it/s]
 51%|###############9               | 226/439 [00:13<00:11, 18.81it/s]
 52%|################1              | 228/439 [00:13<00:11, 18.78it/s]
 52%|################2              | 230/439 [00:13<00:11, 18.72it/s]
 53%|################3              | 232/439 [00:13<00:11, 18.68it/s]
 53%|################5              | 234/439 [00:13<00:10, 18.71it/s]
 54%|################6              | 236/439 [00:13<00:10, 18.66it/s]
 54%|################8              | 238/439 [00:13<00:10, 18.71it/s]
 55%|################9              | 240/439 [00:13<00:10, 18.75it/s]
 55%|#################              | 242/439 [00:13<00:10, 18.92it/s]
 56%|#################2             | 244/439 [00:14<00:10, 18.82it/s]
 56%|#################3             | 246/439 [00:14<00:10, 18.82it/s]
 56%|#################5             | 248/439 [00:14<00:10, 18.79it/s]
 57%|#################6             | 250/439 [00:14<00:10, 18.83it/s]
 57%|#################7             | 252/439 [00:14<00:09, 18.85it/s]
 58%|#################9             | 254/439 [00:14<00:09, 18.91it/s]
 58%|##################             | 256/439 [00:14<00:09, 18.90it/s]
 59%|##################2            | 258/439 [00:14<00:09, 18.80it/s]
 59%|##################3            | 260/439 [00:14<00:09, 18.83it/s]
 60%|##################5            | 262/439 [00:15<00:09, 18.77it/s]
 60%|##################6            | 264/439 [00:15<00:09, 18.54it/s]
 61%|##################7            | 266/439 [00:15<00:09, 17.76it/s]
 61%|##################9            | 268/439 [00:15<00:09, 18.04it/s]
 62%|###################            | 270/439 [00:15<00:09, 17.37it/s]
 62%|###################2           | 272/439 [00:15<00:09, 17.75it/s]
 62%|###################3           | 274/439 [00:15<00:09, 18.13it/s]
 63%|###################4           | 276/439 [00:15<00:09, 17.35it/s]
 63%|###################6           | 278/439 [00:15<00:09, 17.76it/s]
 64%|###################7           | 280/439 [00:16<00:09, 17.11it/s]
 64%|###################9           | 282/439 [00:16<00:08, 17.50it/s]
 65%|####################           | 284/439 [00:16<00:08, 17.87it/s]
 65%|####################1          | 286/439 [00:16<00:08, 18.08it/s]
 66%|####################3          | 288/439 [00:16<00:08, 17.34it/s]
 66%|####################4          | 290/439 [00:16<00:08, 17.78it/s]
 67%|####################6          | 292/439 [00:16<00:08, 18.10it/s]
 67%|####################7          | 294/439 [00:16<00:08, 17.34it/s]
 67%|####################9          | 296/439 [00:16<00:08, 17.75it/s]
 68%|#####################          | 298/439 [00:17<00:08, 17.01it/s]
 68%|#####################1         | 300/439 [00:17<00:07, 17.50it/s]
 69%|#####################3         | 302/439 [00:17<00:07, 17.88it/s]
 69%|#####################4         | 304/439 [00:17<00:07, 18.10it/s]
 70%|#####################6         | 306/439 [00:17<00:07, 18.17it/s]
 70%|#####################7         | 308/439 [00:17<00:07, 18.33it/s]
 71%|#####################8         | 310/439 [00:17<00:06, 18.43it/s]
 71%|######################         | 312/439 [00:17<00:06, 18.57it/s]
 72%|######################1        | 314/439 [00:17<00:06, 18.67it/s]
 72%|######################3        | 316/439 [00:18<00:06, 18.73it/s]
 72%|######################4        | 318/439 [00:18<00:06, 18.80it/s]
 73%|######################5        | 320/439 [00:18<00:06, 18.93it/s]
 73%|######################7        | 322/439 [00:18<00:06, 18.81it/s]
 74%|######################8        | 324/439 [00:18<00:06, 18.83it/s]
 74%|#######################        | 326/439 [00:18<00:05, 18.84it/s]
 75%|#######################1       | 328/439 [00:18<00:05, 18.80it/s]
 75%|#######################3       | 330/439 [00:18<00:05, 18.75it/s]
 76%|#######################4       | 332/439 [00:18<00:05, 18.74it/s]
 76%|#######################5       | 334/439 [00:19<00:05, 18.81it/s]
 77%|#######################7       | 336/439 [00:19<00:05, 18.86it/s]
 77%|#######################8       | 338/439 [00:19<00:05, 18.86it/s]
 77%|########################       | 340/439 [00:19<00:05, 18.82it/s]
 78%|########################1      | 342/439 [00:19<00:05, 18.78it/s]
 78%|########################2      | 344/439 [00:19<00:05, 18.69it/s]
 79%|########################4      | 346/439 [00:19<00:04, 18.65it/s]
 79%|########################5      | 348/439 [00:19<00:04, 18.53it/s]
 80%|########################7      | 350/439 [00:19<00:04, 18.33it/s]
 80%|########################8      | 352/439 [00:19<00:04, 18.51it/s]
 81%|########################9      | 354/439 [00:20<00:04, 18.65it/s]
 81%|#########################1     | 356/439 [00:20<00:04, 18.67it/s]
 82%|#########################2     | 358/439 [00:20<00:04, 18.59it/s]
 82%|#########################4     | 360/439 [00:20<00:04, 18.70it/s]
 82%|#########################5     | 362/439 [00:20<00:04, 18.70it/s]
 83%|#########################7     | 364/439 [00:20<00:04, 18.75it/s]
 83%|#########################8     | 366/439 [00:20<00:03, 18.82it/s]
 84%|#########################9     | 368/439 [00:20<00:03, 18.79it/s]
 84%|##########################1    | 370/439 [00:20<00:03, 18.88it/s]
 85%|##########################2    | 372/439 [00:21<00:03, 19.06it/s]
 85%|##########################4    | 374/439 [00:21<00:03, 19.05it/s]
 86%|##########################5    | 376/439 [00:21<00:03, 17.99it/s]
 86%|##########################6    | 378/439 [00:21<00:03, 18.33it/s]
 87%|##########################8    | 380/439 [00:21<00:03, 18.57it/s]
 87%|##########################9    | 382/439 [00:21<00:03, 18.63it/s]
 87%|###########################1   | 384/439 [00:21<00:02, 18.75it/s]
 88%|###########################2   | 386/439 [00:21<00:02, 18.76it/s]
 88%|###########################3   | 388/439 [00:21<00:02, 18.77it/s]
 89%|###########################5   | 390/439 [00:22<00:02, 18.75it/s]
 89%|###########################6   | 392/439 [00:22<00:02, 18.62it/s]
 90%|###########################8   | 394/439 [00:22<00:02, 18.72it/s]
 90%|###########################9   | 396/439 [00:22<00:02, 18.76it/s]
 91%|############################1  | 398/439 [00:22<00:02, 18.80it/s]
 91%|############################2  | 400/439 [00:22<00:02, 18.89it/s]
 92%|############################3  | 402/439 [00:22<00:01, 18.89it/s]
 92%|############################5  | 404/439 [00:22<00:01, 18.81it/s]
 92%|############################6  | 406/439 [00:22<00:01, 18.91it/s]
 93%|############################8  | 408/439 [00:22<00:01, 18.88it/s]
 93%|############################9  | 410/439 [00:23<00:01, 18.95it/s]
 94%|#############################  | 412/439 [00:23<00:01, 18.93it/s]
 94%|#############################2 | 414/439 [00:23<00:01, 18.89it/s]
 95%|#############################3 | 416/439 [00:23<00:01, 18.84it/s]
 95%|#############################5 | 418/439 [00:23<00:01, 17.94it/s]
 96%|#############################6 | 420/439 [00:23<00:01, 17.16it/s]
 96%|#############################7 | 422/439 [00:23<00:00, 17.64it/s]
 97%|#############################9 | 424/439 [00:23<00:00, 18.05it/s]
 97%|############################## | 426/439 [00:23<00:00, 18.34it/s]
 97%|##############################2| 428/439 [00:24<00:00, 18.49it/s]
 98%|##############################3| 430/439 [00:24<00:00, 18.55it/s]
 98%|##############################5| 432/439 [00:24<00:00, 18.73it/s]
 99%|##############################6| 434/439 [00:24<00:00, 18.69it/s]
 99%|##############################7| 436/439 [00:24<00:00, 17.62it/s]
100%|##############################9| 438/439 [00:24<00:00, 18.03it/s]
100%|###############################| 439/439 [00:24<00:00, 17.79it/s]
[SEAL Epoch 12] loss=0.5612

[SEAL Epoch 13/20] Run 1/1 - training...

  0%|                                         | 0/439 [00:00<?, ?it/s]
  0%|1                                | 2/439 [00:00<00:30, 14.41it/s]
  1%|3                                | 4/439 [00:00<00:26, 16.64it/s]
  1%|4                                | 6/439 [00:00<00:24, 17.54it/s]
  2%|6                                | 8/439 [00:00<00:23, 17.99it/s]
  2%|7                               | 10/439 [00:00<00:23, 18.30it/s]
  3%|8                               | 12/439 [00:00<00:23, 18.51it/s]
  3%|#                               | 14/439 [00:00<00:22, 18.56it/s]
  4%|#1                              | 16/439 [00:00<00:23, 18.39it/s]
  4%|#3                              | 18/439 [00:00<00:22, 18.61it/s]
  5%|#4                              | 20/439 [00:01<00:22, 18.65it/s]
  5%|#6                              | 22/439 [00:01<00:22, 18.77it/s]
  5%|#7                              | 24/439 [00:01<00:22, 18.83it/s]
  6%|#8                              | 26/439 [00:01<00:21, 18.91it/s]
  6%|##                              | 28/439 [00:01<00:21, 18.85it/s]
  7%|##1                             | 30/439 [00:01<00:21, 18.87it/s]
  7%|##3                             | 32/439 [00:01<00:22, 17.94it/s]
  8%|##4                             | 34/439 [00:01<00:23, 17.19it/s]
  8%|##6                             | 36/439 [00:01<00:22, 17.58it/s]
  9%|##7                             | 38/439 [00:02<00:22, 17.89it/s]
  9%|##9                             | 40/439 [00:02<00:21, 18.16it/s]
 10%|###                             | 42/439 [00:02<00:21, 18.38it/s]
 10%|###2                            | 44/439 [00:02<00:21, 18.55it/s]
 10%|###3                            | 46/439 [00:02<00:21, 18.69it/s]
 11%|###4                            | 48/439 [00:02<00:20, 18.79it/s]
 11%|###6                            | 50/439 [00:02<00:20, 18.76it/s]
 12%|###7                            | 52/439 [00:02<00:20, 18.78it/s]
 12%|###9                            | 54/439 [00:02<00:20, 18.72it/s]
 13%|####                            | 56/439 [00:03<00:20, 18.87it/s]
 13%|####2                           | 58/439 [00:03<00:20, 18.80it/s]
 14%|####3                           | 60/439 [00:03<00:20, 18.71it/s]
 14%|####5                           | 62/439 [00:03<00:20, 18.74it/s]
 15%|####6                           | 64/439 [00:03<00:20, 18.70it/s]
 15%|####8                           | 66/439 [00:03<00:19, 18.74it/s]
 15%|####9                           | 68/439 [00:03<00:19, 18.78it/s]
 16%|#####1                          | 70/439 [00:03<00:19, 18.79it/s]
 16%|#####2                          | 72/439 [00:03<00:19, 18.78it/s]
 17%|#####3                          | 74/439 [00:04<00:19, 18.70it/s]
 17%|#####5                          | 76/439 [00:04<00:19, 18.83it/s]
 18%|#####6                          | 78/439 [00:04<00:19, 18.74it/s]
 18%|#####8                          | 80/439 [00:04<00:19, 18.76it/s]
 19%|#####9                          | 82/439 [00:04<00:19, 18.71it/s]
 19%|######1                         | 84/439 [00:04<00:18, 18.75it/s]
 20%|######2                         | 86/439 [00:04<00:18, 18.76it/s]
 20%|######4                         | 88/439 [00:04<00:18, 18.67it/s]
 21%|######5                         | 90/439 [00:04<00:18, 18.55it/s]
 21%|######7                         | 92/439 [00:04<00:18, 18.60it/s]
 21%|######8                         | 94/439 [00:05<00:18, 18.55it/s]
 22%|######9                         | 96/439 [00:05<00:18, 18.58it/s]
 22%|#######1                        | 98/439 [00:05<00:18, 18.59it/s]
 23%|#######                        | 100/439 [00:05<00:18, 18.51it/s]
 23%|#######2                       | 102/439 [00:05<00:18, 18.60it/s]
 24%|#######3                       | 104/439 [00:05<00:17, 18.66it/s]
 24%|#######4                       | 106/439 [00:05<00:17, 18.69it/s]
 25%|#######6                       | 108/439 [00:05<00:17, 18.71it/s]
 25%|#######7                       | 110/439 [00:05<00:17, 18.72it/s]
 26%|#######9                       | 112/439 [00:06<00:17, 18.64it/s]
 26%|########                       | 114/439 [00:06<00:17, 18.56it/s]
 26%|########1                      | 116/439 [00:06<00:17, 18.60it/s]
 27%|########3                      | 118/439 [00:06<00:17, 18.68it/s]
 27%|########4                      | 120/439 [00:06<00:17, 18.73it/s]
 28%|########6                      | 122/439 [00:06<00:16, 18.69it/s]
 28%|########7                      | 124/439 [00:06<00:16, 18.68it/s]
 29%|########8                      | 126/439 [00:06<00:16, 18.69it/s]
 29%|#########                      | 128/439 [00:06<00:16, 18.76it/s]
 30%|#########1                     | 130/439 [00:07<00:16, 18.75it/s]
 30%|#########3                     | 132/439 [00:07<00:16, 18.71it/s]
 31%|#########4                     | 134/439 [00:07<00:16, 18.68it/s]
 31%|#########6                     | 136/439 [00:07<00:16, 18.77it/s]
 31%|#########7                     | 138/439 [00:07<00:16, 18.76it/s]
 32%|#########8                     | 140/439 [00:07<00:15, 18.76it/s]
 32%|##########                     | 142/439 [00:07<00:15, 18.83it/s]
 33%|##########1                    | 144/439 [00:07<00:15, 18.81it/s]
 33%|##########3                    | 146/439 [00:07<00:15, 18.74it/s]
 34%|##########4                    | 148/439 [00:07<00:15, 18.72it/s]
 34%|##########5                    | 150/439 [00:08<00:15, 18.71it/s]
 35%|##########7                    | 152/439 [00:08<00:15, 18.58it/s]
 35%|##########8                    | 154/439 [00:08<00:15, 18.77it/s]
 36%|###########                    | 156/439 [00:08<00:15, 18.85it/s]
 36%|###########1                   | 158/439 [00:08<00:14, 18.89it/s]
 36%|###########2                   | 160/439 [00:08<00:14, 18.83it/s]
 37%|###########4                   | 162/439 [00:08<00:14, 18.86it/s]
 37%|###########5                   | 164/439 [00:08<00:14, 18.88it/s]
 38%|###########7                   | 166/439 [00:08<00:14, 18.89it/s]
 38%|###########8                   | 168/439 [00:09<00:15, 17.81it/s]
 39%|############                   | 170/439 [00:09<00:14, 17.96it/s]
 39%|############1                  | 172/439 [00:09<00:14, 18.20it/s]
 40%|############2                  | 174/439 [00:09<00:14, 18.29it/s]
 40%|############4                  | 176/439 [00:09<00:15, 17.53it/s]
 41%|############5                  | 178/439 [00:09<00:14, 17.86it/s]
 41%|############7                  | 180/439 [00:09<00:15, 17.11it/s]
 41%|############8                  | 182/439 [00:09<00:15, 16.82it/s]
 42%|############9                  | 184/439 [00:09<00:14, 17.37it/s]
 42%|#############1                 | 186/439 [00:10<00:14, 17.77it/s]
 43%|#############2                 | 188/439 [00:10<00:13, 18.08it/s]
 43%|#############4                 | 190/439 [00:10<00:14, 17.39it/s]
 44%|#############5                 | 192/439 [00:10<00:13, 17.90it/s]
 44%|#############6                 | 194/439 [00:10<00:13, 18.14it/s]
 45%|#############8                 | 196/439 [00:10<00:14, 17.29it/s]
 45%|#############9                 | 198/439 [00:10<00:13, 17.68it/s]
 46%|##############1                | 200/439 [00:10<00:13, 17.95it/s]
 46%|##############2                | 202/439 [00:10<00:13, 18.22it/s]
 46%|##############4                | 204/439 [00:11<00:12, 18.38it/s]
 47%|##############5                | 206/439 [00:11<00:12, 18.49it/s]
 47%|##############6                | 208/439 [00:11<00:12, 18.52it/s]
 48%|##############8                | 210/439 [00:11<00:12, 18.69it/s]
 48%|##############9                | 212/439 [00:11<00:12, 18.47it/s]
 49%|###############1               | 214/439 [00:11<00:12, 18.57it/s]
 49%|###############2               | 216/439 [00:11<00:11, 18.58it/s]
 50%|###############3               | 218/439 [00:11<00:11, 18.65it/s]
 50%|###############5               | 220/439 [00:11<00:11, 18.70it/s]
 51%|###############6               | 222/439 [00:12<00:12, 17.84it/s]
 51%|###############8               | 224/439 [00:12<00:11, 18.10it/s]
 51%|###############9               | 226/439 [00:12<00:11, 18.27it/s]
 52%|################1              | 228/439 [00:12<00:12, 17.47it/s]
 52%|################2              | 230/439 [00:12<00:11, 17.87it/s]
 53%|################3              | 232/439 [00:12<00:11, 18.16it/s]
 53%|################5              | 234/439 [00:12<00:11, 18.39it/s]
 54%|################6              | 236/439 [00:12<00:11, 18.45it/s]
 54%|################8              | 238/439 [00:12<00:10, 18.60it/s]
 55%|################9              | 240/439 [00:13<00:10, 18.70it/s]
 55%|#################              | 242/439 [00:13<00:10, 18.71it/s]
 56%|#################2             | 244/439 [00:13<00:10, 18.77it/s]
 56%|#################3             | 246/439 [00:13<00:10, 18.77it/s]
 56%|#################5             | 248/439 [00:13<00:10, 18.71it/s]
 57%|#################6             | 250/439 [00:13<00:10, 18.88it/s]
 57%|#################7             | 252/439 [00:13<00:09, 18.85it/s]
 58%|#################9             | 254/439 [00:13<00:09, 18.89it/s]
 58%|##################             | 256/439 [00:13<00:09, 18.70it/s]
 59%|##################2            | 258/439 [00:14<00:10, 17.83it/s]
 59%|##################3            | 260/439 [00:14<00:09, 18.14it/s]
 60%|##################5            | 262/439 [00:14<00:09, 18.33it/s]
 60%|##################6            | 264/439 [00:14<00:09, 18.48it/s]
 61%|##################7            | 266/439 [00:14<00:09, 18.47it/s]
 61%|##################9            | 268/439 [00:14<00:09, 18.69it/s]
 62%|###################            | 270/439 [00:14<00:09, 18.77it/s]
 62%|###################2           | 272/439 [00:14<00:08, 18.78it/s]
 62%|###################3           | 274/439 [00:14<00:08, 18.76it/s]
 63%|###################4           | 276/439 [00:14<00:08, 18.79it/s]
 63%|###################6           | 278/439 [00:15<00:08, 18.78it/s]
 64%|###################7           | 280/439 [00:15<00:08, 18.79it/s]
 64%|###################9           | 282/439 [00:15<00:08, 18.73it/s]
 65%|####################           | 284/439 [00:15<00:08, 18.82it/s]
 65%|####################1          | 286/439 [00:15<00:08, 19.01it/s]
 66%|####################3          | 288/439 [00:15<00:07, 18.96it/s]
 66%|####################4          | 290/439 [00:15<00:07, 18.83it/s]
 67%|####################6          | 292/439 [00:15<00:07, 18.84it/s]
 67%|####################7          | 294/439 [00:15<00:07, 18.75it/s]
 67%|####################9          | 296/439 [00:16<00:07, 18.78it/s]
 68%|#####################          | 298/439 [00:16<00:07, 18.86it/s]
 68%|#####################1         | 300/439 [00:16<00:07, 18.79it/s]
 69%|#####################3         | 302/439 [00:16<00:07, 18.66it/s]
 69%|#####################4         | 304/439 [00:16<00:07, 18.74it/s]
 70%|#####################6         | 306/439 [00:16<00:07, 18.61it/s]
 70%|#####################7         | 308/439 [00:16<00:07, 18.63it/s]
 71%|#####################8         | 310/439 [00:16<00:06, 18.66it/s]
 71%|######################         | 312/439 [00:16<00:06, 18.62it/s]
 72%|######################1        | 314/439 [00:16<00:06, 18.79it/s]
 72%|######################3        | 316/439 [00:17<00:06, 18.74it/s]
 72%|######################4        | 318/439 [00:17<00:06, 18.68it/s]
 73%|######################5        | 320/439 [00:17<00:06, 18.68it/s]
 73%|######################7        | 322/439 [00:17<00:06, 18.63it/s]
 74%|######################8        | 324/439 [00:17<00:06, 18.65it/s]
 74%|#######################        | 326/439 [00:17<00:06, 18.66it/s]
 75%|#######################1       | 328/439 [00:17<00:05, 18.73it/s]
 75%|#######################3       | 330/439 [00:17<00:05, 18.68it/s]
 76%|#######################4       | 332/439 [00:17<00:05, 18.71it/s]
 76%|#######################5       | 334/439 [00:18<00:05, 18.87it/s]
 77%|#######################7       | 336/439 [00:18<00:05, 18.81it/s]
 77%|#######################8       | 338/439 [00:18<00:05, 18.72it/s]
 77%|########################       | 340/439 [00:18<00:05, 18.74it/s]
 78%|########################1      | 342/439 [00:18<00:05, 18.76it/s]
 78%|########################2      | 344/439 [00:18<00:05, 18.84it/s]
 79%|########################4      | 346/439 [00:18<00:04, 18.96it/s]
 79%|########################5      | 348/439 [00:18<00:04, 18.83it/s]
 80%|########################7      | 350/439 [00:18<00:04, 18.78it/s]
 80%|########################8      | 352/439 [00:19<00:04, 18.86it/s]
 81%|########################9      | 354/439 [00:19<00:04, 18.83it/s]
 81%|#########################1     | 356/439 [00:19<00:04, 18.80it/s]
 82%|#########################2     | 358/439 [00:19<00:04, 18.84it/s]
 82%|#########################4     | 360/439 [00:19<00:04, 17.86it/s]
 82%|#########################5     | 362/439 [00:19<00:04, 17.19it/s]
 83%|#########################7     | 364/439 [00:19<00:04, 17.53it/s]
 83%|#########################8     | 366/439 [00:19<00:04, 17.94it/s]
 84%|#########################9     | 368/439 [00:19<00:03, 18.14it/s]
 84%|##########################1    | 370/439 [00:20<00:03, 18.26it/s]
 85%|##########################2    | 372/439 [00:20<00:03, 18.47it/s]
 85%|##########################4    | 374/439 [00:20<00:03, 18.48it/s]
 86%|##########################5    | 376/439 [00:20<00:03, 18.63it/s]
 86%|##########################6    | 378/439 [00:20<00:03, 18.68it/s]
 87%|##########################8    | 380/439 [00:20<00:03, 17.17it/s]
 87%|##########################9    | 382/439 [00:20<00:03, 17.72it/s]
 87%|###########################1   | 384/439 [00:20<00:03, 18.02it/s]
 88%|###########################2   | 386/439 [00:20<00:02, 18.30it/s]
 88%|###########################3   | 388/439 [00:20<00:02, 18.50it/s]
 89%|###########################5   | 390/439 [00:21<00:02, 18.65it/s]
 89%|###########################6   | 392/439 [00:21<00:02, 18.74it/s]
 90%|###########################8   | 394/439 [00:21<00:02, 17.58it/s]
 90%|###########################9   | 396/439 [00:21<00:02, 17.94it/s]
 91%|############################1  | 398/439 [00:21<00:02, 18.25it/s]
 91%|############################2  | 400/439 [00:21<00:02, 18.50it/s]
 92%|############################3  | 402/439 [00:21<00:02, 17.67it/s]
 92%|############################5  | 404/439 [00:21<00:01, 18.20it/s]
 92%|############################6  | 406/439 [00:21<00:01, 18.43it/s]
 93%|############################8  | 408/439 [00:22<00:01, 18.62it/s]
 93%|############################9  | 410/439 [00:22<00:01, 18.69it/s]
 94%|#############################  | 412/439 [00:22<00:01, 18.71it/s]
 94%|#############################2 | 414/439 [00:22<00:01, 18.76it/s]
 95%|#############################3 | 416/439 [00:22<00:01, 18.80it/s]
 95%|#############################5 | 418/439 [00:22<00:01, 18.81it/s]
 96%|#############################6 | 420/439 [00:22<00:01, 18.88it/s]
 96%|#############################7 | 422/439 [00:22<00:00, 18.84it/s]
 97%|#############################9 | 424/439 [00:22<00:00, 18.89it/s]
 97%|############################## | 426/439 [00:23<00:00, 18.98it/s]
 97%|##############################2| 428/439 [00:23<00:00, 18.90it/s]
 98%|##############################3| 430/439 [00:23<00:00, 18.93it/s]
 98%|##############################5| 432/439 [00:23<00:00, 18.96it/s]
 99%|##############################6| 434/439 [00:23<00:00, 18.84it/s]
 99%|##############################7| 436/439 [00:23<00:00, 18.86it/s]
100%|##############################9| 438/439 [00:23<00:00, 18.86it/s]
100%|###############################| 439/439 [00:23<00:00, 18.49it/s]
[SEAL Epoch 13] loss=0.5612

[SEAL Epoch 14/20] Run 1/1 - training...

  0%|                                         | 0/439 [00:00<?, ?it/s]
  0%|1                                | 2/439 [00:00<00:26, 16.78it/s]
  1%|3                                | 4/439 [00:00<00:23, 18.26it/s]
  1%|4                                | 6/439 [00:00<00:23, 18.42it/s]
  2%|6                                | 8/439 [00:00<00:23, 18.56it/s]
  2%|7                               | 10/439 [00:00<00:22, 18.71it/s]
  3%|8                               | 12/439 [00:00<00:22, 18.72it/s]
  3%|#                               | 14/439 [00:00<00:22, 18.78it/s]
  4%|#1                              | 16/439 [00:00<00:22, 18.79it/s]
  4%|#3                              | 18/439 [00:00<00:22, 18.82it/s]
  5%|#4                              | 20/439 [00:01<00:22, 18.78it/s]
  5%|#6                              | 22/439 [00:01<00:22, 18.71it/s]
  5%|#7                              | 24/439 [00:01<00:22, 18.86it/s]
  6%|#8                              | 26/439 [00:01<00:21, 18.82it/s]
  6%|##                              | 28/439 [00:01<00:21, 18.81it/s]
  7%|##1                             | 30/439 [00:01<00:21, 18.84it/s]
  7%|##3                             | 32/439 [00:01<00:21, 18.87it/s]
  8%|##4                             | 34/439 [00:01<00:21, 18.82it/s]
  8%|##6                             | 36/439 [00:01<00:21, 18.80it/s]
  9%|##7                             | 38/439 [00:02<00:21, 18.84it/s]
  9%|##9                             | 40/439 [00:02<00:21, 18.90it/s]
 10%|###                             | 42/439 [00:02<00:20, 18.97it/s]
 10%|###2                            | 44/439 [00:02<00:20, 18.90it/s]
 10%|###3                            | 46/439 [00:02<00:20, 18.94it/s]
 11%|###4                            | 48/439 [00:02<00:20, 18.90it/s]
 11%|###6                            | 50/439 [00:02<00:20, 18.83it/s]
 12%|###7                            | 52/439 [00:02<00:20, 18.88it/s]
 12%|###9                            | 54/439 [00:02<00:20, 18.82it/s]
 13%|####                            | 56/439 [00:02<00:20, 18.77it/s]
 13%|####2                           | 58/439 [00:03<00:20, 18.73it/s]
 14%|####3                           | 60/439 [00:03<00:21, 17.82it/s]
 14%|####5                           | 62/439 [00:03<00:20, 18.12it/s]
 15%|####6                           | 64/439 [00:03<00:20, 18.30it/s]
 15%|####8                           | 66/439 [00:03<00:20, 18.41it/s]
 15%|####9                           | 68/439 [00:03<00:21, 17.61it/s]
 16%|#####1                          | 70/439 [00:03<00:21, 17.05it/s]
 16%|#####2                          | 72/439 [00:03<00:20, 17.58it/s]
 17%|#####3                          | 74/439 [00:04<00:20, 17.69it/s]
 17%|#####5                          | 76/439 [00:04<00:20, 17.99it/s]
 18%|#####6                          | 78/439 [00:04<00:20, 17.31it/s]
 18%|#####8                          | 80/439 [00:04<00:20, 17.76it/s]
 19%|#####9                          | 82/439 [00:04<00:19, 18.10it/s]
 19%|######1                         | 84/439 [00:04<00:19, 18.26it/s]
 20%|######2                         | 86/439 [00:04<00:20, 17.60it/s]
 20%|######4                         | 88/439 [00:04<00:19, 17.89it/s]
 21%|######5                         | 90/439 [00:04<00:19, 18.13it/s]
 21%|######7                         | 92/439 [00:05<00:19, 18.24it/s]
 21%|######8                         | 94/439 [00:05<00:18, 18.37it/s]
 22%|######9                         | 96/439 [00:05<00:18, 18.44it/s]
 22%|#######1                        | 98/439 [00:05<00:18, 18.61it/s]
 23%|#######                        | 100/439 [00:05<00:18, 18.54it/s]
 23%|#######2                       | 102/439 [00:05<00:17, 18.80it/s]
 24%|#######3                       | 104/439 [00:05<00:17, 18.76it/s]
 24%|#######4                       | 106/439 [00:05<00:18, 17.72it/s]
 25%|#######6                       | 108/439 [00:05<00:18, 18.11it/s]
 25%|#######7                       | 110/439 [00:05<00:17, 18.32it/s]
 26%|#######9                       | 112/439 [00:06<00:18, 17.71it/s]
 26%|########                       | 114/439 [00:06<00:18, 18.01it/s]
 26%|########1                      | 116/439 [00:06<00:17, 17.95it/s]
 27%|########3                      | 118/439 [00:06<00:17, 18.00it/s]
 27%|########4                      | 120/439 [00:06<00:17, 18.17it/s]
 28%|########6                      | 122/439 [00:06<00:17, 18.34it/s]
 28%|########7                      | 124/439 [00:06<00:17, 18.39it/s]
 29%|########8                      | 126/439 [00:06<00:16, 18.49it/s]
 29%|#########                      | 128/439 [00:06<00:16, 18.52it/s]
 30%|#########1                     | 130/439 [00:07<00:16, 18.57it/s]
 30%|#########3                     | 132/439 [00:07<00:16, 18.62it/s]
 31%|#########4                     | 134/439 [00:07<00:16, 18.62it/s]
 31%|#########6                     | 136/439 [00:07<00:16, 18.74it/s]
 31%|#########7                     | 138/439 [00:07<00:16, 18.70it/s]
 32%|#########8                     | 140/439 [00:07<00:15, 18.72it/s]
 32%|##########                     | 142/439 [00:07<00:15, 18.78it/s]
 33%|##########1                    | 144/439 [00:07<00:15, 18.74it/s]
 33%|##########3                    | 146/439 [00:07<00:15, 18.74it/s]
 34%|##########4                    | 148/439 [00:08<00:15, 18.61it/s]
 34%|##########5                    | 150/439 [00:08<00:15, 18.69it/s]
 35%|##########7                    | 152/439 [00:08<00:15, 18.77it/s]
 35%|##########8                    | 154/439 [00:08<00:15, 18.71it/s]
 36%|###########                    | 156/439 [00:08<00:15, 18.74it/s]
 36%|###########1                   | 158/439 [00:08<00:14, 18.81it/s]
 36%|###########2                   | 160/439 [00:08<00:15, 18.52it/s]
 37%|###########4                   | 162/439 [00:08<00:14, 18.55it/s]
 37%|###########5                   | 164/439 [00:08<00:14, 18.60it/s]
 38%|###########7                   | 166/439 [00:08<00:14, 18.70it/s]
 38%|###########8                   | 168/439 [00:09<00:14, 18.67it/s]
 39%|############                   | 170/439 [00:09<00:14, 18.69it/s]
 39%|############1                  | 172/439 [00:09<00:14, 18.66it/s]
 40%|############2                  | 174/439 [00:09<00:14, 18.69it/s]
 40%|############4                  | 176/439 [00:09<00:13, 18.82it/s]
 41%|############5                  | 178/439 [00:09<00:13, 18.82it/s]
 41%|############7                  | 180/439 [00:09<00:13, 18.87it/s]
 41%|############8                  | 182/439 [00:09<00:13, 18.88it/s]
 42%|############9                  | 184/439 [00:09<00:13, 18.93it/s]
 42%|#############1                 | 186/439 [00:10<00:14, 17.94it/s]
 43%|#############2                 | 188/439 [00:10<00:13, 18.16it/s]
 43%|#############4                 | 190/439 [00:10<00:13, 18.38it/s]
 44%|#############5                 | 192/439 [00:10<00:14, 17.58it/s]
 44%|#############6                 | 194/439 [00:10<00:13, 17.84it/s]
 45%|#############8                 | 196/439 [00:10<00:14, 17.25it/s]
 45%|#############9                 | 198/439 [00:10<00:14, 16.77it/s]
 46%|##############1                | 200/439 [00:10<00:13, 17.38it/s]
 46%|##############2                | 202/439 [00:10<00:13, 17.53it/s]
 46%|##############4                | 204/439 [00:11<00:13, 17.78it/s]
 47%|##############5                | 206/439 [00:11<00:12, 17.95it/s]
 47%|##############6                | 208/439 [00:11<00:12, 18.17it/s]
 48%|##############8                | 210/439 [00:11<00:12, 18.46it/s]
 48%|##############9                | 212/439 [00:11<00:12, 18.55it/s]
 49%|###############1               | 214/439 [00:11<00:12, 18.70it/s]
 49%|###############2               | 216/439 [00:11<00:11, 18.81it/s]
 50%|###############3               | 218/439 [00:11<00:11, 18.80it/s]
 50%|###############5               | 220/439 [00:11<00:11, 18.92it/s]
 51%|###############6               | 222/439 [00:12<00:11, 18.94it/s]
 51%|###############8               | 224/439 [00:12<00:11, 18.97it/s]
 51%|###############9               | 226/439 [00:12<00:11, 18.94it/s]
 52%|################1              | 228/439 [00:12<00:11, 18.90it/s]
 52%|################2              | 230/439 [00:12<00:11, 18.86it/s]
 53%|################3              | 232/439 [00:12<00:11, 18.79it/s]
 53%|################5              | 234/439 [00:12<00:10, 18.76it/s]
 54%|################6              | 236/439 [00:12<00:10, 18.87it/s]
 54%|################8              | 238/439 [00:12<00:10, 18.86it/s]
 55%|################9              | 240/439 [00:13<00:10, 18.88it/s]
 55%|#################              | 242/439 [00:13<00:10, 17.91it/s]
 56%|#################2             | 244/439 [00:13<00:10, 18.27it/s]
 56%|#################3             | 246/439 [00:13<00:10, 18.06it/s]
 56%|#################5             | 248/439 [00:13<00:10, 18.32it/s]
 57%|#################6             | 250/439 [00:13<00:10, 18.53it/s]
 57%|#################7             | 252/439 [00:13<00:09, 18.74it/s]
 58%|#################9             | 254/439 [00:13<00:09, 18.82it/s]
 58%|##################             | 256/439 [00:13<00:09, 18.88it/s]
 59%|##################2            | 258/439 [00:13<00:09, 18.94it/s]
 59%|##################3            | 260/439 [00:14<00:09, 18.81it/s]
 60%|##################5            | 262/439 [00:14<00:09, 18.81it/s]
 60%|##################6            | 264/439 [00:14<00:09, 18.82it/s]
 61%|##################7            | 266/439 [00:14<00:09, 18.82it/s]
 61%|##################9            | 268/439 [00:14<00:09, 18.84it/s]
 62%|###################            | 270/439 [00:14<00:08, 18.91it/s]
 62%|###################2           | 272/439 [00:14<00:08, 19.06it/s]
 62%|###################3           | 274/439 [00:14<00:08, 19.00it/s]
 63%|###################4           | 276/439 [00:14<00:08, 18.93it/s]
 63%|###################6           | 278/439 [00:15<00:08, 18.87it/s]
 64%|###################7           | 280/439 [00:15<00:08, 18.81it/s]
 64%|###################9           | 282/439 [00:15<00:08, 18.84it/s]
 65%|####################           | 284/439 [00:15<00:08, 18.92it/s]
 65%|####################1          | 286/439 [00:15<00:08, 18.80it/s]
 66%|####################3          | 288/439 [00:15<00:08, 18.67it/s]
 66%|####################4          | 290/439 [00:15<00:07, 18.80it/s]
 67%|####################6          | 292/439 [00:15<00:07, 18.84it/s]
 67%|####################7          | 294/439 [00:15<00:07, 18.84it/s]
 67%|####################9          | 296/439 [00:16<00:07, 18.67it/s]
 68%|#####################          | 298/439 [00:16<00:07, 18.70it/s]
 68%|#####################1         | 300/439 [00:16<00:07, 18.74it/s]
 69%|#####################3         | 302/439 [00:16<00:07, 18.79it/s]
 69%|#####################4         | 304/439 [00:16<00:07, 18.79it/s]
 70%|#####################6         | 306/439 [00:16<00:07, 18.79it/s]
 70%|#####################7         | 308/439 [00:16<00:07, 18.65it/s]
 71%|#####################8         | 310/439 [00:16<00:06, 18.71it/s]
 71%|######################         | 312/439 [00:16<00:06, 18.78it/s]
 72%|######################1        | 314/439 [00:16<00:06, 18.76it/s]
 72%|######################3        | 316/439 [00:17<00:06, 18.65it/s]
 72%|######################4        | 318/439 [00:17<00:06, 17.68it/s]
 73%|######################5        | 320/439 [00:17<00:06, 18.07it/s]
 73%|######################7        | 322/439 [00:17<00:06, 18.30it/s]
 74%|######################8        | 324/439 [00:17<00:06, 18.52it/s]
 74%|#######################        | 326/439 [00:17<00:06, 18.52it/s]
 75%|#######################1       | 328/439 [00:17<00:05, 18.60it/s]
 75%|#######################3       | 330/439 [00:17<00:05, 18.85it/s]
 76%|#######################4       | 332/439 [00:17<00:05, 18.61it/s]
 76%|#######################5       | 334/439 [00:18<00:05, 18.62it/s]
 77%|#######################7       | 336/439 [00:18<00:05, 18.66it/s]
 77%|#######################8       | 338/439 [00:18<00:05, 18.66it/s]
 77%|########################       | 340/439 [00:18<00:05, 18.73it/s]
 78%|########################1      | 342/439 [00:18<00:05, 18.69it/s]
 78%|########################2      | 344/439 [00:18<00:05, 18.67it/s]
 79%|########################4      | 346/439 [00:18<00:04, 18.60it/s]
 79%|########################5      | 348/439 [00:18<00:04, 18.71it/s]
 80%|########################7      | 350/439 [00:18<00:04, 18.67it/s]
 80%|########################8      | 352/439 [00:19<00:04, 18.68it/s]
 81%|########################9      | 354/439 [00:19<00:04, 18.67it/s]
 81%|#########################1     | 356/439 [00:19<00:04, 18.58it/s]
 82%|#########################2     | 358/439 [00:19<00:04, 18.54it/s]
 82%|#########################4     | 360/439 [00:19<00:04, 18.58it/s]
 82%|#########################5     | 362/439 [00:19<00:04, 18.62it/s]
 83%|#########################7     | 364/439 [00:19<00:04, 18.68it/s]
 83%|#########################8     | 366/439 [00:19<00:03, 18.79it/s]
 84%|#########################9     | 368/439 [00:19<00:03, 18.75it/s]
 84%|##########################1    | 370/439 [00:19<00:03, 18.82it/s]
 85%|##########################2    | 372/439 [00:20<00:03, 18.82it/s]
 85%|##########################4    | 374/439 [00:20<00:03, 18.57it/s]
 86%|##########################5    | 376/439 [00:20<00:03, 18.43it/s]
 86%|##########################6    | 378/439 [00:20<00:03, 18.38it/s]
 87%|##########################8    | 380/439 [00:20<00:03, 18.42it/s]
 87%|##########################9    | 382/439 [00:20<00:03, 18.53it/s]
 87%|###########################1   | 384/439 [00:20<00:02, 18.54it/s]
 88%|###########################2   | 386/439 [00:20<00:02, 18.74it/s]
 88%|###########################3   | 388/439 [00:20<00:02, 18.71it/s]
 89%|###########################5   | 390/439 [00:21<00:02, 18.59it/s]
 89%|###########################6   | 392/439 [00:21<00:02, 18.65it/s]
 90%|###########################8   | 394/439 [00:21<00:02, 18.64it/s]
 90%|###########################9   | 396/439 [00:21<00:02, 18.63it/s]
 91%|############################1  | 398/439 [00:21<00:02, 18.71it/s]
 91%|############################2  | 400/439 [00:21<00:02, 18.78it/s]
 92%|############################3  | 402/439 [00:21<00:02, 18.49it/s]
 92%|############################5  | 404/439 [00:21<00:01, 18.40it/s]
 92%|############################6  | 406/439 [00:21<00:01, 17.46it/s]
 93%|############################8  | 408/439 [00:22<00:01, 18.00it/s]
 93%|############################9  | 410/439 [00:22<00:01, 18.08it/s]
 94%|#############################  | 412/439 [00:22<00:01, 18.29it/s]
 94%|#############################2 | 414/439 [00:22<00:01, 17.64it/s]
 95%|#############################3 | 416/439 [00:22<00:01, 17.88it/s]
 95%|#############################5 | 418/439 [00:22<00:01, 17.82it/s]
 96%|#############################6 | 420/439 [00:22<00:01, 18.02it/s]
 96%|#############################7 | 422/439 [00:22<00:00, 17.13it/s]
 97%|#############################9 | 424/439 [00:22<00:00, 17.58it/s]
 97%|############################## | 426/439 [00:23<00:00, 17.99it/s]
 97%|##############################2| 428/439 [00:23<00:00, 18.28it/s]
 98%|##############################3| 430/439 [00:23<00:00, 18.49it/s]
 98%|##############################5| 432/439 [00:23<00:00, 18.55it/s]
 99%|##############################6| 434/439 [00:23<00:00, 18.52it/s]
 99%|##############################7| 436/439 [00:23<00:00, 18.59it/s]
100%|##############################9| 438/439 [00:23<00:00, 18.62it/s]
100%|###############################| 439/439 [00:23<00:00, 18.49it/s]
[SEAL Epoch 14] loss=0.5610

[SEAL Epoch 15/20] Run 1/1 - training...

  0%|                                         | 0/439 [00:00<?, ?it/s]
  0%|1                                | 2/439 [00:00<00:25, 17.13it/s]
  1%|3                                | 4/439 [00:00<00:23, 18.20it/s]
  1%|4                                | 6/439 [00:00<00:23, 18.48it/s]
  2%|6                                | 8/439 [00:00<00:23, 18.62it/s]
  2%|7                               | 10/439 [00:00<00:22, 18.75it/s]
  3%|8                               | 12/439 [00:00<00:22, 18.80it/s]
  3%|#                               | 14/439 [00:00<00:22, 18.86it/s]
  4%|#1                              | 16/439 [00:00<00:22, 18.85it/s]
  4%|#3                              | 18/439 [00:00<00:22, 18.91it/s]
  5%|#4                              | 20/439 [00:01<00:22, 18.88it/s]
  5%|#6                              | 22/439 [00:01<00:22, 18.57it/s]
  5%|#7                              | 24/439 [00:01<00:22, 18.63it/s]
  6%|#8                              | 26/439 [00:01<00:22, 18.62it/s]
  6%|##                              | 28/439 [00:01<00:22, 18.57it/s]
  7%|##1                             | 30/439 [00:01<00:21, 18.74it/s]
  7%|##3                             | 32/439 [00:01<00:21, 18.75it/s]
  8%|##4                             | 34/439 [00:01<00:21, 18.72it/s]
  8%|##6                             | 36/439 [00:01<00:21, 18.68it/s]
  9%|##7                             | 38/439 [00:02<00:21, 18.73it/s]
  9%|##9                             | 40/439 [00:02<00:21, 18.74it/s]
 10%|###                             | 42/439 [00:02<00:21, 18.78it/s]
 10%|###2                            | 44/439 [00:02<00:21, 18.71it/s]
 10%|###3                            | 46/439 [00:02<00:20, 18.72it/s]
 11%|###4                            | 48/439 [00:02<00:20, 18.76it/s]
 11%|###6                            | 50/439 [00:02<00:20, 18.86it/s]
 12%|###7                            | 52/439 [00:02<00:20, 18.86it/s]
 12%|###9                            | 54/439 [00:02<00:20, 19.01it/s]
 13%|####                            | 56/439 [00:02<00:20, 18.92it/s]
 13%|####2                           | 58/439 [00:03<00:20, 18.97it/s]
 14%|####3                           | 60/439 [00:03<00:20, 18.93it/s]
 14%|####5                           | 62/439 [00:03<00:19, 18.85it/s]
 15%|####6                           | 64/439 [00:03<00:19, 18.78it/s]
 15%|####8                           | 66/439 [00:03<00:20, 18.61it/s]
 15%|####9                           | 68/439 [00:03<00:19, 18.71it/s]
 16%|#####1                          | 70/439 [00:03<00:19, 18.94it/s]
 16%|#####2                          | 72/439 [00:03<00:19, 18.84it/s]
 17%|#####3                          | 74/439 [00:03<00:19, 18.86it/s]
 17%|#####5                          | 76/439 [00:04<00:19, 18.83it/s]
 18%|#####6                          | 78/439 [00:04<00:19, 18.85it/s]
 18%|#####8                          | 80/439 [00:04<00:19, 18.81it/s]
 19%|#####9                          | 82/439 [00:04<00:18, 18.88it/s]
 19%|######1                         | 84/439 [00:04<00:18, 18.93it/s]
 20%|######2                         | 86/439 [00:04<00:18, 18.90it/s]
 20%|######4                         | 88/439 [00:04<00:18, 18.88it/s]
 21%|######5                         | 90/439 [00:04<00:18, 18.96it/s]
 21%|######7                         | 92/439 [00:04<00:18, 18.90it/s]
 21%|######8                         | 94/439 [00:05<00:18, 18.74it/s]
 22%|######9                         | 96/439 [00:05<00:18, 18.84it/s]
 22%|#######1                        | 98/439 [00:05<00:18, 18.76it/s]
 23%|#######                        | 100/439 [00:05<00:18, 18.77it/s]
 23%|#######2                       | 102/439 [00:05<00:18, 18.71it/s]
 24%|#######3                       | 104/439 [00:05<00:17, 18.71it/s]
 24%|#######4                       | 106/439 [00:05<00:17, 18.72it/s]
 25%|#######6                       | 108/439 [00:05<00:17, 18.51it/s]
 25%|#######7                       | 110/439 [00:05<00:17, 18.62it/s]
 26%|#######9                       | 112/439 [00:05<00:17, 18.78it/s]
 26%|########                       | 114/439 [00:06<00:17, 18.80it/s]
 26%|########1                      | 116/439 [00:06<00:17, 18.77it/s]
 27%|########3                      | 118/439 [00:06<00:17, 18.77it/s]
 27%|########4                      | 120/439 [00:06<00:17, 18.75it/s]
 28%|########6                      | 122/439 [00:06<00:16, 18.76it/s]
 28%|########7                      | 124/439 [00:06<00:16, 18.82it/s]
 29%|########8                      | 126/439 [00:06<00:16, 18.71it/s]
 29%|#########                      | 128/439 [00:06<00:16, 18.72it/s]
 30%|#########1                     | 130/439 [00:06<00:16, 18.78it/s]
 30%|#########3                     | 132/439 [00:07<00:16, 18.87it/s]
 31%|#########4                     | 134/439 [00:07<00:16, 18.92it/s]
 31%|#########6                     | 136/439 [00:07<00:16, 18.87it/s]
 31%|#########7                     | 138/439 [00:07<00:15, 18.82it/s]
 32%|#########8                     | 140/439 [00:07<00:15, 18.85it/s]
 32%|##########                     | 142/439 [00:08<00:55,  5.36it/s]
 33%|##########1                    | 144/439 [00:08<00:43,  6.83it/s]
 33%|##########3                    | 146/439 [00:08<00:34,  8.42it/s]
 34%|##########4                    | 148/439 [00:08<00:28, 10.10it/s]
 34%|##########5                    | 150/439 [00:08<00:24, 11.67it/s]
 35%|##########7                    | 152/439 [00:08<00:21, 13.07it/s]
 35%|##########8                    | 154/439 [00:09<00:19, 14.38it/s]
 36%|###########                    | 156/439 [00:09<00:18, 15.47it/s]
 36%|###########1                   | 158/439 [00:09<00:17, 16.33it/s]
 36%|###########2                   | 160/439 [00:09<00:16, 17.01it/s]
 37%|###########4                   | 162/439 [00:09<00:15, 17.42it/s]
 37%|###########5                   | 164/439 [00:09<00:15, 17.59it/s]
 38%|###########7                   | 166/439 [00:09<00:15, 17.88it/s]
 38%|###########8                   | 168/439 [00:09<00:15, 17.68it/s]
 39%|############                   | 170/439 [00:09<00:15, 17.91it/s]
 39%|############1                  | 172/439 [00:10<00:14, 18.20it/s]
 40%|############2                  | 174/439 [00:10<00:14, 18.30it/s]
 40%|############4                  | 176/439 [00:10<00:15, 17.33it/s]
 41%|############5                  | 178/439 [00:10<00:14, 17.59it/s]
 41%|############7                  | 180/439 [00:10<00:14, 18.04it/s]
 41%|############8                  | 182/439 [00:10<00:14, 18.16it/s]
 42%|############9                  | 184/439 [00:10<00:13, 18.38it/s]
 42%|#############1                 | 186/439 [00:10<00:13, 18.47it/s]
 43%|#############2                 | 188/439 [00:10<00:13, 18.58it/s]
 43%|#############4                 | 190/439 [00:11<00:13, 18.66it/s]
 44%|#############5                 | 192/439 [00:11<00:13, 18.63it/s]
 44%|#############6                 | 194/439 [00:11<00:13, 18.48it/s]
 45%|#############8                 | 196/439 [00:11<00:13, 18.52it/s]
 45%|#############9                 | 198/439 [00:11<00:12, 18.60it/s]
 46%|##############1                | 200/439 [00:11<00:12, 18.68it/s]
 46%|##############2                | 202/439 [00:11<00:12, 18.66it/s]
 46%|##############4                | 204/439 [00:11<00:12, 18.67it/s]
 47%|##############5                | 206/439 [00:11<00:12, 18.71it/s]
 47%|##############6                | 208/439 [00:12<00:12, 18.73it/s]
 48%|##############8                | 210/439 [00:12<00:12, 18.79it/s]
 48%|##############9                | 212/439 [00:12<00:12, 18.89it/s]
 49%|###############1               | 214/439 [00:12<00:12, 18.75it/s]
 49%|###############2               | 216/439 [00:12<00:11, 18.81it/s]
 50%|###############3               | 218/439 [00:12<00:11, 18.63it/s]
 50%|###############5               | 220/439 [00:12<00:11, 18.68it/s]
 51%|###############6               | 222/439 [00:12<00:11, 18.68it/s]
 51%|###############8               | 224/439 [00:12<00:11, 18.74it/s]
 51%|###############9               | 226/439 [00:12<00:11, 18.70it/s]
 52%|################1              | 228/439 [00:13<00:11, 18.72it/s]
 52%|################2              | 230/439 [00:13<00:11, 18.71it/s]
 53%|################3              | 232/439 [00:13<00:11, 18.61it/s]
 53%|################5              | 234/439 [00:13<00:10, 18.72it/s]
 54%|################6              | 236/439 [00:13<00:10, 18.79it/s]
 54%|################8              | 238/439 [00:13<00:10, 18.63it/s]
 55%|################9              | 240/439 [00:13<00:10, 18.52it/s]
 55%|#################              | 242/439 [00:13<00:10, 18.58it/s]
 56%|#################2             | 244/439 [00:13<00:10, 18.59it/s]
 56%|#################3             | 246/439 [00:14<00:10, 18.72it/s]
 56%|#################5             | 248/439 [00:14<00:10, 18.80it/s]
 57%|#################6             | 250/439 [00:14<00:10, 18.76it/s]
 57%|#################7             | 252/439 [00:14<00:09, 18.79it/s]
 58%|#################9             | 254/439 [00:14<00:09, 18.79it/s]
 58%|##################             | 256/439 [00:14<00:09, 18.71it/s]
 59%|##################2            | 258/439 [00:14<00:09, 18.70it/s]
 59%|##################3            | 260/439 [00:14<00:09, 18.67it/s]
 60%|##################5            | 262/439 [00:14<00:09, 18.68it/s]
 60%|##################6            | 264/439 [00:15<00:09, 18.79it/s]
 61%|##################7            | 266/439 [00:15<00:09, 18.64it/s]
 61%|##################9            | 268/439 [00:15<00:09, 18.67it/s]
 62%|###################            | 270/439 [00:15<00:09, 18.69it/s]
 62%|###################2           | 272/439 [00:15<00:08, 18.91it/s]
 62%|###################3           | 274/439 [00:15<00:08, 18.84it/s]
 63%|###################4           | 276/439 [00:15<00:08, 18.86it/s]
 63%|###################6           | 278/439 [00:15<00:08, 18.92it/s]
 64%|###################7           | 280/439 [00:15<00:08, 18.77it/s]
 64%|###################9           | 282/439 [00:15<00:08, 18.68it/s]
 65%|####################           | 284/439 [00:16<00:08, 18.66it/s]
 65%|####################1          | 286/439 [00:16<00:08, 18.71it/s]
 66%|####################3          | 288/439 [00:16<00:08, 18.76it/s]
 66%|####################4          | 290/439 [00:16<00:07, 18.83it/s]
 67%|####################6          | 292/439 [00:16<00:07, 18.97it/s]
 67%|####################7          | 294/439 [00:16<00:07, 18.95it/s]
 67%|####################9          | 296/439 [00:16<00:07, 18.90it/s]
 68%|#####################          | 298/439 [00:16<00:07, 18.87it/s]
 68%|#####################1         | 300/439 [00:16<00:07, 18.84it/s]
 69%|#####################3         | 302/439 [00:17<00:07, 18.83it/s]
 69%|#####################4         | 304/439 [00:17<00:07, 18.87it/s]
 70%|#####################6         | 306/439 [00:17<00:07, 18.85it/s]
 70%|#####################7         | 308/439 [00:17<00:06, 18.81it/s]
 71%|#####################8         | 310/439 [00:17<00:06, 18.61it/s]
 71%|######################         | 312/439 [00:17<00:06, 18.65it/s]
 72%|######################1        | 314/439 [00:17<00:06, 18.60it/s]
 72%|######################3        | 316/439 [00:17<00:06, 18.56it/s]
 72%|######################4        | 318/439 [00:17<00:06, 18.64it/s]
 73%|######################5        | 320/439 [00:18<00:06, 18.67it/s]
 73%|######################7        | 322/439 [00:18<00:06, 18.63it/s]
 74%|######################8        | 324/439 [00:18<00:06, 18.52it/s]
 74%|#######################        | 326/439 [00:18<00:06, 18.55it/s]
 75%|#######################1       | 328/439 [00:18<00:05, 18.57it/s]
 75%|#######################3       | 330/439 [00:18<00:05, 18.68it/s]
 76%|#######################4       | 332/439 [00:18<00:05, 18.74it/s]
 76%|#######################5       | 334/439 [00:18<00:05, 18.71it/s]
 77%|#######################7       | 336/439 [00:18<00:05, 18.74it/s]
 77%|#######################8       | 338/439 [00:18<00:05, 18.76it/s]
 77%|########################       | 340/439 [00:19<00:05, 18.66it/s]
 78%|########################1      | 342/439 [00:19<00:05, 18.69it/s]
 78%|########################2      | 344/439 [00:19<00:05, 18.67it/s]
 79%|########################4      | 346/439 [00:19<00:04, 18.80it/s]
 79%|########################5      | 348/439 [00:19<00:04, 18.72it/s]
 80%|########################7      | 350/439 [00:19<00:04, 18.75it/s]
 80%|########################8      | 352/439 [00:19<00:04, 18.77it/s]
 81%|########################9      | 354/439 [00:19<00:04, 18.81it/s]
 81%|#########################1     | 356/439 [00:19<00:04, 18.75it/s]
 82%|#########################2     | 358/439 [00:20<00:04, 18.73it/s]
 82%|#########################4     | 360/439 [00:20<00:04, 18.83it/s]
 82%|#########################5     | 362/439 [00:20<00:04, 18.79it/s]
 83%|#########################7     | 364/439 [00:20<00:04, 18.73it/s]
 83%|#########################8     | 366/439 [00:20<00:03, 18.51it/s]
 84%|#########################9     | 368/439 [00:20<00:03, 18.47it/s]
 84%|##########################1    | 370/439 [00:20<00:03, 18.59it/s]
 85%|##########################2    | 372/439 [00:20<00:03, 18.44it/s]
 85%|##########################4    | 374/439 [00:20<00:03, 18.53it/s]
 86%|##########################5    | 376/439 [00:21<00:03, 18.65it/s]
 86%|##########################6    | 378/439 [00:21<00:03, 18.72it/s]
 87%|##########################8    | 380/439 [00:21<00:03, 18.74it/s]
 87%|##########################9    | 382/439 [00:21<00:03, 18.69it/s]
 87%|###########################1   | 384/439 [00:21<00:02, 18.70it/s]
 88%|###########################2   | 386/439 [00:21<00:02, 18.63it/s]
 88%|###########################3   | 388/439 [00:21<00:02, 18.67it/s]
 89%|###########################5   | 390/439 [00:21<00:02, 18.79it/s]
 89%|###########################6   | 392/439 [00:21<00:02, 18.73it/s]
 90%|###########################8   | 394/439 [00:21<00:02, 18.74it/s]
 90%|###########################9   | 396/439 [00:22<00:02, 18.68it/s]
 91%|############################1  | 398/439 [00:22<00:02, 18.63it/s]
 91%|############################2  | 400/439 [00:22<00:02, 18.49it/s]
 92%|############################3  | 402/439 [00:22<00:02, 18.50it/s]
 92%|############################5  | 404/439 [00:22<00:01, 18.56it/s]
 92%|############################6  | 406/439 [00:22<00:01, 18.65it/s]
 93%|############################8  | 408/439 [00:22<00:01, 18.65it/s]
 93%|############################9  | 410/439 [00:22<00:01, 18.48it/s]
 94%|#############################  | 412/439 [00:22<00:01, 18.63it/s]
 94%|#############################2 | 414/439 [00:23<00:01, 18.67it/s]
 95%|#############################3 | 416/439 [00:23<00:01, 18.77it/s]
 95%|#############################5 | 418/439 [00:23<00:01, 18.82it/s]
 96%|#############################6 | 420/439 [00:23<00:01, 18.82it/s]
 96%|#############################7 | 422/439 [00:23<00:00, 18.77it/s]
 97%|#############################9 | 424/439 [00:23<00:00, 18.75it/s]
 97%|############################## | 426/439 [00:23<00:00, 18.72it/s]
 97%|##############################2| 428/439 [00:23<00:00, 18.58it/s]
 98%|##############################3| 430/439 [00:23<00:00, 18.67it/s]
 98%|##############################5| 432/439 [00:23<00:00, 18.70it/s]
 99%|##############################6| 434/439 [00:24<00:00, 18.70it/s]
 99%|##############################7| 436/439 [00:24<00:00, 17.81it/s]
100%|##############################9| 438/439 [00:24<00:00, 18.12it/s]
100%|###############################| 439/439 [00:24<00:00, 18.00it/s]
[SEAL Epoch 15] loss=0.5608

[SEAL Epoch 16/20] Run 1/1 - training...

  0%|                                         | 0/439 [00:00<?, ?it/s]
  0%|                                 | 1/439 [00:00<00:46,  9.45it/s]
  1%|2                                | 3/439 [00:00<00:32, 13.54it/s]
  1%|3                                | 5/439 [00:00<00:27, 15.84it/s]
  2%|5                                | 7/439 [00:00<00:27, 15.85it/s]
  2%|6                                | 9/439 [00:00<00:25, 16.89it/s]
  3%|8                               | 11/439 [00:00<00:24, 17.67it/s]
  3%|9                               | 13/439 [00:00<00:23, 17.93it/s]
  3%|#                               | 15/439 [00:00<00:23, 18.16it/s]
  4%|#2                              | 17/439 [00:00<00:23, 18.31it/s]
  4%|#3                              | 19/439 [00:01<00:22, 18.45it/s]
  5%|#5                              | 21/439 [00:01<00:22, 18.52it/s]
  5%|#6                              | 23/439 [00:01<00:23, 17.63it/s]
  6%|#8                              | 25/439 [00:01<00:23, 17.90it/s]
  6%|#9                              | 27/439 [00:01<00:22, 18.09it/s]
  7%|##1                             | 29/439 [00:01<00:22, 18.38it/s]
  7%|##2                             | 31/439 [00:01<00:22, 18.49it/s]
  8%|##4                             | 33/439 [00:01<00:21, 18.56it/s]
  8%|##5                             | 35/439 [00:01<00:21, 18.67it/s]
  8%|##6                             | 37/439 [00:02<00:21, 18.69it/s]
  9%|##8                             | 39/439 [00:02<00:21, 18.77it/s]
  9%|##9                             | 41/439 [00:02<00:21, 18.75it/s]
 10%|###1                            | 43/439 [00:02<00:21, 18.71it/s]
 10%|###2                            | 45/439 [00:02<00:21, 18.65it/s]
 11%|###4                            | 47/439 [00:02<00:21, 18.61it/s]
 11%|###5                            | 49/439 [00:02<00:20, 18.71it/s]
 12%|###7                            | 51/439 [00:02<00:20, 18.70it/s]
 12%|###8                            | 53/439 [00:02<00:21, 17.82it/s]
 13%|####                            | 55/439 [00:03<00:22, 17.07it/s]
 13%|####1                           | 57/439 [00:03<00:22, 17.27it/s]
 13%|####3                           | 59/439 [00:03<00:21, 17.64it/s]
 14%|####4                           | 61/439 [00:03<00:20, 18.00it/s]
 14%|####5                           | 63/439 [00:03<00:20, 18.26it/s]
 15%|####7                           | 65/439 [00:03<00:20, 18.45it/s]
 15%|####8                           | 67/439 [00:03<00:20, 18.55it/s]
 16%|#####                           | 69/439 [00:03<00:19, 18.57it/s]
 16%|#####1                          | 71/439 [00:03<00:19, 18.68it/s]
 17%|#####3                          | 73/439 [00:04<00:19, 18.68it/s]
 17%|#####4                          | 75/439 [00:04<00:19, 18.70it/s]
 18%|#####6                          | 77/439 [00:04<00:19, 18.73it/s]
 18%|#####7                          | 79/439 [00:04<00:19, 18.67it/s]
 18%|#####9                          | 81/439 [00:04<00:19, 18.76it/s]
 19%|######                          | 83/439 [00:04<00:18, 18.79it/s]
 19%|######1                         | 85/439 [00:04<00:18, 18.71it/s]
 20%|######3                         | 87/439 [00:04<00:18, 18.62it/s]
 20%|######4                         | 89/439 [00:04<00:18, 18.65it/s]
 21%|######6                         | 91/439 [00:05<00:19, 17.64it/s]
 21%|######7                         | 93/439 [00:05<00:19, 17.99it/s]
 22%|######9                         | 95/439 [00:05<00:18, 18.24it/s]
 22%|#######                         | 97/439 [00:05<00:18, 18.38it/s]
 23%|#######2                        | 99/439 [00:05<00:18, 18.28it/s]
 23%|#######1                       | 101/439 [00:05<00:18, 18.43it/s]
 23%|#######2                       | 103/439 [00:05<00:18, 18.55it/s]
 24%|#######4                       | 105/439 [00:05<00:17, 18.74it/s]
 24%|#######5                       | 107/439 [00:05<00:17, 18.81it/s]
 25%|#######6                       | 109/439 [00:05<00:17, 18.93it/s]
 25%|#######8                       | 111/439 [00:06<00:17, 18.87it/s]
 26%|#######9                       | 113/439 [00:06<00:17, 18.77it/s]
 26%|########1                      | 115/439 [00:06<00:17, 18.72it/s]
 27%|########2                      | 117/439 [00:06<00:17, 18.74it/s]
 27%|########4                      | 119/439 [00:06<00:17, 18.77it/s]
 28%|########5                      | 121/439 [00:06<00:16, 18.76it/s]
 28%|########6                      | 123/439 [00:06<00:16, 18.73it/s]
 28%|########8                      | 125/439 [00:06<00:16, 18.81it/s]
 29%|########9                      | 127/439 [00:06<00:16, 18.71it/s]
 29%|#########1                     | 129/439 [00:07<00:16, 18.83it/s]
 30%|#########2                     | 131/439 [00:07<00:16, 18.80it/s]
 30%|#########3                     | 133/439 [00:07<00:16, 18.78it/s]
 31%|#########5                     | 135/439 [00:07<00:16, 18.75it/s]
 31%|#########6                     | 137/439 [00:07<00:16, 18.66it/s]
 32%|#########8                     | 139/439 [00:07<00:15, 18.76it/s]
 32%|#########9                     | 141/439 [00:07<00:15, 18.81it/s]
 33%|##########                     | 143/439 [00:07<00:15, 18.79it/s]
 33%|##########2                    | 145/439 [00:07<00:15, 18.85it/s]
 33%|##########3                    | 147/439 [00:08<00:15, 19.03it/s]
 34%|##########5                    | 149/439 [00:08<00:15, 18.94it/s]
 34%|##########6                    | 151/439 [00:08<00:15, 19.00it/s]
 35%|##########8                    | 153/439 [00:08<00:15, 19.05it/s]
 35%|##########9                    | 155/439 [00:08<00:14, 19.11it/s]
 36%|###########                    | 157/439 [00:08<00:14, 19.06it/s]
 36%|###########2                   | 159/439 [00:08<00:14, 19.02it/s]
 37%|###########3                   | 161/439 [00:08<00:14, 18.99it/s]
 37%|###########5                   | 163/439 [00:08<00:14, 18.87it/s]
 38%|###########6                   | 165/439 [00:08<00:14, 18.87it/s]
 38%|###########7                   | 167/439 [00:09<00:14, 18.92it/s]
 38%|###########9                   | 169/439 [00:09<00:14, 18.89it/s]
 39%|############                   | 171/439 [00:09<00:14, 18.87it/s]
 39%|############2                  | 173/439 [00:09<00:13, 19.03it/s]
 40%|############3                  | 175/439 [00:09<00:13, 19.05it/s]
 40%|############4                  | 177/439 [00:09<00:13, 18.98it/s]
 41%|############6                  | 179/439 [00:09<00:13, 18.94it/s]
 41%|############7                  | 181/439 [00:09<00:13, 18.91it/s]
 42%|############9                  | 183/439 [00:09<00:13, 18.85it/s]
 42%|#############                  | 185/439 [00:10<00:13, 18.45it/s]
 43%|#############2                 | 187/439 [00:10<00:13, 18.14it/s]
 43%|#############3                 | 189/439 [00:10<00:13, 18.28it/s]
 44%|#############4                 | 191/439 [00:10<00:14, 17.42it/s]
 44%|#############6                 | 193/439 [00:10<00:13, 17.74it/s]
 44%|#############7                 | 195/439 [00:10<00:13, 18.15it/s]
 45%|#############9                 | 197/439 [00:10<00:13, 18.28it/s]
 45%|##############                 | 199/439 [00:10<00:13, 18.39it/s]
 46%|##############1                | 201/439 [00:10<00:12, 18.45it/s]
 46%|##############3                | 203/439 [00:11<00:12, 18.50it/s]
 47%|##############4                | 205/439 [00:11<00:12, 18.65it/s]
 47%|##############6                | 207/439 [00:11<00:12, 18.59it/s]
 48%|##############7                | 209/439 [00:11<00:12, 18.67it/s]
 48%|##############8                | 211/439 [00:11<00:12, 18.70it/s]
 49%|###############                | 213/439 [00:11<00:12, 18.69it/s]
 49%|###############1               | 215/439 [00:11<00:11, 18.76it/s]
 49%|###############3               | 217/439 [00:11<00:11, 18.85it/s]
 50%|###############4               | 219/439 [00:11<00:11, 18.87it/s]
 50%|###############6               | 221/439 [00:11<00:11, 18.90it/s]
 51%|###############7               | 223/439 [00:12<00:11, 18.88it/s]
 51%|###############8               | 225/439 [00:12<00:11, 18.93it/s]
 52%|################               | 227/439 [00:12<00:11, 19.06it/s]
 52%|################1              | 229/439 [00:12<00:11, 18.21it/s]
 53%|################3              | 231/439 [00:12<00:11, 18.31it/s]
 53%|################4              | 233/439 [00:12<00:11, 17.58it/s]
 54%|################5              | 235/439 [00:12<00:11, 17.84it/s]
 54%|################7              | 237/439 [00:12<00:11, 18.18it/s]
 54%|################8              | 239/439 [00:12<00:10, 18.47it/s]
 55%|#################              | 241/439 [00:13<00:10, 18.59it/s]
 55%|#################1             | 243/439 [00:13<00:10, 18.70it/s]
 56%|#################3             | 245/439 [00:13<00:10, 18.78it/s]
 56%|#################4             | 247/439 [00:13<00:10, 18.82it/s]
 57%|#################5             | 249/439 [00:13<00:11, 16.94it/s]
 57%|#################7             | 251/439 [00:13<00:10, 17.48it/s]
 58%|#################8             | 253/439 [00:13<00:11, 16.73it/s]
 58%|##################             | 255/439 [00:13<00:10, 17.27it/s]
 59%|##################1            | 257/439 [00:13<00:10, 17.72it/s]
 59%|##################2            | 259/439 [00:14<00:09, 18.08it/s]
 59%|##################4            | 261/439 [00:14<00:09, 18.52it/s]
 60%|##################5            | 263/439 [00:14<00:09, 18.58it/s]
 60%|##################7            | 265/439 [00:14<00:09, 18.72it/s]
 61%|##################8            | 267/439 [00:14<00:09, 18.71it/s]
 61%|##################9            | 269/439 [00:14<00:09, 18.84it/s]
 62%|###################1           | 271/439 [00:14<00:08, 18.67it/s]
 62%|###################2           | 273/439 [00:14<00:08, 18.71it/s]
 63%|###################4           | 275/439 [00:14<00:08, 18.69it/s]
 63%|###################5           | 277/439 [00:15<00:08, 18.77it/s]
 64%|###################7           | 279/439 [00:15<00:08, 18.60it/s]
 64%|###################8           | 281/439 [00:15<00:08, 18.76it/s]
 64%|###################9           | 283/439 [00:15<00:08, 18.78it/s]
 65%|####################1          | 285/439 [00:15<00:08, 18.80it/s]
 65%|####################2          | 287/439 [00:15<00:08, 18.76it/s]
 66%|####################4          | 289/439 [00:15<00:07, 18.77it/s]
 66%|####################5          | 291/439 [00:15<00:07, 18.84it/s]
 67%|####################6          | 293/439 [00:15<00:07, 18.84it/s]
 67%|####################8          | 295/439 [00:15<00:07, 18.90it/s]
 68%|####################9          | 297/439 [00:16<00:07, 18.92it/s]
 68%|#####################1         | 299/439 [00:16<00:07, 18.75it/s]
 69%|#####################2         | 301/439 [00:16<00:07, 18.79it/s]
 69%|#####################3         | 303/439 [00:16<00:07, 18.86it/s]
 69%|#####################5         | 305/439 [00:16<00:07, 18.83it/s]
 70%|#####################6         | 307/439 [00:16<00:07, 18.84it/s]
 70%|#####################8         | 309/439 [00:16<00:06, 18.83it/s]
 71%|#####################9         | 311/439 [00:16<00:06, 18.76it/s]
 71%|######################1        | 313/439 [00:16<00:06, 18.87it/s]
 72%|######################2        | 315/439 [00:17<00:06, 18.79it/s]
 72%|######################3        | 317/439 [00:17<00:06, 18.63it/s]
 73%|######################5        | 319/439 [00:17<00:06, 18.68it/s]
 73%|######################6        | 321/439 [00:17<00:06, 18.79it/s]
 74%|######################8        | 323/439 [00:17<00:06, 18.85it/s]
 74%|######################9        | 325/439 [00:17<00:06, 18.88it/s]
 74%|#######################        | 327/439 [00:17<00:05, 18.84it/s]
 75%|#######################2       | 329/439 [00:17<00:05, 18.81it/s]
 75%|#######################3       | 331/439 [00:17<00:05, 18.72it/s]
 76%|#######################5       | 333/439 [00:18<00:05, 18.75it/s]
 76%|#######################6       | 335/439 [00:18<00:05, 18.66it/s]
 77%|#######################7       | 337/439 [00:18<00:05, 18.80it/s]
 77%|#######################9       | 339/439 [00:18<00:05, 18.73it/s]
 78%|########################       | 341/439 [00:18<00:05, 18.72it/s]
 78%|########################2      | 343/439 [00:18<00:05, 18.75it/s]
 79%|########################3      | 345/439 [00:18<00:05, 18.71it/s]
 79%|########################5      | 347/439 [00:18<00:05, 17.82it/s]
 79%|########################6      | 349/439 [00:18<00:05, 17.13it/s]
 80%|########################7      | 351/439 [00:19<00:05, 17.56it/s]
 80%|########################9      | 353/439 [00:19<00:04, 17.88it/s]
 81%|#########################      | 355/439 [00:19<00:04, 18.07it/s]
 81%|#########################2     | 357/439 [00:19<00:04, 18.07it/s]
 82%|#########################3     | 359/439 [00:19<00:04, 18.32it/s]
 82%|#########################4     | 361/439 [00:19<00:04, 18.53it/s]
 83%|#########################6     | 363/439 [00:19<00:04, 18.53it/s]
 83%|#########################7     | 365/439 [00:19<00:04, 18.48it/s]
 84%|#########################9     | 367/439 [00:19<00:03, 18.47it/s]
 84%|##########################     | 369/439 [00:19<00:03, 18.54it/s]
 85%|##########################1    | 371/439 [00:20<00:03, 18.63it/s]
 85%|##########################3    | 373/439 [00:20<00:03, 18.61it/s]
 85%|##########################4    | 375/439 [00:20<00:03, 18.37it/s]
 86%|##########################6    | 377/439 [00:20<00:03, 18.48it/s]
 86%|##########################7    | 379/439 [00:20<00:03, 18.57it/s]
 87%|##########################9    | 381/439 [00:20<00:03, 17.63it/s]
 87%|###########################    | 383/439 [00:20<00:03, 17.79it/s]
 88%|###########################1   | 385/439 [00:20<00:03, 17.04it/s]
 88%|###########################3   | 387/439 [00:20<00:02, 17.43it/s]
 89%|###########################4   | 389/439 [00:21<00:02, 16.92it/s]
 89%|###########################6   | 391/439 [00:21<00:02, 16.59it/s]
 90%|###########################7   | 393/439 [00:21<00:02, 17.29it/s]
 90%|###########################8   | 395/439 [00:21<00:02, 17.69it/s]
 90%|############################   | 397/439 [00:21<00:02, 17.91it/s]
 91%|############################1  | 399/439 [00:21<00:02, 18.18it/s]
 91%|############################3  | 401/439 [00:21<00:02, 18.18it/s]
 92%|############################4  | 403/439 [00:21<00:01, 18.31it/s]
 92%|############################5  | 405/439 [00:21<00:01, 18.40it/s]
 93%|############################7  | 407/439 [00:22<00:01, 18.47it/s]
 93%|############################8  | 409/439 [00:22<00:01, 17.68it/s]
 94%|#############################  | 411/439 [00:22<00:01, 18.04it/s]
 94%|#############################1 | 413/439 [00:22<00:01, 18.28it/s]
 95%|#############################3 | 415/439 [00:22<00:01, 18.45it/s]
 95%|#############################4 | 417/439 [00:22<00:01, 18.42it/s]
 95%|#############################5 | 419/439 [00:22<00:01, 18.45it/s]
 96%|#############################7 | 421/439 [00:22<00:00, 18.50it/s]
 96%|#############################8 | 423/439 [00:22<00:00, 18.55it/s]
 97%|############################## | 425/439 [00:23<00:00, 18.47it/s]
 97%|##############################1| 427/439 [00:23<00:00, 18.51it/s]
 98%|##############################2| 429/439 [00:23<00:00, 18.49it/s]
 98%|##############################4| 431/439 [00:23<00:00, 18.53it/s]
 99%|##############################5| 433/439 [00:23<00:00, 18.58it/s]
 99%|##############################7| 435/439 [00:23<00:00, 18.65it/s]
100%|##############################8| 437/439 [00:23<00:00, 18.72it/s]
100%|###############################| 439/439 [00:23<00:00, 18.68it/s]
100%|###############################| 439/439 [00:23<00:00, 18.42it/s]
[SEAL Epoch 16] loss=0.5606

[SEAL Epoch 17/20] Run 1/1 - training...

  0%|                                         | 0/439 [00:00<?, ?it/s]
  0%|1                                | 2/439 [00:00<00:25, 17.46it/s]
  1%|3                                | 4/439 [00:00<00:24, 17.71it/s]
  1%|4                                | 6/439 [00:00<00:23, 18.22it/s]
  2%|6                                | 8/439 [00:00<00:23, 18.41it/s]
  2%|7                               | 10/439 [00:00<00:23, 18.43it/s]
  3%|8                               | 12/439 [00:00<00:22, 18.82it/s]
  3%|#                               | 14/439 [00:00<00:22, 18.91it/s]
  4%|#1                              | 16/439 [00:00<00:22, 18.85it/s]
  4%|#3                              | 18/439 [00:00<00:22, 18.80it/s]
  5%|#4                              | 20/439 [00:01<00:22, 18.82it/s]
  5%|#6                              | 22/439 [00:01<00:22, 18.75it/s]
  5%|#7                              | 24/439 [00:01<00:23, 17.78it/s]
  6%|#8                              | 26/439 [00:01<00:22, 18.02it/s]
  6%|##                              | 28/439 [00:01<00:23, 17.32it/s]
  7%|##1                             | 30/439 [00:01<00:24, 16.78it/s]
  7%|##3                             | 32/439 [00:01<00:23, 17.20it/s]
  8%|##4                             | 34/439 [00:01<00:22, 17.63it/s]
  8%|##6                             | 36/439 [00:01<00:22, 17.98it/s]
  9%|##7                             | 38/439 [00:02<00:21, 18.26it/s]
  9%|##9                             | 40/439 [00:02<00:21, 18.40it/s]
 10%|###                             | 42/439 [00:02<00:21, 18.52it/s]
 10%|###2                            | 44/439 [00:02<00:21, 18.57it/s]
 10%|###3                            | 46/439 [00:02<00:21, 18.61it/s]
 11%|###4                            | 48/439 [00:02<00:21, 18.50it/s]
 11%|###6                            | 50/439 [00:02<00:21, 18.47it/s]
 12%|###7                            | 52/439 [00:02<00:21, 18.40it/s]
 12%|###9                            | 54/439 [00:02<00:20, 18.57it/s]
 13%|####                            | 56/439 [00:03<00:20, 18.67it/s]
 13%|####2                           | 58/439 [00:03<00:20, 18.60it/s]
 14%|####3                           | 60/439 [00:03<00:20, 18.68it/s]
 14%|####5                           | 62/439 [00:03<00:20, 18.71it/s]
 15%|####6                           | 64/439 [00:03<00:19, 18.83it/s]
 15%|####8                           | 66/439 [00:03<00:19, 18.75it/s]
 15%|####9                           | 68/439 [00:03<00:19, 18.66it/s]
 16%|#####1                          | 70/439 [00:03<00:19, 18.59it/s]
 16%|#####2                          | 72/439 [00:03<00:19, 18.47it/s]
 17%|#####3                          | 74/439 [00:04<00:19, 18.55it/s]
 17%|#####5                          | 76/439 [00:04<00:19, 18.64it/s]
 18%|#####6                          | 78/439 [00:04<00:19, 18.67it/s]
 18%|#####8                          | 80/439 [00:04<00:19, 18.61it/s]
 19%|#####9                          | 82/439 [00:04<00:19, 18.56it/s]
 19%|######1                         | 84/439 [00:04<00:19, 18.60it/s]
 20%|######2                         | 86/439 [00:04<00:18, 18.66it/s]
 20%|######4                         | 88/439 [00:04<00:18, 18.68it/s]
 21%|######5                         | 90/439 [00:04<00:18, 18.71it/s]
 21%|######7                         | 92/439 [00:04<00:18, 18.92it/s]
 21%|######8                         | 94/439 [00:05<00:18, 18.90it/s]
 22%|######9                         | 96/439 [00:05<00:18, 18.82it/s]
 22%|#######1                        | 98/439 [00:05<00:18, 18.89it/s]
 23%|#######                        | 100/439 [00:05<00:18, 18.75it/s]
 23%|#######2                       | 102/439 [00:05<00:18, 18.71it/s]
 24%|#######3                       | 104/439 [00:05<00:17, 18.70it/s]
 24%|#######4                       | 106/439 [00:05<00:17, 18.58it/s]
 25%|#######6                       | 108/439 [00:05<00:17, 18.56it/s]
 25%|#######7                       | 110/439 [00:05<00:17, 18.61it/s]
 26%|#######9                       | 112/439 [00:06<00:17, 18.88it/s]
 26%|########                       | 114/439 [00:06<00:17, 18.88it/s]
 26%|########1                      | 116/439 [00:06<00:17, 18.73it/s]
 27%|########3                      | 118/439 [00:06<00:17, 18.68it/s]
 27%|########4                      | 120/439 [00:06<00:16, 18.77it/s]
 28%|########6                      | 122/439 [00:06<00:16, 18.75it/s]
 28%|########7                      | 124/439 [00:06<00:16, 18.76it/s]
 29%|########8                      | 126/439 [00:06<00:16, 18.63it/s]
 29%|#########                      | 128/439 [00:06<00:16, 18.58it/s]
 30%|#########1                     | 130/439 [00:07<00:16, 18.58it/s]
 30%|#########3                     | 132/439 [00:07<00:16, 18.65it/s]
 31%|#########4                     | 134/439 [00:07<00:16, 18.63it/s]
 31%|#########6                     | 136/439 [00:07<00:16, 18.73it/s]
 31%|#########7                     | 138/439 [00:07<00:16, 18.78it/s]
 32%|#########8                     | 140/439 [00:07<00:15, 18.74it/s]
 32%|##########                     | 142/439 [00:08<00:57,  5.16it/s]
 33%|##########1                    | 144/439 [00:08<00:44,  6.59it/s]
 33%|##########3                    | 146/439 [00:08<00:35,  8.18it/s]
 34%|##########4                    | 148/439 [00:08<00:29,  9.84it/s]
 34%|##########5                    | 150/439 [00:09<00:25, 11.46it/s]
 35%|##########7                    | 152/439 [00:09<00:22, 12.95it/s]
 35%|##########8                    | 154/439 [00:09<00:20, 14.22it/s]
 36%|###########                    | 156/439 [00:09<00:18, 15.38it/s]
 36%|###########1                   | 158/439 [00:09<00:17, 16.30it/s]
 36%|###########2                   | 160/439 [00:09<00:16, 16.97it/s]
 37%|###########4                   | 162/439 [00:09<00:15, 17.50it/s]
 37%|###########5                   | 164/439 [00:09<00:15, 17.69it/s]
 38%|###########7                   | 166/439 [00:09<00:16, 16.95it/s]
 38%|###########8                   | 168/439 [00:10<00:15, 17.40it/s]
 39%|############                   | 170/439 [00:10<00:15, 17.81it/s]
 39%|############1                  | 172/439 [00:10<00:14, 18.16it/s]
 40%|############2                  | 174/439 [00:10<00:15, 17.16it/s]
 40%|############4                  | 176/439 [00:10<00:15, 17.10it/s]
 41%|############5                  | 178/439 [00:10<00:14, 17.51it/s]
 41%|############7                  | 180/439 [00:10<00:14, 17.87it/s]
 41%|############8                  | 182/439 [00:10<00:14, 18.08it/s]
 42%|############9                  | 184/439 [00:10<00:13, 18.32it/s]
 42%|#############1                 | 186/439 [00:11<00:13, 18.50it/s]
 43%|#############2                 | 188/439 [00:11<00:13, 18.51it/s]
 43%|#############4                 | 190/439 [00:11<00:13, 18.51it/s]
 44%|#############5                 | 192/439 [00:11<00:13, 18.64it/s]
 44%|#############6                 | 194/439 [00:11<00:13, 18.70it/s]
 45%|#############8                 | 196/439 [00:11<00:12, 18.72it/s]
 45%|#############9                 | 198/439 [00:11<00:14, 16.72it/s]
 46%|##############1                | 200/439 [00:11<00:13, 17.43it/s]
 46%|##############2                | 202/439 [00:11<00:13, 17.80it/s]
 46%|##############4                | 204/439 [00:12<00:13, 17.97it/s]
 47%|##############5                | 206/439 [00:12<00:13, 17.22it/s]
 47%|##############6                | 208/439 [00:12<00:13, 17.61it/s]
 48%|##############8                | 210/439 [00:12<00:13, 17.02it/s]
 48%|##############9                | 212/439 [00:12<00:13, 16.64it/s]
 49%|###############1               | 214/439 [00:12<00:13, 17.13it/s]
 49%|###############2               | 216/439 [00:12<00:12, 17.76it/s]
 50%|###############3               | 218/439 [00:12<00:12, 18.07it/s]
 50%|###############5               | 220/439 [00:12<00:12, 17.39it/s]
 51%|###############6               | 222/439 [00:13<00:12, 16.88it/s]
 51%|###############8               | 224/439 [00:13<00:12, 17.35it/s]
 51%|###############9               | 226/439 [00:13<00:11, 17.84it/s]
 52%|################1              | 228/439 [00:13<00:11, 18.11it/s]
 52%|################2              | 230/439 [00:13<00:11, 18.30it/s]
 53%|################3              | 232/439 [00:13<00:11, 18.52it/s]
 53%|################5              | 234/439 [00:13<00:11, 18.59it/s]
 54%|################6              | 236/439 [00:13<00:10, 18.73it/s]
 54%|################8              | 238/439 [00:13<00:10, 18.68it/s]
 55%|################9              | 240/439 [00:14<00:10, 18.69it/s]
 55%|#################              | 242/439 [00:14<00:10, 18.66it/s]
 56%|#################2             | 244/439 [00:14<00:10, 18.70it/s]
 56%|#################3             | 246/439 [00:14<00:10, 18.96it/s]
 56%|#################5             | 248/439 [00:14<00:10, 18.85it/s]
 57%|#################6             | 250/439 [00:14<00:10, 18.83it/s]
 57%|#################7             | 252/439 [00:14<00:09, 18.86it/s]
 58%|#################9             | 254/439 [00:14<00:09, 18.80it/s]
 58%|##################             | 256/439 [00:14<00:09, 18.68it/s]
 59%|##################2            | 258/439 [00:14<00:09, 18.71it/s]
 59%|##################3            | 260/439 [00:15<00:09, 18.81it/s]
 60%|##################5            | 262/439 [00:15<00:09, 18.89it/s]
 60%|##################6            | 264/439 [00:15<00:09, 18.80it/s]
 61%|##################7            | 266/439 [00:15<00:09, 18.84it/s]
 61%|##################9            | 268/439 [00:15<00:09, 18.86it/s]
 62%|###################            | 270/439 [00:15<00:09, 18.73it/s]
 62%|###################2           | 272/439 [00:15<00:08, 18.74it/s]
 62%|###################3           | 274/439 [00:15<00:08, 18.75it/s]
 63%|###################4           | 276/439 [00:15<00:08, 18.73it/s]
 63%|###################6           | 278/439 [00:16<00:08, 18.74it/s]
 64%|###################7           | 280/439 [00:16<00:08, 18.68it/s]
 64%|###################9           | 282/439 [00:16<00:08, 18.70it/s]
 65%|####################           | 284/439 [00:16<00:08, 18.74it/s]
 65%|####################1          | 286/439 [00:16<00:08, 18.90it/s]
 66%|####################3          | 288/439 [00:16<00:08, 18.86it/s]
 66%|####################4          | 290/439 [00:16<00:07, 18.79it/s]
 67%|####################6          | 292/439 [00:16<00:07, 18.78it/s]
 67%|####################7          | 294/439 [00:16<00:07, 18.84it/s]
 67%|####################9          | 296/439 [00:17<00:07, 18.86it/s]
 68%|#####################          | 298/439 [00:17<00:07, 18.75it/s]
 68%|#####################1         | 300/439 [00:17<00:07, 17.71it/s]
 69%|#####################3         | 302/439 [00:17<00:07, 18.05it/s]
 69%|#####################4         | 304/439 [00:17<00:07, 18.19it/s]
 70%|#####################6         | 306/439 [00:17<00:07, 18.29it/s]
 70%|#####################7         | 308/439 [00:17<00:07, 17.43it/s]
 71%|#####################8         | 310/439 [00:17<00:07, 17.82it/s]
 71%|######################         | 312/439 [00:17<00:07, 18.03it/s]
 72%|######################1        | 314/439 [00:18<00:06, 18.15it/s]
 72%|######################3        | 316/439 [00:18<00:06, 18.35it/s]
 72%|######################4        | 318/439 [00:18<00:06, 18.61it/s]
 73%|######################5        | 320/439 [00:18<00:06, 18.58it/s]
 73%|######################7        | 322/439 [00:18<00:06, 18.67it/s]
 74%|######################8        | 324/439 [00:18<00:06, 18.67it/s]
 74%|#######################        | 326/439 [00:18<00:05, 18.83it/s]
 75%|#######################1       | 328/439 [00:18<00:05, 18.85it/s]
 75%|#######################3       | 330/439 [00:18<00:05, 18.79it/s]
 76%|#######################4       | 332/439 [00:18<00:05, 18.76it/s]
 76%|#######################5       | 334/439 [00:19<00:05, 17.72it/s]
 77%|#######################7       | 336/439 [00:19<00:05, 17.17it/s]
 77%|#######################8       | 338/439 [00:19<00:05, 17.66it/s]
 77%|########################       | 340/439 [00:19<00:05, 16.97it/s]
 78%|########################1      | 342/439 [00:19<00:05, 16.60it/s]
 78%|########################2      | 344/439 [00:19<00:05, 17.17it/s]
 79%|########################4      | 346/439 [00:19<00:05, 17.57it/s]
 79%|########################5      | 348/439 [00:19<00:05, 17.84it/s]
 80%|########################7      | 350/439 [00:20<00:04, 18.16it/s]
 80%|########################8      | 352/439 [00:20<00:04, 18.33it/s]
 81%|########################9      | 354/439 [00:20<00:04, 18.44it/s]
 81%|#########################1     | 356/439 [00:20<00:04, 18.48it/s]
 82%|#########################2     | 358/439 [00:20<00:04, 18.51it/s]
 82%|#########################4     | 360/439 [00:20<00:04, 18.52it/s]
 82%|#########################5     | 362/439 [00:20<00:04, 18.53it/s]
 83%|#########################7     | 364/439 [00:20<00:04, 17.54it/s]
 83%|#########################8     | 366/439 [00:20<00:04, 17.89it/s]
 84%|#########################9     | 368/439 [00:21<00:04, 17.37it/s]
 84%|##########################1    | 370/439 [00:21<00:04, 16.81it/s]
 85%|##########################2    | 372/439 [00:21<00:03, 17.29it/s]
 85%|##########################4    | 374/439 [00:21<00:03, 17.62it/s]
 86%|##########################5    | 376/439 [00:21<00:03, 17.92it/s]
 86%|##########################6    | 378/439 [00:21<00:03, 18.13it/s]
 87%|##########################8    | 380/439 [00:21<00:03, 18.35it/s]
 87%|##########################9    | 382/439 [00:21<00:03, 18.37it/s]
 87%|###########################1   | 384/439 [00:21<00:02, 18.34it/s]
 88%|###########################2   | 386/439 [00:21<00:02, 18.52it/s]
 88%|###########################3   | 388/439 [00:22<00:02, 18.69it/s]
 89%|###########################5   | 390/439 [00:22<00:02, 18.68it/s]
 89%|###########################6   | 392/439 [00:22<00:02, 17.65it/s]
 90%|###########################8   | 394/439 [00:22<00:02, 18.12it/s]
 90%|###########################9   | 396/439 [00:22<00:02, 18.26it/s]
 91%|############################1  | 398/439 [00:22<00:02, 18.34it/s]
 91%|############################2  | 400/439 [00:22<00:02, 18.47it/s]
 92%|############################3  | 402/439 [00:22<00:01, 18.57it/s]
 92%|############################5  | 404/439 [00:22<00:01, 18.77it/s]
 92%|############################6  | 406/439 [00:23<00:01, 18.75it/s]
 93%|############################8  | 408/439 [00:23<00:01, 18.74it/s]
 93%|############################9  | 410/439 [00:23<00:01, 18.73it/s]
 94%|#############################  | 412/439 [00:23<00:01, 18.71it/s]
 94%|#############################2 | 414/439 [00:23<00:01, 18.70it/s]
 95%|#############################3 | 416/439 [00:23<00:01, 18.66it/s]
 95%|#############################5 | 418/439 [00:23<00:01, 18.65it/s]
 96%|#############################6 | 420/439 [00:23<00:01, 18.65it/s]
 96%|#############################7 | 422/439 [00:23<00:00, 18.66it/s]
 97%|#############################9 | 424/439 [00:24<00:00, 18.75it/s]
 97%|############################## | 426/439 [00:24<00:00, 18.67it/s]
 97%|##############################2| 428/439 [00:24<00:00, 18.65it/s]
 98%|##############################3| 430/439 [00:24<00:00, 18.68it/s]
 98%|##############################5| 432/439 [00:24<00:00, 18.69it/s]
 99%|##############################6| 434/439 [00:24<00:00, 18.75it/s]
 99%|##############################7| 436/439 [00:24<00:00, 18.64it/s]
100%|##############################9| 438/439 [00:24<00:00, 18.69it/s]
100%|###############################| 439/439 [00:24<00:00, 17.67it/s]
[SEAL Epoch 17] loss=0.5606

[SEAL Epoch 18/20] Run 1/1 - training...

  0%|                                         | 0/439 [00:00<?, ?it/s]
  0%|1                                | 2/439 [00:00<00:26, 16.56it/s]
  1%|3                                | 4/439 [00:00<00:24, 17.66it/s]
  1%|4                                | 6/439 [00:00<00:23, 18.13it/s]
  2%|6                                | 8/439 [00:00<00:23, 18.41it/s]
  2%|7                               | 10/439 [00:00<00:23, 18.56it/s]
  3%|8                               | 12/439 [00:00<00:22, 18.57it/s]
  3%|#                               | 14/439 [00:00<00:22, 18.66it/s]
  4%|#1                              | 16/439 [00:00<00:22, 18.73it/s]
  4%|#3                              | 18/439 [00:00<00:22, 18.79it/s]
  5%|#4                              | 20/439 [00:01<00:22, 18.71it/s]
  5%|#6                              | 22/439 [00:01<00:22, 18.67it/s]
  5%|#7                              | 24/439 [00:01<00:22, 18.75it/s]
  6%|#8                              | 26/439 [00:01<00:21, 18.83it/s]
  6%|##                              | 28/439 [00:01<00:21, 18.82it/s]
  7%|##1                             | 30/439 [00:01<00:21, 18.83it/s]
  7%|##3                             | 32/439 [00:01<00:21, 18.78it/s]
  8%|##4                             | 34/439 [00:01<00:21, 18.72it/s]
  8%|##6                             | 36/439 [00:01<00:21, 18.71it/s]
  9%|##7                             | 38/439 [00:02<00:21, 18.65it/s]
  9%|##9                             | 40/439 [00:02<00:21, 18.58it/s]
 10%|###                             | 42/439 [00:02<00:21, 18.59it/s]
 10%|###2                            | 44/439 [00:02<00:21, 18.66it/s]
 10%|###3                            | 46/439 [00:02<00:20, 18.84it/s]
 11%|###4                            | 48/439 [00:02<00:20, 18.79it/s]
 11%|###6                            | 50/439 [00:02<00:20, 18.80it/s]
 12%|###7                            | 52/439 [00:02<00:20, 18.82it/s]
 12%|###9                            | 54/439 [00:02<00:20, 18.89it/s]
 13%|####                            | 56/439 [00:03<00:20, 18.75it/s]
 13%|####2                           | 58/439 [00:03<00:20, 18.65it/s]
 14%|####3                           | 60/439 [00:03<00:20, 18.64it/s]
 14%|####5                           | 62/439 [00:03<00:20, 18.66it/s]
 15%|####6                           | 64/439 [00:03<00:20, 18.64it/s]
 15%|####8                           | 66/439 [00:03<00:20, 18.57it/s]
 15%|####9                           | 68/439 [00:03<00:19, 18.59it/s]
 16%|#####1                          | 70/439 [00:03<00:19, 18.55it/s]
 16%|#####2                          | 72/439 [00:03<00:19, 18.52it/s]
 17%|#####3                          | 74/439 [00:03<00:19, 18.60it/s]
 17%|#####5                          | 76/439 [00:04<00:19, 18.66it/s]
 18%|#####6                          | 78/439 [00:04<00:19, 18.64it/s]
 18%|#####8                          | 80/439 [00:04<00:19, 18.63it/s]
 19%|#####9                          | 82/439 [00:04<00:19, 18.60it/s]
 19%|######1                         | 84/439 [00:04<00:18, 18.72it/s]
 20%|######2                         | 86/439 [00:04<00:18, 18.62it/s]
 20%|######4                         | 88/439 [00:04<00:18, 18.65it/s]
 21%|######5                         | 90/439 [00:04<00:18, 18.60it/s]
 21%|######7                         | 92/439 [00:04<00:18, 18.55it/s]
 21%|######8                         | 94/439 [00:05<00:18, 18.64it/s]
 22%|######9                         | 96/439 [00:05<00:19, 17.21it/s]
 22%|#######1                        | 98/439 [00:05<00:20, 16.31it/s]
 23%|#######                        | 100/439 [00:05<00:19, 16.97it/s]
 23%|#######2                       | 102/439 [00:05<00:19, 17.45it/s]
 24%|#######3                       | 104/439 [00:05<00:18, 17.86it/s]
 24%|#######4                       | 106/439 [00:05<00:18, 18.32it/s]
 25%|#######6                       | 108/439 [00:05<00:17, 18.46it/s]
 25%|#######7                       | 110/439 [00:05<00:17, 18.58it/s]
 26%|#######9                       | 112/439 [00:06<00:17, 18.62it/s]
 26%|########                       | 114/439 [00:06<00:17, 18.70it/s]
 26%|########1                      | 116/439 [00:06<00:17, 18.75it/s]
 27%|########3                      | 118/439 [00:06<00:18, 17.76it/s]
 27%|########4                      | 120/439 [00:06<00:17, 18.12it/s]
 28%|########6                      | 122/439 [00:06<00:17, 18.35it/s]
 28%|########7                      | 124/439 [00:06<00:16, 18.58it/s]
 29%|########8                      | 126/439 [00:06<00:16, 18.68it/s]
 29%|#########                      | 128/439 [00:06<00:16, 18.80it/s]
 30%|#########1                     | 130/439 [00:07<00:16, 18.79it/s]
 30%|#########3                     | 132/439 [00:07<00:16, 18.78it/s]
 31%|#########4                     | 134/439 [00:07<00:16, 18.73it/s]
 31%|#########6                     | 136/439 [00:07<00:16, 18.81it/s]
 31%|#########7                     | 138/439 [00:07<00:15, 18.87it/s]
 32%|#########8                     | 140/439 [00:07<00:16, 17.78it/s]
 32%|##########                     | 142/439 [00:07<00:16, 18.03it/s]
 33%|##########1                    | 144/439 [00:07<00:16, 18.24it/s]
 33%|##########3                    | 146/439 [00:07<00:15, 18.49it/s]
 34%|##########4                    | 148/439 [00:08<00:15, 18.65it/s]
 34%|##########5                    | 150/439 [00:08<00:15, 18.69it/s]
 35%|##########7                    | 152/439 [00:08<00:15, 18.75it/s]
 35%|##########8                    | 154/439 [00:08<00:15, 18.80it/s]
 36%|###########                    | 156/439 [00:08<00:15, 18.77it/s]
 36%|###########1                   | 158/439 [00:08<00:15, 18.71it/s]
 36%|###########2                   | 160/439 [00:08<00:14, 18.80it/s]
 37%|###########4                   | 162/439 [00:08<00:14, 18.75it/s]
 37%|###########5                   | 164/439 [00:08<00:14, 18.81it/s]
 38%|###########7                   | 166/439 [00:08<00:14, 18.83it/s]
 38%|###########8                   | 168/439 [00:09<00:14, 18.81it/s]
 39%|############                   | 170/439 [00:09<00:14, 18.76it/s]
 39%|############1                  | 172/439 [00:09<00:14, 18.78it/s]
 40%|############2                  | 174/439 [00:09<00:14, 18.86it/s]
 40%|############4                  | 176/439 [00:09<00:13, 18.83it/s]
 41%|############5                  | 178/439 [00:09<00:13, 18.81it/s]
 41%|############7                  | 180/439 [00:09<00:13, 18.76it/s]
 41%|############8                  | 182/439 [00:09<00:13, 18.83it/s]
 42%|############9                  | 184/439 [00:09<00:13, 18.80it/s]
 42%|#############1                 | 186/439 [00:10<00:13, 18.84it/s]
 43%|#############2                 | 188/439 [00:10<00:13, 18.69it/s]
 43%|#############4                 | 190/439 [00:10<00:13, 18.74it/s]
 44%|#############5                 | 192/439 [00:10<00:13, 18.75it/s]
 44%|#############6                 | 194/439 [00:10<00:13, 18.82it/s]
 45%|#############8                 | 196/439 [00:10<00:12, 18.73it/s]
 45%|#############9                 | 198/439 [00:10<00:12, 18.67it/s]
 46%|##############1                | 200/439 [00:10<00:12, 18.74it/s]
 46%|##############2                | 202/439 [00:10<00:12, 18.74it/s]
 46%|##############4                | 204/439 [00:10<00:12, 18.74it/s]
 47%|##############5                | 206/439 [00:11<00:12, 18.78it/s]
 47%|##############6                | 208/439 [00:11<00:12, 18.81it/s]
 48%|##############8                | 210/439 [00:11<00:12, 18.59it/s]
 48%|##############9                | 212/439 [00:11<00:12, 18.55it/s]
 49%|###############1               | 214/439 [00:11<00:12, 18.51it/s]
 49%|###############2               | 216/439 [00:11<00:11, 18.61it/s]
 50%|###############3               | 218/439 [00:11<00:11, 18.65it/s]
 50%|###############5               | 220/439 [00:11<00:12, 17.97it/s]
 51%|###############6               | 222/439 [00:11<00:12, 18.08it/s]
 51%|###############8               | 224/439 [00:12<00:12, 17.46it/s]
 51%|###############9               | 226/439 [00:12<00:11, 17.79it/s]
 52%|################1              | 228/439 [00:12<00:11, 18.11it/s]
 52%|################2              | 230/439 [00:12<00:11, 18.42it/s]
 53%|################3              | 232/439 [00:12<00:11, 18.51it/s]
 53%|################5              | 234/439 [00:12<00:11, 18.58it/s]
 54%|################6              | 236/439 [00:12<00:10, 18.67it/s]
 54%|################8              | 238/439 [00:12<00:10, 18.74it/s]
 55%|################9              | 240/439 [00:12<00:10, 18.87it/s]
 55%|#################              | 242/439 [00:13<00:10, 18.84it/s]
 56%|#################2             | 244/439 [00:13<00:10, 18.80it/s]
 56%|#################3             | 246/439 [00:13<00:10, 18.84it/s]
 56%|#################5             | 248/439 [00:13<00:10, 18.67it/s]
 57%|#################6             | 250/439 [00:13<00:10, 18.68it/s]
 57%|#################7             | 252/439 [00:13<00:09, 18.72it/s]
 58%|#################9             | 254/439 [00:13<00:10, 18.39it/s]
 58%|##################             | 256/439 [00:13<00:09, 18.42it/s]
 59%|##################2            | 258/439 [00:13<00:09, 18.50it/s]
 59%|##################3            | 260/439 [00:14<00:09, 18.72it/s]
 60%|##################5            | 262/439 [00:14<00:09, 18.68it/s]
 60%|##################6            | 264/439 [00:14<00:09, 18.62it/s]
 61%|##################7            | 266/439 [00:14<00:09, 18.65it/s]
 61%|##################9            | 268/439 [00:14<00:09, 18.65it/s]
 62%|###################            | 270/439 [00:14<00:09, 18.62it/s]
 62%|###################2           | 272/439 [00:14<00:08, 18.61it/s]
 62%|###################3           | 274/439 [00:14<00:08, 18.51it/s]
 63%|###################4           | 276/439 [00:14<00:08, 18.57it/s]
 63%|###################6           | 278/439 [00:14<00:08, 18.61it/s]
 64%|###################7           | 280/439 [00:15<00:08, 18.68it/s]
 64%|###################9           | 282/439 [00:15<00:08, 18.62it/s]
 65%|####################           | 284/439 [00:15<00:08, 18.69it/s]
 65%|####################1          | 286/439 [00:15<00:08, 18.76it/s]
 66%|####################3          | 288/439 [00:15<00:08, 18.62it/s]
 66%|####################4          | 290/439 [00:15<00:07, 18.69it/s]
 67%|####################6          | 292/439 [00:15<00:07, 18.74it/s]
 67%|####################7          | 294/439 [00:15<00:07, 18.70it/s]
 67%|####################9          | 296/439 [00:15<00:07, 18.55it/s]
 68%|#####################          | 298/439 [00:16<00:07, 18.39it/s]
 68%|#####################1         | 300/439 [00:16<00:07, 18.44it/s]
 69%|#####################3         | 302/439 [00:16<00:07, 18.62it/s]
 69%|#####################4         | 304/439 [00:16<00:07, 18.70it/s]
 70%|#####################6         | 306/439 [00:16<00:07, 18.61it/s]
 70%|#####################7         | 308/439 [00:16<00:06, 18.75it/s]
 71%|#####################8         | 310/439 [00:16<00:06, 18.71it/s]
 71%|######################         | 312/439 [00:16<00:06, 18.82it/s]
 72%|######################1        | 314/439 [00:16<00:06, 18.78it/s]
 72%|######################3        | 316/439 [00:17<00:06, 18.77it/s]
 72%|######################4        | 318/439 [00:17<00:06, 18.78it/s]
 73%|######################5        | 320/439 [00:17<00:06, 18.77it/s]
 73%|######################7        | 322/439 [00:17<00:06, 18.74it/s]
 74%|######################8        | 324/439 [00:17<00:06, 18.63it/s]
 74%|#######################        | 326/439 [00:17<00:06, 18.73it/s]
 75%|#######################1       | 328/439 [00:17<00:05, 18.65it/s]
 75%|#######################3       | 330/439 [00:17<00:05, 18.63it/s]
 76%|#######################4       | 332/439 [00:17<00:05, 18.68it/s]
 76%|#######################5       | 334/439 [00:17<00:05, 18.73it/s]
 77%|#######################7       | 336/439 [00:18<00:05, 18.71it/s]
 77%|#######################8       | 338/439 [00:18<00:05, 18.67it/s]
 77%|########################       | 340/439 [00:18<00:05, 18.49it/s]
 78%|########################1      | 342/439 [00:18<00:05, 18.56it/s]
 78%|########################2      | 344/439 [00:18<00:05, 18.57it/s]
 79%|########################4      | 346/439 [00:18<00:04, 18.67it/s]
 79%|########################5      | 348/439 [00:18<00:04, 18.71it/s]
 80%|########################7      | 350/439 [00:18<00:04, 18.71it/s]
 80%|########################8      | 352/439 [00:18<00:04, 18.72it/s]
 81%|########################9      | 354/439 [00:19<00:04, 18.69it/s]
 81%|#########################1     | 356/439 [00:19<00:04, 18.74it/s]
 82%|#########################2     | 358/439 [00:19<00:04, 18.58it/s]
 82%|#########################4     | 360/439 [00:19<00:04, 18.66it/s]
 82%|#########################5     | 362/439 [00:19<00:04, 18.64it/s]
 83%|#########################7     | 364/439 [00:19<00:04, 18.65it/s]
 83%|#########################8     | 366/439 [00:19<00:03, 18.53it/s]
 84%|#########################9     | 368/439 [00:19<00:03, 18.60it/s]
 84%|##########################1    | 370/439 [00:19<00:03, 18.60it/s]
 85%|##########################2    | 372/439 [00:20<00:03, 18.64it/s]
 85%|##########################4    | 374/439 [00:20<00:03, 18.70it/s]
 86%|##########################5    | 376/439 [00:20<00:03, 18.69it/s]
 86%|##########################6    | 378/439 [00:20<00:03, 18.71it/s]
 87%|##########################8    | 380/439 [00:20<00:03, 18.69it/s]
 87%|##########################9    | 382/439 [00:20<00:03, 18.61it/s]
 87%|###########################1   | 384/439 [00:20<00:02, 18.50it/s]
 88%|###########################2   | 386/439 [00:20<00:02, 18.49it/s]
 88%|###########################3   | 388/439 [00:20<00:02, 18.51it/s]
 89%|###########################5   | 390/439 [00:20<00:02, 18.57it/s]
 89%|###########################6   | 392/439 [00:21<00:02, 18.53it/s]
 90%|###########################8   | 394/439 [00:21<00:02, 18.47it/s]
 90%|###########################9   | 396/439 [00:21<00:02, 18.44it/s]
 91%|############################1  | 398/439 [00:21<00:02, 18.36it/s]
 91%|############################2  | 400/439 [00:21<00:02, 18.49it/s]
 92%|############################3  | 402/439 [00:21<00:01, 18.56it/s]
 92%|############################5  | 404/439 [00:21<00:01, 18.55it/s]
 92%|############################6  | 406/439 [00:21<00:01, 18.58it/s]
 93%|############################8  | 408/439 [00:21<00:01, 18.65it/s]
 93%|############################9  | 410/439 [00:22<00:01, 18.68it/s]
 94%|#############################  | 412/439 [00:22<00:01, 18.71it/s]
 94%|#############################2 | 414/439 [00:22<00:01, 18.79it/s]
 95%|#############################3 | 416/439 [00:22<00:01, 18.76it/s]
 95%|#############################5 | 418/439 [00:22<00:01, 18.71it/s]
 96%|#############################6 | 420/439 [00:22<00:01, 18.61it/s]
 96%|#############################7 | 422/439 [00:22<00:00, 18.53it/s]
 97%|#############################9 | 424/439 [00:22<00:00, 18.57it/s]
 97%|############################## | 426/439 [00:22<00:00, 18.20it/s]
 97%|##############################2| 428/439 [00:23<00:00, 18.36it/s]
 98%|##############################3| 430/439 [00:23<00:00, 18.48it/s]
 98%|##############################5| 432/439 [00:23<00:00, 18.57it/s]
 99%|##############################6| 434/439 [00:23<00:00, 18.47it/s]
 99%|##############################7| 436/439 [00:23<00:00, 18.67it/s]
100%|##############################9| 438/439 [00:23<00:00, 18.55it/s]
100%|###############################| 439/439 [00:23<00:00, 18.58it/s]
[SEAL Epoch 18] loss=0.5603

[SEAL Epoch 19/20] Run 1/1 - training...

  0%|                                         | 0/439 [00:00<?, ?it/s]
  0%|1                                | 2/439 [00:00<00:25, 17.15it/s]
  1%|3                                | 4/439 [00:00<00:24, 17.99it/s]
  1%|4                                | 6/439 [00:00<00:23, 18.13it/s]
  2%|6                                | 8/439 [00:00<00:23, 18.44it/s]
  2%|7                               | 10/439 [00:00<00:23, 18.57it/s]
  3%|8                               | 12/439 [00:00<00:23, 18.52it/s]
  3%|#                               | 14/439 [00:00<00:22, 18.63it/s]
  4%|#1                              | 16/439 [00:00<00:22, 18.64it/s]
  4%|#3                              | 18/439 [00:00<00:22, 18.72it/s]
  5%|#4                              | 20/439 [00:01<00:22, 18.71it/s]
  5%|#6                              | 22/439 [00:01<00:22, 18.81it/s]
  5%|#7                              | 24/439 [00:01<00:22, 18.81it/s]
  6%|#8                              | 26/439 [00:01<00:22, 18.68it/s]
  6%|##                              | 28/439 [00:01<00:22, 18.61it/s]
  7%|##1                             | 30/439 [00:01<00:22, 18.47it/s]
  7%|##3                             | 32/439 [00:01<00:22, 18.49it/s]
  8%|##4                             | 34/439 [00:01<00:23, 17.59it/s]
  8%|##6                             | 36/439 [00:01<00:22, 17.92it/s]
  9%|##7                             | 38/439 [00:02<00:23, 17.22it/s]
  9%|##9                             | 40/439 [00:02<00:22, 17.80it/s]
 10%|###                             | 42/439 [00:02<00:21, 18.06it/s]
 10%|###2                            | 44/439 [00:02<00:22, 17.37it/s]
 10%|###3                            | 46/439 [00:02<00:22, 17.75it/s]
 11%|###4                            | 48/439 [00:02<00:22, 17.10it/s]
 11%|###6                            | 50/439 [00:02<00:22, 17.56it/s]
 12%|###7                            | 52/439 [00:02<00:21, 17.87it/s]
 12%|###9                            | 54/439 [00:02<00:21, 18.14it/s]
 13%|####                            | 56/439 [00:03<00:20, 18.31it/s]
 13%|####2                           | 58/439 [00:03<00:20, 18.48it/s]
 14%|####3                           | 60/439 [00:03<00:20, 18.49it/s]
 14%|####5                           | 62/439 [00:03<00:20, 18.55it/s]
 15%|####6                           | 64/439 [00:03<00:20, 18.53it/s]
 15%|####8                           | 66/439 [00:03<00:20, 18.52it/s]
 15%|####9                           | 68/439 [00:03<00:19, 18.59it/s]
 16%|#####1                          | 70/439 [00:03<00:19, 18.51it/s]
 16%|#####2                          | 72/439 [00:03<00:19, 18.55it/s]
 17%|#####3                          | 74/439 [00:04<00:19, 18.37it/s]
 17%|#####5                          | 76/439 [00:04<00:19, 18.45it/s]
 18%|#####6                          | 78/439 [00:04<00:19, 18.43it/s]
 18%|#####8                          | 80/439 [00:04<00:19, 18.57it/s]
 19%|#####9                          | 82/439 [00:04<00:19, 18.62it/s]
 19%|######1                         | 84/439 [00:04<00:19, 18.66it/s]
 20%|######2                         | 86/439 [00:04<00:18, 18.71it/s]
 20%|######4                         | 88/439 [00:04<00:18, 18.69it/s]
 21%|######5                         | 90/439 [00:04<00:18, 18.73it/s]
 21%|######7                         | 92/439 [00:05<00:18, 18.76it/s]
 21%|######8                         | 94/439 [00:05<00:18, 18.80it/s]
 22%|######9                         | 96/439 [00:05<00:18, 18.79it/s]
 22%|#######1                        | 98/439 [00:05<00:18, 18.77it/s]
 23%|#######                        | 100/439 [00:05<00:18, 18.77it/s]
 23%|#######2                       | 102/439 [00:05<00:17, 18.77it/s]
 24%|#######3                       | 104/439 [00:05<00:17, 18.62it/s]
 24%|#######4                       | 106/439 [00:05<00:17, 18.67it/s]
 25%|#######6                       | 108/439 [00:05<00:17, 18.68it/s]
 25%|#######7                       | 110/439 [00:05<00:17, 18.62it/s]
 26%|#######9                       | 112/439 [00:06<00:17, 18.64it/s]
 26%|########                       | 114/439 [00:06<00:17, 18.59it/s]
 26%|########1                      | 116/439 [00:06<00:17, 18.32it/s]
 27%|########3                      | 118/439 [00:06<00:17, 18.54it/s]
 27%|########4                      | 120/439 [00:06<00:17, 18.58it/s]
 28%|########6                      | 122/439 [00:06<00:17, 18.50it/s]
 28%|########7                      | 124/439 [00:06<00:17, 18.48it/s]
 29%|########8                      | 126/439 [00:06<00:16, 18.55it/s]
 29%|#########                      | 128/439 [00:06<00:16, 18.61it/s]
 30%|#########1                     | 130/439 [00:07<00:16, 18.70it/s]
 30%|#########3                     | 132/439 [00:07<00:16, 18.65it/s]
 31%|#########4                     | 134/439 [00:07<00:16, 18.62it/s]
 31%|#########6                     | 136/439 [00:07<00:16, 18.54it/s]
 31%|#########7                     | 138/439 [00:07<00:16, 18.43it/s]
 32%|#########8                     | 140/439 [00:07<00:16, 18.54it/s]
 32%|##########                     | 142/439 [00:07<00:16, 18.52it/s]
 33%|##########1                    | 144/439 [00:07<00:15, 18.51it/s]
 33%|##########3                    | 146/439 [00:07<00:15, 18.52it/s]
 34%|##########4                    | 148/439 [00:08<00:15, 18.56it/s]
 34%|##########5                    | 150/439 [00:08<00:15, 18.50it/s]
 35%|##########7                    | 152/439 [00:08<00:15, 18.61it/s]
 35%|##########8                    | 154/439 [00:08<00:15, 18.69it/s]
 36%|###########                    | 156/439 [00:08<00:15, 18.61it/s]
 36%|###########1                   | 158/439 [00:08<00:14, 18.77it/s]
 36%|###########2                   | 160/439 [00:08<00:15, 18.57it/s]
 37%|###########4                   | 162/439 [00:08<00:14, 18.68it/s]
 37%|###########5                   | 164/439 [00:08<00:14, 18.76it/s]
 38%|###########7                   | 166/439 [00:08<00:14, 18.83it/s]
 38%|###########8                   | 168/439 [00:09<00:14, 18.68it/s]
 39%|############                   | 170/439 [00:09<00:14, 18.70it/s]
 39%|############1                  | 172/439 [00:09<00:14, 18.69it/s]
 40%|############2                  | 174/439 [00:09<00:14, 18.73it/s]
 40%|############4                  | 176/439 [00:09<00:14, 18.73it/s]
 41%|############5                  | 178/439 [00:09<00:13, 18.91it/s]
 41%|############7                  | 180/439 [00:09<00:13, 18.69it/s]
 41%|############8                  | 182/439 [00:09<00:13, 18.75it/s]
 42%|############9                  | 184/439 [00:09<00:13, 18.71it/s]
 42%|#############1                 | 186/439 [00:10<00:13, 18.72it/s]
 43%|#############2                 | 188/439 [00:10<00:13, 18.66it/s]
 43%|#############4                 | 190/439 [00:10<00:13, 18.60it/s]
 44%|#############5                 | 192/439 [00:10<00:13, 18.65it/s]
 44%|#############6                 | 194/439 [00:10<00:13, 18.67it/s]
 45%|#############8                 | 196/439 [00:10<00:13, 18.67it/s]
 45%|#############9                 | 198/439 [00:10<00:13, 18.52it/s]
 46%|##############1                | 200/439 [00:10<00:12, 18.56it/s]
 46%|##############2                | 202/439 [00:10<00:12, 18.46it/s]
 46%|##############4                | 204/439 [00:11<00:12, 18.47it/s]
 47%|##############5                | 206/439 [00:11<00:12, 18.41it/s]
 47%|##############6                | 208/439 [00:11<00:13, 17.52it/s]
 48%|##############8                | 210/439 [00:11<00:12, 17.85it/s]
 48%|##############9                | 212/439 [00:11<00:12, 18.09it/s]
 49%|###############1               | 214/439 [00:11<00:12, 17.33it/s]
 49%|###############2               | 216/439 [00:11<00:12, 17.87it/s]
 50%|###############3               | 218/439 [00:11<00:12, 18.20it/s]
 50%|###############5               | 220/439 [00:11<00:12, 17.49it/s]
 51%|###############6               | 222/439 [00:12<00:12, 17.87it/s]
 51%|###############8               | 224/439 [00:12<00:12, 17.16it/s]
 51%|###############9               | 226/439 [00:12<00:12, 17.24it/s]
 52%|################1              | 228/439 [00:12<00:12, 16.58it/s]
 52%|################2              | 230/439 [00:12<00:12, 17.16it/s]
 53%|################3              | 232/439 [00:12<00:11, 17.63it/s]
 53%|################5              | 234/439 [00:12<00:11, 17.75it/s]
 54%|################6              | 236/439 [00:12<00:11, 18.10it/s]
 54%|################8              | 238/439 [00:12<00:10, 18.37it/s]
 55%|################9              | 240/439 [00:13<00:10, 18.57it/s]
 55%|#################              | 242/439 [00:13<00:10, 18.54it/s]
 56%|#################2             | 244/439 [00:13<00:10, 18.61it/s]
 56%|#################3             | 246/439 [00:13<00:10, 18.50it/s]
 56%|#################5             | 248/439 [00:13<00:10, 18.55it/s]
 57%|#################6             | 250/439 [00:13<00:10, 18.66it/s]
 57%|#################7             | 252/439 [00:13<00:09, 18.76it/s]
 58%|#################9             | 254/439 [00:13<00:09, 18.77it/s]
 58%|##################             | 256/439 [00:13<00:09, 18.80it/s]
 59%|##################2            | 258/439 [00:14<00:09, 18.77it/s]
 59%|##################3            | 260/439 [00:14<00:09, 18.82it/s]
 60%|##################5            | 262/439 [00:14<00:09, 18.84it/s]
 60%|##################6            | 264/439 [00:14<00:09, 17.68it/s]
 61%|##################7            | 266/439 [00:14<00:09, 17.87it/s]
 61%|##################9            | 268/439 [00:14<00:09, 17.31it/s]
 62%|###################            | 270/439 [00:14<00:09, 17.72it/s]
 62%|###################2           | 272/439 [00:14<00:09, 18.01it/s]
 62%|###################3           | 274/439 [00:14<00:09, 18.07it/s]
 63%|###################4           | 276/439 [00:15<00:08, 18.18it/s]
 63%|###################6           | 278/439 [00:15<00:08, 18.37it/s]
 64%|###################7           | 280/439 [00:15<00:08, 18.46it/s]
 64%|###################9           | 282/439 [00:15<00:08, 18.52it/s]
 65%|####################           | 284/439 [00:15<00:08, 18.56it/s]
 65%|####################1          | 286/439 [00:15<00:08, 18.61it/s]
 66%|####################3          | 288/439 [00:15<00:08, 18.47it/s]
 66%|####################4          | 290/439 [00:15<00:08, 18.39it/s]
 67%|####################6          | 292/439 [00:15<00:07, 18.50it/s]
 67%|####################7          | 294/439 [00:15<00:07, 18.65it/s]
 67%|####################9          | 296/439 [00:16<00:07, 18.56it/s]
 68%|#####################          | 298/439 [00:16<00:07, 18.58it/s]
 68%|#####################1         | 300/439 [00:16<00:07, 17.77it/s]
 69%|#####################3         | 302/439 [00:16<00:08, 17.11it/s]
 69%|#####################4         | 304/439 [00:16<00:07, 17.52it/s]
 70%|#####################6         | 306/439 [00:16<00:07, 17.78it/s]
 70%|#####################7         | 308/439 [00:16<00:07, 18.05it/s]
 71%|#####################8         | 310/439 [00:16<00:07, 18.28it/s]
 71%|######################         | 312/439 [00:16<00:06, 18.38it/s]
 72%|######################1        | 314/439 [00:17<00:06, 18.49it/s]
 72%|######################3        | 316/439 [00:17<00:06, 18.56it/s]
 72%|######################4        | 318/439 [00:17<00:06, 18.64it/s]
 73%|######################5        | 320/439 [00:17<00:06, 17.74it/s]
 73%|######################7        | 322/439 [00:17<00:06, 17.02it/s]
 74%|######################8        | 324/439 [00:17<00:06, 17.56it/s]
 74%|#######################        | 326/439 [00:17<00:06, 17.91it/s]
 75%|#######################1       | 328/439 [00:17<00:06, 18.03it/s]
 75%|#######################3       | 330/439 [00:18<00:05, 18.22it/s]
 76%|#######################4       | 332/439 [00:18<00:05, 18.22it/s]
 76%|#######################5       | 334/439 [00:18<00:05, 18.33it/s]
 77%|#######################7       | 336/439 [00:18<00:05, 18.43it/s]
 77%|#######################8       | 338/439 [00:18<00:05, 18.63it/s]
 77%|########################       | 340/439 [00:18<00:05, 18.60it/s]
 78%|########################1      | 342/439 [00:18<00:05, 18.59it/s]
 78%|########################2      | 344/439 [00:18<00:05, 18.51it/s]
 79%|########################4      | 346/439 [00:18<00:05, 18.54it/s]
 79%|########################5      | 348/439 [00:18<00:04, 18.46it/s]
 80%|########################7      | 350/439 [00:19<00:04, 18.60it/s]
 80%|########################8      | 352/439 [00:19<00:04, 18.57it/s]
 81%|########################9      | 354/439 [00:19<00:04, 18.62it/s]
 81%|#########################1     | 356/439 [00:19<00:04, 18.60it/s]
 82%|#########################2     | 358/439 [00:19<00:04, 18.51it/s]
 82%|#########################4     | 360/439 [00:19<00:04, 18.53it/s]
 82%|#########################5     | 362/439 [00:19<00:04, 18.54it/s]
 83%|#########################7     | 364/439 [00:19<00:04, 18.47it/s]
 83%|#########################8     | 366/439 [00:19<00:03, 18.45it/s]
 84%|#########################9     | 368/439 [00:20<00:03, 18.65it/s]
 84%|##########################1    | 370/439 [00:20<00:03, 18.60it/s]
 85%|##########################2    | 372/439 [00:20<00:03, 18.63it/s]
 85%|##########################4    | 374/439 [00:20<00:03, 18.48it/s]
 86%|##########################5    | 376/439 [00:20<00:03, 18.59it/s]
 86%|##########################6    | 378/439 [00:20<00:03, 18.55it/s]
 87%|##########################8    | 380/439 [00:20<00:03, 18.39it/s]
 87%|##########################9    | 382/439 [00:20<00:03, 18.37it/s]
 87%|###########################1   | 384/439 [00:20<00:02, 18.38it/s]
 88%|###########################2   | 386/439 [00:21<00:02, 18.47it/s]
 88%|###########################3   | 388/439 [00:21<00:02, 18.41it/s]
 89%|###########################5   | 390/439 [00:21<00:02, 18.47it/s]
 89%|###########################6   | 392/439 [00:21<00:02, 18.50it/s]
 90%|###########################8   | 394/439 [00:21<00:02, 18.51it/s]
 90%|###########################9   | 396/439 [00:21<00:02, 18.62it/s]
 91%|############################1  | 398/439 [00:21<00:02, 18.64it/s]
 91%|############################2  | 400/439 [00:21<00:02, 18.56it/s]
 92%|############################3  | 402/439 [00:21<00:01, 18.61it/s]
 92%|############################5  | 404/439 [00:21<00:01, 18.62it/s]
 92%|############################6  | 406/439 [00:22<00:01, 18.59it/s]
 93%|############################8  | 408/439 [00:22<00:01, 18.50it/s]
 93%|############################9  | 410/439 [00:22<00:01, 18.55it/s]
 94%|#############################  | 412/439 [00:22<00:01, 18.56it/s]
 94%|#############################2 | 414/439 [00:22<00:01, 18.62it/s]
 95%|#############################3 | 416/439 [00:22<00:01, 18.69it/s]
 95%|#############################5 | 418/439 [00:22<00:01, 18.41it/s]
 96%|#############################6 | 420/439 [00:22<00:01, 18.48it/s]
 96%|#############################7 | 422/439 [00:22<00:00, 18.50it/s]
 97%|#############################9 | 424/439 [00:23<00:00, 18.47it/s]
 97%|############################## | 426/439 [00:23<00:00, 18.60it/s]
 97%|##############################2| 428/439 [00:23<00:00, 18.70it/s]
 98%|##############################3| 430/439 [00:23<00:00, 18.62it/s]
 98%|##############################5| 432/439 [00:23<00:00, 18.68it/s]
 99%|##############################6| 434/439 [00:23<00:00, 18.64it/s]
 99%|##############################7| 436/439 [00:23<00:00, 18.61it/s]
100%|##############################9| 438/439 [00:23<00:00, 18.63it/s]
100%|###############################| 439/439 [00:23<00:00, 18.39it/s]
[SEAL Epoch 19] loss=0.5606

[SEAL Epoch 20/20] Run 1/1 - training...

  0%|                                         | 0/439 [00:00<?, ?it/s]
  0%|1                                | 2/439 [00:00<00:31, 13.79it/s]
  1%|3                                | 4/439 [00:00<00:26, 16.30it/s]
  1%|4                                | 6/439 [00:00<00:25, 17.23it/s]
  2%|6                                | 8/439 [00:00<00:24, 17.25it/s]
  2%|7                               | 10/439 [00:00<00:23, 17.89it/s]
  3%|8                               | 12/439 [00:00<00:23, 18.00it/s]
  3%|#                               | 14/439 [00:00<00:23, 18.26it/s]
  4%|#1                              | 16/439 [00:00<00:23, 18.35it/s]
  4%|#3                              | 18/439 [00:01<00:22, 18.44it/s]
  5%|#4                              | 20/439 [00:01<00:22, 18.43it/s]
  5%|#6                              | 22/439 [00:01<00:22, 18.22it/s]
  5%|#7                              | 24/439 [00:01<00:22, 18.31it/s]
  6%|#8                              | 26/439 [00:01<00:22, 18.37it/s]
  6%|##                              | 28/439 [00:01<00:22, 18.32it/s]
  7%|##1                             | 30/439 [00:01<00:22, 18.39it/s]
  7%|##3                             | 32/439 [00:01<00:23, 17.52it/s]
  8%|##4                             | 34/439 [00:01<00:23, 17.01it/s]
  8%|##6                             | 36/439 [00:02<00:23, 17.42it/s]
  9%|##7                             | 38/439 [00:02<00:23, 16.99it/s]
  9%|##9                             | 40/439 [00:02<00:22, 17.53it/s]
 10%|###                             | 42/439 [00:02<00:22, 17.74it/s]
 10%|###2                            | 44/439 [00:02<00:21, 17.98it/s]
 10%|###3                            | 46/439 [00:02<00:21, 18.24it/s]
 11%|###4                            | 48/439 [00:02<00:21, 18.22it/s]
 11%|###6                            | 50/439 [00:02<00:21, 18.41it/s]
 12%|###7                            | 52/439 [00:02<00:20, 18.60it/s]
 12%|###9                            | 54/439 [00:03<00:20, 18.81it/s]
 13%|####                            | 56/439 [00:03<00:20, 18.83it/s]
 13%|####2                           | 58/439 [00:03<00:20, 18.83it/s]
 14%|####3                           | 60/439 [00:03<00:20, 18.62it/s]
 14%|####5                           | 62/439 [00:03<00:20, 18.25it/s]
 15%|####6                           | 64/439 [00:03<00:20, 18.08it/s]
 15%|####8                           | 66/439 [00:03<00:20, 18.08it/s]
 15%|####9                           | 68/439 [00:03<00:20, 18.34it/s]
 16%|#####1                          | 70/439 [00:03<00:20, 18.44it/s]
 16%|#####2                          | 72/439 [00:03<00:19, 18.53it/s]
 17%|#####3                          | 74/439 [00:04<00:19, 18.68it/s]
 17%|#####5                          | 76/439 [00:04<00:19, 18.79it/s]
 18%|#####6                          | 78/439 [00:04<00:19, 18.89it/s]
 18%|#####8                          | 80/439 [00:04<00:19, 18.89it/s]
 19%|#####9                          | 82/439 [00:04<00:18, 18.91it/s]
 19%|######1                         | 84/439 [00:04<00:20, 17.23it/s]
 20%|######2                         | 86/439 [00:04<00:19, 17.68it/s]
 20%|######4                         | 88/439 [00:04<00:19, 18.05it/s]
 21%|######5                         | 90/439 [00:05<00:20, 16.66it/s]
 21%|######7                         | 92/439 [00:05<00:20, 17.28it/s]
 21%|######8                         | 94/439 [00:05<00:19, 17.69it/s]
 22%|######9                         | 96/439 [00:05<00:19, 18.02it/s]
 22%|#######1                        | 98/439 [00:05<00:18, 18.27it/s]
 23%|#######                        | 100/439 [00:05<00:18, 18.12it/s]
 23%|#######2                       | 102/439 [00:05<00:18, 18.39it/s]
 24%|#######3                       | 104/439 [00:05<00:18, 18.48it/s]
 24%|#######4                       | 106/439 [00:05<00:17, 18.57it/s]
 25%|#######6                       | 108/439 [00:05<00:17, 18.41it/s]
 25%|#######7                       | 110/439 [00:06<00:17, 18.41it/s]
 26%|#######9                       | 112/439 [00:06<00:17, 18.52it/s]
 26%|########                       | 114/439 [00:06<00:17, 18.55it/s]
 26%|########1                      | 116/439 [00:06<00:17, 18.64it/s]
 27%|########3                      | 118/439 [00:06<00:17, 18.69it/s]
 27%|########4                      | 120/439 [00:06<00:16, 18.90it/s]
 28%|########6                      | 122/439 [00:06<00:16, 18.94it/s]
 28%|########7                      | 124/439 [00:06<00:16, 18.91it/s]
 29%|########8                      | 126/439 [00:06<00:16, 18.84it/s]
 29%|#########                      | 128/439 [00:07<00:16, 18.80it/s]
 30%|#########1                     | 130/439 [00:07<00:16, 18.90it/s]
 30%|#########3                     | 132/439 [00:07<00:16, 18.81it/s]
 31%|#########4                     | 134/439 [00:07<00:16, 18.75it/s]
 31%|#########6                     | 136/439 [00:07<00:16, 18.86it/s]
 31%|#########7                     | 138/439 [00:07<00:16, 18.77it/s]
 32%|#########8                     | 140/439 [00:07<00:15, 18.76it/s]
 32%|##########                     | 142/439 [00:07<00:15, 18.91it/s]
 33%|##########1                    | 144/439 [00:07<00:15, 18.94it/s]
 33%|##########3                    | 146/439 [00:07<00:15, 18.89it/s]
 34%|##########4                    | 148/439 [00:08<00:15, 18.86it/s]
 34%|##########5                    | 150/439 [00:08<00:15, 18.79it/s]
 35%|##########7                    | 152/439 [00:08<00:15, 18.89it/s]
 35%|##########8                    | 154/439 [00:08<00:15, 18.85it/s]
 36%|###########                    | 156/439 [00:08<00:15, 18.85it/s]
 36%|###########1                   | 158/439 [00:08<00:14, 18.80it/s]
 36%|###########2                   | 160/439 [00:08<00:14, 18.78it/s]
 37%|###########4                   | 162/439 [00:08<00:14, 18.94it/s]
 37%|###########5                   | 164/439 [00:08<00:14, 18.96it/s]
 38%|###########7                   | 166/439 [00:09<00:14, 18.80it/s]
 38%|###########8                   | 168/439 [00:09<00:15, 17.67it/s]
 39%|############                   | 170/439 [00:09<00:14, 18.02it/s]
 39%|############1                  | 172/439 [00:09<00:15, 17.33it/s]
 40%|############2                  | 174/439 [00:09<00:14, 17.75it/s]
 40%|############4                  | 176/439 [00:09<00:14, 18.02it/s]
 41%|############5                  | 178/439 [00:09<00:14, 18.23it/s]
 41%|############7                  | 180/439 [00:09<00:14, 18.43it/s]
 41%|############8                  | 182/439 [00:10<00:47,  5.36it/s]
 42%|############9                  | 184/439 [00:10<00:37,  6.81it/s]
 42%|#############1                 | 186/439 [00:11<00:30,  8.42it/s]
 43%|#############2                 | 188/439 [00:11<00:24, 10.07it/s]
 43%|#############4                 | 190/439 [00:11<00:21, 11.67it/s]
 44%|#############5                 | 192/439 [00:11<00:18, 13.15it/s]
 44%|#############6                 | 194/439 [00:11<00:16, 14.46it/s]
 45%|#############8                 | 196/439 [00:11<00:15, 15.50it/s]
 45%|#############9                 | 198/439 [00:11<00:14, 16.34it/s]
 46%|##############1                | 200/439 [00:11<00:14, 17.05it/s]
 46%|##############2                | 202/439 [00:11<00:13, 17.54it/s]
 46%|##############4                | 204/439 [00:12<00:13, 17.92it/s]
 47%|##############5                | 206/439 [00:12<00:12, 18.07it/s]
 47%|##############6                | 208/439 [00:12<00:12, 18.32it/s]
 48%|##############8                | 210/439 [00:12<00:12, 18.44it/s]
 48%|##############9                | 212/439 [00:12<00:12, 18.44it/s]
 49%|###############1               | 214/439 [00:12<00:12, 18.53it/s]
 49%|###############2               | 216/439 [00:12<00:11, 18.62it/s]
 50%|###############3               | 218/439 [00:12<00:11, 18.58it/s]
 50%|###############5               | 220/439 [00:12<00:11, 18.51it/s]
 51%|###############6               | 222/439 [00:12<00:11, 18.26it/s]
 51%|###############8               | 224/439 [00:13<00:11, 18.42it/s]
 51%|###############9               | 226/439 [00:13<00:11, 18.45it/s]
 52%|################1              | 228/439 [00:13<00:12, 17.45it/s]
 52%|################2              | 230/439 [00:13<00:11, 17.82it/s]
 53%|################3              | 232/439 [00:13<00:12, 17.18it/s]
 53%|################5              | 234/439 [00:13<00:12, 16.82it/s]
 54%|################6              | 236/439 [00:13<00:11, 17.24it/s]
 54%|################8              | 238/439 [00:13<00:11, 17.66it/s]
 55%|################9              | 240/439 [00:14<00:11, 17.75it/s]
 55%|#################              | 242/439 [00:14<00:10, 18.16it/s]
 56%|#################2             | 244/439 [00:14<00:10, 18.32it/s]
 56%|#################3             | 246/439 [00:14<00:10, 18.47it/s]
 56%|#################5             | 248/439 [00:14<00:10, 18.56it/s]
 57%|#################6             | 250/439 [00:14<00:10, 18.64it/s]
 57%|#################7             | 252/439 [00:14<00:10, 17.60it/s]
 58%|#################9             | 254/439 [00:14<00:10, 17.84it/s]
 58%|##################             | 256/439 [00:14<00:10, 18.15it/s]
 59%|##################2            | 258/439 [00:14<00:09, 18.26it/s]
 59%|##################3            | 260/439 [00:15<00:09, 18.37it/s]
 60%|##################5            | 262/439 [00:15<00:09, 18.43it/s]
 60%|##################6            | 264/439 [00:15<00:09, 18.21it/s]
 61%|##################7            | 266/439 [00:15<00:09, 18.40it/s]
 61%|##################9            | 268/439 [00:15<00:09, 18.60it/s]
 62%|###################            | 270/439 [00:15<00:09, 18.69it/s]
 62%|###################2           | 272/439 [00:15<00:08, 18.69it/s]
 62%|###################3           | 274/439 [00:15<00:08, 18.69it/s]
 63%|###################4           | 276/439 [00:15<00:08, 18.67it/s]
 63%|###################6           | 278/439 [00:16<00:08, 18.60it/s]
 64%|###################7           | 280/439 [00:16<00:08, 18.76it/s]
 64%|###################9           | 282/439 [00:16<00:08, 18.72it/s]
 65%|####################           | 284/439 [00:16<00:08, 18.73it/s]
 65%|####################1          | 286/439 [00:16<00:08, 18.70it/s]
 66%|####################3          | 288/439 [00:16<00:08, 18.68it/s]
 66%|####################4          | 290/439 [00:16<00:07, 18.72it/s]
 67%|####################6          | 292/439 [00:16<00:07, 18.77it/s]
 67%|####################7          | 294/439 [00:16<00:07, 18.65it/s]
 67%|####################9          | 296/439 [00:17<00:07, 18.80it/s]
 68%|#####################          | 298/439 [00:17<00:07, 18.67it/s]
 68%|#####################1         | 300/439 [00:17<00:07, 18.66it/s]
 69%|#####################3         | 302/439 [00:17<00:07, 18.90it/s]
 69%|#####################4         | 304/439 [00:17<00:07, 18.77it/s]
 70%|#####################6         | 306/439 [00:17<00:07, 18.58it/s]
 70%|#####################7         | 308/439 [00:17<00:07, 18.68it/s]
 71%|#####################8         | 310/439 [00:17<00:06, 18.70it/s]
 71%|######################         | 312/439 [00:17<00:06, 18.75it/s]
 72%|######################1        | 314/439 [00:17<00:06, 18.73it/s]
 72%|######################3        | 316/439 [00:18<00:06, 18.75it/s]
 72%|######################4        | 318/439 [00:18<00:06, 18.76it/s]
 73%|######################5        | 320/439 [00:18<00:06, 18.77it/s]
 73%|######################7        | 322/439 [00:18<00:06, 18.90it/s]
 74%|######################8        | 324/439 [00:18<00:06, 18.77it/s]
 74%|#######################        | 326/439 [00:18<00:06, 18.78it/s]
 75%|#######################1       | 328/439 [00:18<00:05, 18.77it/s]
 75%|#######################3       | 330/439 [00:18<00:05, 18.68it/s]
 76%|#######################4       | 332/439 [00:18<00:05, 18.58it/s]
 76%|#######################5       | 334/439 [00:19<00:05, 18.56it/s]
 77%|#######################7       | 336/439 [00:19<00:05, 18.62it/s]
 77%|#######################8       | 338/439 [00:19<00:05, 18.77it/s]
 77%|########################       | 340/439 [00:19<00:05, 18.82it/s]
 78%|########################1      | 342/439 [00:19<00:05, 18.77it/s]
 78%|########################2      | 344/439 [00:19<00:05, 18.81it/s]
 79%|########################4      | 346/439 [00:19<00:04, 18.80it/s]
 79%|########################5      | 348/439 [00:19<00:04, 18.78it/s]
 80%|########################7      | 350/439 [00:19<00:04, 18.77it/s]
 80%|########################8      | 352/439 [00:20<00:04, 18.76it/s]
 81%|########################9      | 354/439 [00:20<00:04, 18.70it/s]
 81%|#########################1     | 356/439 [00:20<00:04, 18.73it/s]
 82%|#########################2     | 358/439 [00:20<00:04, 18.88it/s]
 82%|#########################4     | 360/439 [00:20<00:04, 18.84it/s]
 82%|#########################5     | 362/439 [00:20<00:04, 18.78it/s]
 83%|#########################7     | 364/439 [00:20<00:04, 18.70it/s]
 83%|#########################8     | 366/439 [00:20<00:03, 18.74it/s]
 84%|#########################9     | 368/439 [00:20<00:03, 18.69it/s]
 84%|##########################1    | 370/439 [00:20<00:03, 18.74it/s]
 85%|##########################2    | 372/439 [00:21<00:03, 18.75it/s]
 85%|##########################4    | 374/439 [00:21<00:03, 18.78it/s]
 86%|##########################5    | 376/439 [00:21<00:03, 18.76it/s]
 86%|##########################6    | 378/439 [00:21<00:03, 18.69it/s]
 87%|##########################8    | 380/439 [00:21<00:03, 18.79it/s]
 87%|##########################9    | 382/439 [00:21<00:03, 18.87it/s]
 87%|###########################1   | 384/439 [00:21<00:02, 18.81it/s]
 88%|###########################2   | 386/439 [00:21<00:02, 18.71it/s]
 88%|###########################3   | 388/439 [00:21<00:02, 18.68it/s]
 89%|###########################5   | 390/439 [00:22<00:02, 18.66it/s]
 89%|###########################6   | 392/439 [00:22<00:02, 18.67it/s]
 90%|###########################8   | 394/439 [00:22<00:02, 18.60it/s]
 90%|###########################9   | 396/439 [00:22<00:02, 18.66it/s]
 91%|############################1  | 398/439 [00:22<00:02, 18.74it/s]
 91%|############################2  | 400/439 [00:22<00:02, 18.80it/s]
 92%|############################3  | 402/439 [00:22<00:01, 18.77it/s]
 92%|############################5  | 404/439 [00:22<00:01, 18.74it/s]
 92%|############################6  | 406/439 [00:22<00:01, 18.61it/s]
 93%|############################8  | 408/439 [00:22<00:01, 18.58it/s]
 93%|############################9  | 410/439 [00:23<00:01, 18.63it/s]
 94%|#############################  | 412/439 [00:23<00:01, 18.65it/s]
 94%|#############################2 | 414/439 [00:23<00:01, 18.63it/s]
 95%|#############################3 | 416/439 [00:23<00:01, 18.64it/s]
 95%|#############################5 | 418/439 [00:23<00:01, 18.80it/s]
 96%|#############################6 | 420/439 [00:23<00:01, 18.78it/s]
 96%|#############################7 | 422/439 [00:23<00:00, 18.80it/s]
 97%|#############################9 | 424/439 [00:23<00:00, 18.81it/s]
 97%|############################## | 426/439 [00:23<00:00, 18.74it/s]
 97%|##############################2| 428/439 [00:24<00:00, 18.72it/s]
 98%|##############################3| 430/439 [00:24<00:00, 18.74it/s]
 98%|##############################5| 432/439 [00:24<00:00, 18.72it/s]
 99%|##############################6| 434/439 [00:24<00:00, 18.69it/s]
 99%|##############################7| 436/439 [00:24<00:00, 18.85it/s]
100%|##############################9| 438/439 [00:24<00:00, 19.01it/s]
100%|###############################| 439/439 [00:24<00:00, 17.81it/s]
[SEAL Epoch 20] loss=0.5603
[SEAL Epoch 20] Evaluating...

  0%|                                          | 0/55 [00:00<?, ?it/s]
  7%|##4                               | 4/55 [00:00<00:01, 34.20it/s]
 15%|####9                             | 8/55 [00:00<00:01, 34.69it/s]
 22%|#######2                         | 12/55 [00:00<00:01, 34.46it/s]
 29%|#########6                       | 16/55 [00:00<00:01, 34.10it/s]
 36%|############                     | 20/55 [00:00<00:01, 34.39it/s]
 44%|##############4                  | 24/55 [00:00<00:00, 34.58it/s]
 51%|################7                | 28/55 [00:00<00:00, 34.56it/s]
 58%|###################2             | 32/55 [00:00<00:00, 34.34it/s]
 65%|#####################6           | 36/55 [00:01<00:00, 34.05it/s]
 73%|########################         | 40/55 [00:01<00:00, 33.88it/s]
 80%|##########################4      | 44/55 [00:01<00:00, 34.05it/s]
 87%|############################8    | 48/55 [00:01<00:00, 34.10it/s]
 95%|###############################2 | 52/55 [00:01<00:00, 33.90it/s]
100%|#################################| 55/55 [00:01<00:00, 34.26it/s]

  0%|                                          | 0/55 [00:00<?, ?it/s]
  7%|##4                               | 4/55 [00:00<00:01, 35.32it/s]
 15%|####9                             | 8/55 [00:00<00:01, 35.27it/s]
 22%|#######2                         | 12/55 [00:00<00:01, 35.28it/s]
 29%|#########6                       | 16/55 [00:00<00:01, 35.32it/s]
 36%|############                     | 20/55 [00:00<00:00, 35.56it/s]
 44%|##############4                  | 24/55 [00:00<00:00, 35.61it/s]
 51%|################7                | 28/55 [00:00<00:00, 35.48it/s]
 58%|###################2             | 32/55 [00:00<00:00, 34.86it/s]
 65%|#####################6           | 36/55 [00:01<00:00, 34.31it/s]
 73%|########################         | 40/55 [00:01<00:00, 34.13it/s]
 80%|##########################4      | 44/55 [00:01<00:00, 33.92it/s]
 87%|############################8    | 48/55 [00:01<00:00, 33.85it/s]
 95%|###############################2 | 52/55 [00:01<00:00, 33.87it/s]
100%|#################################| 55/55 [00:01<00:00, 34.56it/s]
AUC
Run: 01, Epoch: 20, Loss: 0.5603, Train: 77.41%, Valid: 77.83%, Test: 77.65%
C:\Users\UNITY\Desktop\ANH\Image-Processing-2026\source\baseline_models\link_prediction\SEAL_OGB\utils.py:485: UserWarning: std(): degrees of freedom is <= 0. Correction should be strictly less than the reduction factor (input numel divided by output numel). (Triggered internally at C:\actions-runner\_work\pytorch\pytorch\pytorch\aten\src\ATen\native\ReduceOps.cpp:1858.)
  print(f'Highest Train: {r.mean():.2f} � {r.std():.2f}', file=f)
C:\Users\UNITY\Desktop\ANH\Image-Processing-2026\source\baseline_models\link_prediction\SEAL_OGB\utils.py:487: UserWarning: std(): degrees of freedom is <= 0. Correction should be strictly less than the reduction factor (input numel divided by output numel). (Triggered internally at C:\actions-runner\_work\pytorch\pytorch\pytorch\aten\src\ATen\native\ReduceOps.cpp:1858.)
  print(f'Highest Valid: {r.mean():.2f} � {r.std():.2f}', file=f)
C:\Users\UNITY\Desktop\ANH\Image-Processing-2026\source\baseline_models\link_prediction\SEAL_OGB\utils.py:489: UserWarning: std(): degrees of freedom is <= 0. Correction should be strictly less than the reduction factor (input numel divided by output numel). (Triggered internally at C:\actions-runner\_work\pytorch\pytorch\pytorch\aten\src\ATen\native\ReduceOps.cpp:1858.)
  print(f'  Final Train: {r.mean():.2f} � {r.std():.2f}', file=f)
C:\Users\UNITY\Desktop\ANH\Image-Processing-2026\source\baseline_models\link_prediction\SEAL_OGB\utils.py:491: UserWarning: std(): degrees of freedom is <= 0. Correction should be strictly less than the reduction factor (input numel divided by output numel). (Triggered internally at C:\actions-runner\_work\pytorch\pytorch\pytorch\aten\src\ATen\native\ReduceOps.cpp:1858.)
  print(f'   Final Test: {r.mean():.2f} � {r.std():.2f}', file=f)
AUC
Highest Train: 77.72
Highest Valid: 77.83
  Final Train: 77.72
   Final Test: 77.66
AUC
All runs:
Highest Train: 77.72 � nan
Highest Valid: 77.83 � nan
  Final Train: 77.41 � nan
   Final Test: 77.65 � nan
Total number of parameters is 43714
Results are saved in results/ogbl-C57BL_6_no1_spatial_no_edge_attr_20260510002028

========================================================================
Finished   : 2026-05-10T01:14:51.130202
Elapsed (s): 3267.4
Return code: 0
Best loss  : 0.560300
Test AUC   : 77.650000
