Task   : seal__no_edge_attr
Model  : SEAL
Dataset: ogbl-BALBc_no1_spatial_no_edge_attr
Script : C:\Users\UNITY\Desktop\ANH\Image-Processing-2026\source\baseline_models\link_prediction\SEAL_OGB\seal_link_pred.py
Command: C:\Users\UNITY\AppData\Local\Programs\Python\Python313\python.exe C:\Users\UNITY\Desktop\ANH\Image-Processing-2026\source\baseline_models\link_prediction\SEAL_OGB\seal_link_pred.py --dataset ogbl-BALBc_no1_spatial_no_edge_attr --splitting_strategy spatial --epochs 20 --runs 1 --batch_size 1024 --eval_steps 10 --train_percent 5 --val_percent 5 --test_percent 5 --max_nodes_per_hop 50 --sortpool_k 0.5 --num_workers 8
Started: 2026-05-09T21:00:35.597301
========================================================================

C:\Users\UNITY\AppData\Local\Programs\Python\Python313\Lib\site-packages\requests\__init__.py:109: RequestsDependencyWarning: urllib3 (2.6.3) or chardet (6.0.0.post1)/charset_normalizer (3.4.4) doesn't match a supported version!
  warnings.warn(
C:\Users\UNITY\AppData\Local\Programs\Python\Python313\Lib\site-packages\outdated\__init__.py:36: UserWarning: pkg_resources is deprecated as an API. See https://setuptools.pypa.io/en/latest/pkg_resources.html. The pkg_resources package is slated for removal as early as 2025-11-30. Refrain from using this package or pin to Setuptools<81.
  from pkg_resources import parse_version
WARNING:root:The OGB package is out of date. Your version is 1.3.1, while the latest version is 1.3.6.
C:\Users\UNITY\Desktop\ANH\Image-Processing-2026\source\baseline_models\link_prediction\SEAL_OGB\seal_link_pred.py:582: FutureWarning: `torch.cuda.amp.GradScaler(args...)` is deprecated. Please use `torch.amp.GradScaler('cuda', args...)` instead.
  _scaler  = torch.cuda.amp.GradScaler(enabled=_use_amp)
Results will be saved in results/ogbl-BALBc_no1_spatial_no_edge_attr_20260509210039
Command line input: python C:\Users\UNITY\Desktop\ANH\Image-Processing-2026\source\baseline_models\link_prediction\SEAL_OGB\seal_link_pred.py --dataset ogbl-BALBc_no1_spatial_no_edge_attr --splitting_strategy spatial --epochs 20 --runs 1 --batch_size 1024 --eval_steps 10 --train_percent 5 --val_percent 5 --test_percent 5 --max_nodes_per_hop 50 --sortpool_k 0.5 --num_workers 8
 is saved.
[SEAL] Device=cpu  AMP fp16: OFF
[SEAL] Building train dataset (SEALDataset)... this may take a long time.
Processing...
C:\Users\UNITY\Desktop\ANH\Image-Processing-2026\source\baseline_models\link_prediction\SEAL_OGB\seal_link_pred.py:100: UserWarning: It is not recommended to directly access the internal storage format `data` of an 'InMemoryDataset'. If you are absolutely certain what you are doing, access the internal storage via `InMemoryDataset._data` instead to suppress this warning. Alternatively, you can access stacked individual attributes of every graph via `dataset.{attr_name}`.
  self.data.edge_index,
C:\Users\UNITY\Desktop\ANH\Image-Processing-2026\source\baseline_models\link_prediction\SEAL_OGB\seal_link_pred.py:101: UserWarning: It is not recommended to directly access the internal storage format `data` of an 'InMemoryDataset'. If you are absolutely certain what you are doing, access the internal storage via `InMemoryDataset._data` instead to suppress this warning. Alternatively, you can access stacked individual attributes of every graph via `dataset.{attr_name}`.
  self.data.num_nodes,
C:\Users\UNITY\Desktop\ANH\Image-Processing-2026\source\baseline_models\link_prediction\SEAL_OGB\seal_link_pred.py:109: UserWarning: It is not recommended to directly access the internal storage format `data` of an 'InMemoryDataset'. If you are absolutely certain what you are doing, access the internal storage via `InMemoryDataset._data` instead to suppress this warning. Alternatively, you can access stacked individual attributes of every graph via `dataset.{attr_name}`.
  if 'edge_weight' in self.data:
C:\Users\UNITY\Desktop\ANH\Image-Processing-2026\source\baseline_models\link_prediction\SEAL_OGB\seal_link_pred.py:112: UserWarning: It is not recommended to directly access the internal storage format `data` of an 'InMemoryDataset'. If you are absolutely certain what you are doing, access the internal storage via `InMemoryDataset._data` instead to suppress this warning. Alternatively, you can access stacked individual attributes of every graph via `dataset.{attr_name}`.
  edge_weight = torch.ones(self.data.edge_index.size(1), dtype=int)
C:\Users\UNITY\Desktop\ANH\Image-Processing-2026\source\baseline_models\link_prediction\SEAL_OGB\seal_link_pred.py:114: UserWarning: It is not recommended to directly access the internal storage format `data` of an 'InMemoryDataset'. If you are absolutely certain what you are doing, access the internal storage via `InMemoryDataset._data` instead to suppress this warning. Alternatively, you can access stacked individual attributes of every graph via `dataset.{attr_name}`.
  (edge_weight, (self.data.edge_index[0], self.data.edge_index[1])),
C:\Users\UNITY\Desktop\ANH\Image-Processing-2026\source\baseline_models\link_prediction\SEAL_OGB\seal_link_pred.py:115: UserWarning: It is not recommended to directly access the internal storage format `data` of an 'InMemoryDataset'. If you are absolutely certain what you are doing, access the internal storage via `InMemoryDataset._data` instead to suppress this warning. Alternatively, you can access stacked individual attributes of every graph via `dataset.{attr_name}`.
  shape=(self.data.num_nodes, self.data.num_nodes)
C:\Users\UNITY\Desktop\ANH\Image-Processing-2026\source\baseline_models\link_prediction\SEAL_OGB\seal_link_pred.py:138: UserWarning: It is not recommended to directly access the internal storage format `data` of an 'InMemoryDataset'. If you are absolutely certain what you are doing, access the internal storage via `InMemoryDataset._data` instead to suppress this warning. Alternatively, you can access stacked individual attributes of every graph via `dataset.{attr_name}`.
  pos_edge, A, self.data.x, self.edge_attr,1, self.num_hops, self.node_label,
spatial!
[extract] 213835 links to process...
[extract] 10691/213835 (4%) | 221.8 it/s | ETA 916s
[extract] 21382/213835 (9%) | 219.6 it/s | ETA 876s
[extract] 32073/213835 (14%) | 218.7 it/s | ETA 831s
[extract] 42764/213835 (19%) | 218.3 it/s | ETA 783s
[extract] 53455/213835 (24%) | 218.1 it/s | ETA 735s
[extract] 64146/213835 (29%) | 217.8 it/s | ETA 687s
[extract] 74837/213835 (34%) | 217.6 it/s | ETA 639s
[extract] 85528/213835 (39%) | 217.5 it/s | ETA 590s
[extract] 96219/213835 (44%) | 217.5 it/s | ETA 541s
[extract] 106910/213835 (49%) | 217.4 it/s | ETA 492s
[extract] 117601/213835 (54%) | 217.4 it/s | ETA 443s
[extract] 128292/213835 (59%) | 217.4 it/s | ETA 393s
[extract] 138983/213835 (64%) | 217.5 it/s | ETA 344s
[extract] 149674/213835 (69%) | 217.6 it/s | ETA 295s
[extract] 160365/213835 (74%) | 217.8 it/s | ETA 245s
[extract] 171056/213835 (79%) | 217.7 it/s | ETA 197s
[extract] 181747/213835 (84%) | 217.7 it/s | ETA 147s
[extract] 192438/213835 (89%) | 217.7 it/s | ETA 98s
[extract] 203129/213835 (94%) | 217.7 it/s | ETA 49s
[extract] 213820/213835 (99%) | 217.7 it/s | ETA 0s
[extract] 213835/213835 (100%) | 217.7 it/s | ETA 0s
C:\Users\UNITY\Desktop\ANH\Image-Processing-2026\source\baseline_models\link_prediction\SEAL_OGB\seal_link_pred.py:141: UserWarning: It is not recommended to directly access the internal storage format `data` of an 'InMemoryDataset'. If you are absolutely certain what you are doing, access the internal storage via `InMemoryDataset._data` instead to suppress this warning. Alternatively, you can access stacked individual attributes of every graph via `dataset.{attr_name}`.
  neg_edge, A, self.data.x, self.edge_attr,0, self.num_hops, self.node_label,
[extract] 213835 links to process...
[extract] 10691/213835 (4%) | 209.4 it/s | ETA 970s
[extract] 21382/213835 (9%) | 210.8 it/s | ETA 913s
[extract] 32073/213835 (14%) | 211.5 it/s | ETA 859s
[extract] 42764/213835 (19%) | 211.5 it/s | ETA 809s
[extract] 53455/213835 (24%) | 211.9 it/s | ETA 757s
[extract] 64146/213835 (29%) | 211.6 it/s | ETA 707s
[extract] 74837/213835 (34%) | 211.2 it/s | ETA 658s
[extract] 85528/213835 (39%) | 211.1 it/s | ETA 608s
[extract] 96219/213835 (44%) | 211.1 it/s | ETA 557s
[extract] 106910/213835 (49%) | 211.0 it/s | ETA 507s
[extract] 117601/213835 (54%) | 211.0 it/s | ETA 456s
[extract] 128292/213835 (59%) | 210.9 it/s | ETA 406s
[extract] 138983/213835 (64%) | 210.9 it/s | ETA 355s
[extract] 149674/213835 (69%) | 211.0 it/s | ETA 304s
[extract] 160365/213835 (74%) | 210.8 it/s | ETA 254s
[extract] 171056/213835 (79%) | 210.8 it/s | ETA 203s
[extract] 181747/213835 (84%) | 210.9 it/s | ETA 152s
[extract] 192438/213835 (89%) | 210.9 it/s | ETA 101s
[extract] 203129/213835 (94%) | 210.9 it/s | ETA 51s
[extract] 213820/213835 (99%) | 210.9 it/s | ETA 0s
[extract] 213835/213835 (100%) | 210.9 it/s | ETA 0s
Done!
[SEAL] Train dataset ready: 427670 samples.
[SEAL] Building val dataset (SEALDataset)...
Processing...
spatial
[extract] 26729 links to process...
[extract] 1336/26729 (4%) | 211.4 it/s | ETA 120s
[extract] 2672/26729 (9%) | 211.6 it/s | ETA 114s
[extract] 4008/26729 (14%) | 212.3 it/s | ETA 107s
[extract] 5344/26729 (19%) | 211.8 it/s | ETA 101s
[extract] 6680/26729 (24%) | 211.4 it/s | ETA 95s
[extract] 8016/26729 (29%) | 211.5 it/s | ETA 88s
[extract] 9352/26729 (34%) | 211.1 it/s | ETA 82s
[extract] 10688/26729 (39%) | 211.1 it/s | ETA 76s
[extract] 12024/26729 (44%) | 211.2 it/s | ETA 70s
[extract] 13360/26729 (49%) | 211.2 it/s | ETA 63s
[extract] 14696/26729 (54%) | 211.6 it/s | ETA 57s
[extract] 16032/26729 (59%) | 211.9 it/s | ETA 50s
[extract] 17368/26729 (64%) | 212.1 it/s | ETA 44s
[extract] 18704/26729 (69%) | 212.2 it/s | ETA 38s
[extract] 20040/26729 (74%) | 212.1 it/s | ETA 32s
[extract] 21376/26729 (79%) | 212.1 it/s | ETA 25s
[extract] 22712/26729 (84%) | 212.1 it/s | ETA 19s
[extract] 24048/26729 (89%) | 212.1 it/s | ETA 13s
[extract] 25384/26729 (94%) | 212.0 it/s | ETA 6s
[extract] 26720/26729 (99%) | 211.9 it/s | ETA 0s
[extract] 26729/26729 (100%) | 211.9 it/s | ETA 0s
[extract] 26729 links to process...
[extract] 1336/26729 (4%) | 210.4 it/s | ETA 121s
[extract] 2672/26729 (9%) | 210.7 it/s | ETA 114s
[extract] 4008/26729 (14%) | 210.8 it/s | ETA 108s
[extract] 5344/26729 (19%) | 210.7 it/s | ETA 101s
[extract] 6680/26729 (24%) | 210.6 it/s | ETA 95s
[extract] 8016/26729 (29%) | 210.6 it/s | ETA 89s
[extract] 9352/26729 (34%) | 210.6 it/s | ETA 83s
[extract] 10688/26729 (39%) | 210.8 it/s | ETA 76s
[extract] 12024/26729 (44%) | 210.3 it/s | ETA 70s
[extract] 13360/26729 (49%) | 209.9 it/s | ETA 64s
[extract] 14696/26729 (54%) | 209.9 it/s | ETA 57s
[extract] 16032/26729 (59%) | 209.9 it/s | ETA 51s
[extract] 17368/26729 (64%) | 210.0 it/s | ETA 45s
[extract] 18704/26729 (69%) | 210.1 it/s | ETA 38s
[extract] 20040/26729 (74%) | 210.1 it/s | ETA 32s
[extract] 21376/26729 (79%) | 210.2 it/s | ETA 25s
[extract] 22712/26729 (84%) | 210.3 it/s | ETA 19s
[extract] 24048/26729 (89%) | 210.3 it/s | ETA 13s
[extract] 25384/26729 (94%) | 210.4 it/s | ETA 6s
[extract] 26720/26729 (99%) | 210.4 it/s | ETA 0s
[extract] 26729/26729 (100%) | 210.4 it/s | ETA 0s
Done!
[SEAL] Val dataset ready: 53458 samples.
[SEAL] Building test dataset (SEALDataset)...
Processing...
spatial
[extract] 26729 links to process...
[extract] 1336/26729 (4%) | 209.7 it/s | ETA 121s
[extract] 2672/26729 (9%) | 209.5 it/s | ETA 115s
[extract] 4008/26729 (14%) | 210.7 it/s | ETA 108s
[extract] 5344/26729 (19%) | 210.5 it/s | ETA 102s
[extract] 6680/26729 (24%) | 210.8 it/s | ETA 95s
[extract] 8016/26729 (29%) | 210.3 it/s | ETA 89s
[extract] 9352/26729 (34%) | 210.2 it/s | ETA 83s
[extract] 10688/26729 (39%) | 210.4 it/s | ETA 76s
[extract] 12024/26729 (44%) | 210.4 it/s | ETA 70s
[extract] 13360/26729 (49%) | 210.4 it/s | ETA 64s
[extract] 14696/26729 (54%) | 210.5 it/s | ETA 57s
[extract] 16032/26729 (59%) | 210.5 it/s | ETA 51s
[extract] 17368/26729 (64%) | 210.6 it/s | ETA 44s
[extract] 18704/26729 (69%) | 210.5 it/s | ETA 38s
[extract] 20040/26729 (74%) | 210.5 it/s | ETA 32s
[extract] 21376/26729 (79%) | 210.4 it/s | ETA 25s
[extract] 22712/26729 (84%) | 210.5 it/s | ETA 19s
[extract] 24048/26729 (89%) | 210.5 it/s | ETA 13s
[extract] 25384/26729 (94%) | 210.5 it/s | ETA 6s
[extract] 26720/26729 (99%) | 210.6 it/s | ETA 0s
[extract] 26729/26729 (100%) | 210.6 it/s | ETA 0s
[extract] 26729 links to process...
[extract] 1336/26729 (4%) | 211.2 it/s | ETA 120s
[extract] 2672/26729 (9%) | 208.6 it/s | ETA 115s
[extract] 4008/26729 (14%) | 208.8 it/s | ETA 109s
[extract] 5344/26729 (19%) | 209.1 it/s | ETA 102s
[extract] 6680/26729 (24%) | 209.0 it/s | ETA 96s
[extract] 8016/26729 (29%) | 209.4 it/s | ETA 89s
[extract] 9352/26729 (34%) | 209.3 it/s | ETA 83s
[extract] 10688/26729 (39%) | 209.6 it/s | ETA 77s
[extract] 12024/26729 (44%) | 209.5 it/s | ETA 70s
[extract] 13360/26729 (49%) | 209.5 it/s | ETA 64s
[extract] 14696/26729 (54%) | 209.7 it/s | ETA 57s
[extract] 16032/26729 (59%) | 209.8 it/s | ETA 51s
[extract] 17368/26729 (64%) | 209.9 it/s | ETA 45s
[extract] 18704/26729 (69%) | 209.8 it/s | ETA 38s
[extract] 20040/26729 (74%) | 209.5 it/s | ETA 32s
[extract] 21376/26729 (79%) | 209.6 it/s | ETA 26s
[extract] 22712/26729 (84%) | 209.2 it/s | ETA 19s
[extract] 24048/26729 (89%) | 208.9 it/s | ETA 13s
[extract] 25384/26729 (94%) | 209.0 it/s | ETA 6s
[extract] 26720/26729 (99%) | 208.9 it/s | ETA 0s
[extract] 26729/26729 (100%) | 208.9 it/s | ETA 0s
Done!
[SEAL] Test dataset ready: 53458 samples.
Total number of parameters is 43714
SortPooling k is set to 10

[SEAL Epoch 1/20] Run 1/1 - training...

  0%|                                         | 0/418 [00:00<?, ?it/s]C:\Users\UNITY\Desktop\ANH\Image-Processing-2026\source\baseline_models\link_prediction\SEAL_OGB\seal_link_pred.py:235: FutureWarning: `torch.cuda.amp.autocast(args...)` is deprecated. Please use `torch.amp.autocast('cuda', args...)` instead.
  with torch.cuda.amp.autocast(enabled=_use_amp):
C:\Users\UNITY\Desktop\ANH\Image-Processing-2026\source\baseline_models\link_prediction\SEAL_OGB\models.py:208: UserWarning: 'nn.glob.global_sort_pool' is deprecated, use 'nn.aggr.SortAggr' instead
  x = global_sort_pool(x, batch, self.k)

  0%|                                 | 1/418 [00:00<00:49,  8.43it/s]
  1%|2                                | 3/418 [00:00<00:29, 14.19it/s]
  1%|3                                | 5/418 [00:00<00:25, 16.05it/s]
  2%|5                                | 7/418 [00:00<00:25, 15.84it/s]
  2%|7                                | 9/418 [00:00<00:24, 16.80it/s]
  3%|8                               | 11/418 [00:00<00:23, 17.32it/s]
  3%|9                               | 13/418 [00:00<00:22, 17.85it/s]
  4%|#1                              | 15/418 [00:00<00:22, 18.22it/s]
  4%|#3                              | 17/418 [00:00<00:21, 18.38it/s]
  5%|#4                              | 19/418 [00:01<00:22, 17.55it/s]
  5%|#6                              | 21/418 [00:01<00:22, 17.97it/s]
  6%|#7                              | 23/418 [00:01<00:21, 18.13it/s]
  6%|#9                              | 25/418 [00:01<00:21, 18.28it/s]
  6%|##                              | 27/418 [00:01<00:21, 18.37it/s]
  7%|##2                             | 29/418 [00:01<00:21, 18.46it/s]
  7%|##3                             | 31/418 [00:01<00:21, 17.64it/s]
  8%|##5                             | 33/418 [00:01<00:21, 17.90it/s]
  8%|##6                             | 35/418 [00:01<00:21, 18.14it/s]
  9%|##8                             | 37/418 [00:02<00:20, 18.17it/s]
  9%|##9                             | 39/418 [00:02<00:20, 18.31it/s]
 10%|###1                            | 41/418 [00:02<00:20, 18.51it/s]
 10%|###2                            | 43/418 [00:02<00:20, 18.62it/s]
 11%|###4                            | 45/418 [00:02<00:20, 18.63it/s]
 11%|###5                            | 47/418 [00:02<00:19, 18.55it/s]
 12%|###7                            | 49/418 [00:02<00:19, 18.56it/s]
 12%|###9                            | 51/418 [00:02<00:19, 18.66it/s]
 13%|####                            | 53/418 [00:02<00:20, 17.65it/s]
 13%|####2                           | 55/418 [00:03<00:20, 17.93it/s]
 14%|####3                           | 57/418 [00:03<00:19, 18.15it/s]
 14%|####5                           | 59/418 [00:03<00:19, 18.29it/s]
 15%|####6                           | 61/418 [00:03<00:19, 18.39it/s]
 15%|####8                           | 63/418 [00:03<00:19, 18.57it/s]
 16%|####9                           | 65/418 [00:03<00:19, 17.72it/s]
 16%|#####1                          | 67/418 [00:03<00:19, 17.81it/s]
 17%|#####2                          | 69/418 [00:03<00:19, 18.14it/s]
 17%|#####4                          | 71/418 [00:03<00:19, 18.26it/s]
 17%|#####5                          | 73/418 [00:04<00:19, 17.47it/s]
 18%|#####7                          | 75/418 [00:04<00:19, 17.86it/s]
 18%|#####8                          | 77/418 [00:04<00:18, 18.17it/s]
 19%|######                          | 79/418 [00:04<00:18, 18.34it/s]
 19%|######2                         | 81/418 [00:04<00:18, 18.44it/s]
 20%|######3                         | 83/418 [00:04<00:17, 18.61it/s]
 20%|######5                         | 85/418 [00:04<00:18, 18.44it/s]
 21%|######6                         | 87/418 [00:04<00:17, 18.53it/s]
 21%|######8                         | 89/418 [00:04<00:17, 18.48it/s]
 22%|######9                         | 91/418 [00:05<00:17, 18.44it/s]
 22%|#######1                        | 93/418 [00:05<00:17, 18.47it/s]
 23%|#######2                        | 95/418 [00:05<00:50,  6.39it/s]
 23%|#######4                        | 97/418 [00:06<00:40,  7.99it/s]
 24%|#######5                        | 99/418 [00:06<00:33,  9.66it/s]
 24%|#######4                       | 101/418 [00:06<00:28, 11.31it/s]
 25%|#######6                       | 103/418 [00:06<00:24, 12.86it/s]
 25%|#######7                       | 105/418 [00:06<00:23, 13.33it/s]
 26%|#######9                       | 107/418 [00:06<00:21, 14.58it/s]
 26%|########                       | 109/418 [00:06<00:19, 15.65it/s]
 27%|########2                      | 111/418 [00:06<00:18, 16.30it/s]
 27%|########3                      | 113/418 [00:06<00:19, 16.05it/s]
 28%|########5                      | 115/418 [00:07<00:17, 16.84it/s]
 28%|########6                      | 117/418 [00:07<00:17, 16.98it/s]
 28%|########8                      | 119/418 [00:07<00:16, 17.71it/s]
 29%|########9                      | 121/418 [00:07<00:16, 18.08it/s]
 29%|#########1                     | 123/418 [00:07<00:16, 18.35it/s]
 30%|#########2                     | 125/418 [00:07<00:15, 18.45it/s]
 30%|#########4                     | 127/418 [00:07<00:15, 18.61it/s]
 31%|#########5                     | 129/418 [00:07<00:15, 18.65it/s]
 31%|#########7                     | 131/418 [00:07<00:15, 18.73it/s]
 32%|#########8                     | 133/418 [00:08<00:15, 18.90it/s]
 32%|##########                     | 135/418 [00:08<00:15, 18.83it/s]
 33%|##########1                    | 137/418 [00:08<00:14, 18.78it/s]
 33%|##########3                    | 139/418 [00:08<00:14, 18.86it/s]
 34%|##########4                    | 141/418 [00:08<00:14, 18.98it/s]
 34%|##########6                    | 143/418 [00:08<00:14, 18.85it/s]
 35%|##########7                    | 145/418 [00:08<00:14, 18.86it/s]
 35%|##########9                    | 147/418 [00:08<00:14, 18.86it/s]
 36%|###########                    | 149/418 [00:08<00:14, 18.92it/s]
 36%|###########1                   | 151/418 [00:08<00:14, 18.87it/s]
 37%|###########3                   | 153/418 [00:09<00:14, 18.88it/s]
 37%|###########4                   | 155/418 [00:09<00:14, 17.89it/s]
 38%|###########6                   | 157/418 [00:09<00:15, 17.21it/s]
 38%|###########7                   | 159/418 [00:09<00:14, 17.63it/s]
 39%|###########9                   | 161/418 [00:09<00:14, 18.04it/s]
 39%|############                   | 163/418 [00:09<00:13, 18.28it/s]
 39%|############2                  | 165/418 [00:09<00:14, 17.65it/s]
 40%|############3                  | 167/418 [00:09<00:14, 17.88it/s]
 40%|############5                  | 169/418 [00:10<00:13, 18.02it/s]
 41%|############6                  | 171/418 [00:10<00:13, 18.29it/s]
 41%|############8                  | 173/418 [00:10<00:13, 18.32it/s]
 42%|############9                  | 175/418 [00:10<00:13, 18.44it/s]
 42%|#############1                 | 177/418 [00:10<00:13, 17.66it/s]
 43%|#############2                 | 179/418 [00:10<00:14, 17.07it/s]
 43%|#############4                 | 181/418 [00:10<00:13, 17.53it/s]
 44%|#############5                 | 183/418 [00:10<00:13, 17.91it/s]
 44%|#############7                 | 185/418 [00:10<00:12, 18.23it/s]
 45%|#############8                 | 187/418 [00:10<00:12, 18.43it/s]
 45%|##############                 | 189/418 [00:11<00:12, 18.59it/s]
 46%|##############1                | 191/418 [00:11<00:12, 18.63it/s]
 46%|##############3                | 193/418 [00:11<00:12, 18.67it/s]
 47%|##############4                | 195/418 [00:11<00:11, 18.70it/s]
 47%|##############6                | 197/418 [00:11<00:11, 18.57it/s]
 48%|##############7                | 199/418 [00:11<00:11, 18.54it/s]
 48%|##############9                | 201/418 [00:11<00:11, 18.62it/s]
 49%|###############                | 203/418 [00:11<00:11, 18.66it/s]
 49%|###############2               | 205/418 [00:11<00:11, 18.71it/s]
 50%|###############3               | 207/418 [00:12<00:11, 18.79it/s]
 50%|###############5               | 209/418 [00:12<00:11, 18.81it/s]
 50%|###############6               | 211/418 [00:12<00:11, 18.79it/s]
 51%|###############7               | 213/418 [00:12<00:10, 18.79it/s]
 51%|###############9               | 215/418 [00:12<00:10, 18.74it/s]
 52%|################               | 217/418 [00:12<00:10, 18.78it/s]
 52%|################2              | 219/418 [00:12<00:10, 18.82it/s]
 53%|################3              | 221/418 [00:12<00:10, 18.82it/s]
 53%|################5              | 223/418 [00:12<00:10, 18.74it/s]
 54%|################6              | 225/418 [00:13<00:10, 18.74it/s]
 54%|################8              | 227/418 [00:13<00:10, 18.71it/s]
 55%|################9              | 229/418 [00:13<00:10, 18.77it/s]
 55%|#################1             | 231/418 [00:13<00:09, 18.80it/s]
 56%|#################2             | 233/418 [00:13<00:09, 18.74it/s]
 56%|#################4             | 235/418 [00:13<00:09, 18.73it/s]
 57%|#################5             | 237/418 [00:13<00:09, 18.67it/s]
 57%|#################7             | 239/418 [00:13<00:09, 18.67it/s]
 58%|#################8             | 241/418 [00:13<00:09, 18.75it/s]
 58%|##################             | 243/418 [00:13<00:09, 18.88it/s]
 59%|##################1            | 245/418 [00:14<00:09, 18.79it/s]
 59%|##################3            | 247/418 [00:14<00:09, 18.84it/s]
 60%|##################4            | 249/418 [00:14<00:08, 18.86it/s]
 60%|##################6            | 251/418 [00:14<00:08, 18.89it/s]
 61%|##################7            | 253/418 [00:14<00:08, 18.97it/s]
 61%|##################9            | 255/418 [00:14<00:08, 18.90it/s]
 61%|###################            | 257/418 [00:14<00:08, 18.90it/s]
 62%|###################2           | 259/418 [00:14<00:08, 17.88it/s]
 62%|###################3           | 261/418 [00:14<00:08, 18.30it/s]
 63%|###################5           | 263/418 [00:15<00:08, 18.42it/s]
 63%|###################6           | 265/418 [00:15<00:08, 18.68it/s]
 64%|###################8           | 267/418 [00:15<00:08, 18.73it/s]
 64%|###################9           | 269/418 [00:15<00:07, 18.78it/s]
 65%|####################           | 271/418 [00:15<00:07, 18.81it/s]
 65%|####################2          | 273/418 [00:15<00:07, 18.97it/s]
 66%|####################3          | 275/418 [00:15<00:07, 18.93it/s]
 66%|####################5          | 277/418 [00:15<00:07, 18.92it/s]
 67%|####################6          | 279/418 [00:15<00:07, 17.96it/s]
 67%|####################8          | 281/418 [00:16<00:07, 18.17it/s]
 68%|####################9          | 283/418 [00:16<00:07, 18.33it/s]
 68%|#####################1         | 285/418 [00:16<00:07, 18.71it/s]
 69%|#####################2         | 287/418 [00:16<00:06, 18.78it/s]
 69%|#####################4         | 289/418 [00:16<00:06, 18.89it/s]
 70%|#####################5         | 291/418 [00:16<00:06, 18.95it/s]
 70%|#####################7         | 293/418 [00:16<00:06, 18.93it/s]
 71%|#####################8         | 295/418 [00:16<00:06, 18.92it/s]
 71%|######################         | 297/418 [00:16<00:06, 18.85it/s]
 72%|######################1        | 299/418 [00:16<00:06, 18.87it/s]
 72%|######################3        | 301/418 [00:17<00:06, 18.88it/s]
 72%|######################4        | 303/418 [00:17<00:06, 18.88it/s]
 73%|######################6        | 305/418 [00:17<00:06, 18.77it/s]
 73%|######################7        | 307/418 [00:17<00:05, 18.77it/s]
 74%|######################9        | 309/418 [00:17<00:05, 18.77it/s]
 74%|#######################        | 311/418 [00:17<00:05, 18.84it/s]
 75%|#######################2       | 313/418 [00:17<00:05, 18.86it/s]
 75%|#######################3       | 315/418 [00:17<00:05, 18.93it/s]
 76%|#######################5       | 317/418 [00:17<00:05, 18.92it/s]
 76%|#######################6       | 319/418 [00:18<00:05, 18.80it/s]
 77%|#######################8       | 321/418 [00:18<00:05, 18.82it/s]
 77%|#######################9       | 323/418 [00:18<00:05, 18.83it/s]
 78%|########################1      | 325/418 [00:18<00:04, 18.89it/s]
 78%|########################2      | 327/418 [00:18<00:04, 18.82it/s]
 79%|########################3      | 329/418 [00:18<00:04, 18.88it/s]
 79%|########################5      | 331/418 [00:18<00:04, 17.53it/s]
 80%|########################6      | 333/418 [00:18<00:04, 18.08it/s]
 80%|########################8      | 335/418 [00:18<00:04, 17.54it/s]
 81%|########################9      | 337/418 [00:19<00:04, 17.91it/s]
 81%|#########################1     | 339/418 [00:19<00:04, 18.16it/s]
 82%|#########################2     | 341/418 [00:19<00:04, 16.91it/s]
 82%|#########################4     | 343/418 [00:19<00:04, 17.69it/s]
 83%|#########################5     | 345/418 [00:19<00:04, 18.09it/s]
 83%|#########################7     | 347/418 [00:19<00:03, 18.40it/s]
 83%|#########################8     | 349/418 [00:19<00:03, 18.64it/s]
 84%|##########################     | 351/418 [00:19<00:03, 18.79it/s]
 84%|##########################1    | 353/418 [00:19<00:03, 18.90it/s]
 85%|##########################3    | 355/418 [00:20<00:03, 18.96it/s]
 85%|##########################4    | 357/418 [00:20<00:03, 18.95it/s]
 86%|##########################6    | 359/418 [00:20<00:03, 18.99it/s]
 86%|##########################7    | 361/418 [00:20<00:03, 18.97it/s]
 87%|##########################9    | 363/418 [00:20<00:02, 19.02it/s]
 87%|###########################    | 365/418 [00:20<00:02, 19.03it/s]
 88%|###########################2   | 367/418 [00:20<00:02, 18.96it/s]
 88%|###########################3   | 369/418 [00:20<00:02, 18.95it/s]
 89%|###########################5   | 371/418 [00:20<00:02, 18.88it/s]
 89%|###########################6   | 373/418 [00:20<00:02, 18.88it/s]
 90%|###########################8   | 375/418 [00:21<00:02, 18.81it/s]
 90%|###########################9   | 377/418 [00:21<00:02, 18.87it/s]
 91%|############################1  | 379/418 [00:21<00:02, 18.87it/s]
 91%|############################2  | 381/418 [00:21<00:01, 19.03it/s]
 92%|############################4  | 383/418 [00:21<00:01, 19.00it/s]
 92%|############################5  | 385/418 [00:21<00:01, 19.00it/s]
 93%|############################7  | 387/418 [00:21<00:01, 18.90it/s]
 93%|############################8  | 389/418 [00:21<00:01, 18.88it/s]
 94%|############################9  | 391/418 [00:21<00:01, 18.97it/s]
 94%|#############################1 | 393/418 [00:22<00:01, 18.94it/s]
 94%|#############################2 | 395/418 [00:22<00:01, 18.96it/s]
 95%|#############################4 | 397/418 [00:22<00:01, 18.95it/s]
 95%|#############################5 | 399/418 [00:22<00:01, 18.95it/s]
 96%|#############################7 | 401/418 [00:22<00:00, 19.10it/s]
 96%|#############################8 | 403/418 [00:22<00:00, 19.04it/s]
 97%|############################## | 405/418 [00:22<00:00, 19.01it/s]
 97%|##############################1| 407/418 [00:22<00:00, 18.97it/s]
 98%|##############################3| 409/418 [00:22<00:00, 18.84it/s]
 98%|##############################4| 411/418 [00:22<00:00, 18.85it/s]
 99%|##############################6| 413/418 [00:23<00:00, 18.75it/s]
 99%|##############################7| 415/418 [00:23<00:00, 18.70it/s]
100%|##############################9| 417/418 [00:23<00:00, 18.80it/s]
100%|###############################| 418/418 [00:23<00:00, 17.91it/s]
[SEAL Epoch 1] loss=0.6118

[SEAL Epoch 2/20] Run 1/1 - training...

  0%|                                         | 0/418 [00:00<?, ?it/s]
  0%|1                                | 2/418 [00:00<00:27, 15.23it/s]
  1%|3                                | 4/418 [00:00<00:23, 17.30it/s]
  1%|4                                | 6/418 [00:00<00:22, 18.07it/s]
  2%|6                                | 8/418 [00:00<00:22, 18.43it/s]
  2%|7                               | 10/418 [00:00<00:21, 18.66it/s]
  3%|9                               | 12/418 [00:00<00:21, 18.75it/s]
  3%|#                               | 14/418 [00:00<00:21, 18.76it/s]
  4%|#2                              | 16/418 [00:00<00:21, 18.79it/s]
  4%|#3                              | 18/418 [00:00<00:21, 18.90it/s]
  5%|#5                              | 20/418 [00:01<00:21, 18.93it/s]
  5%|#6                              | 22/418 [00:01<00:20, 19.22it/s]
  6%|#8                              | 24/418 [00:01<00:20, 19.13it/s]
  6%|#9                              | 26/418 [00:01<00:20, 19.22it/s]
  7%|##1                             | 28/418 [00:01<00:20, 19.11it/s]
  7%|##2                             | 30/418 [00:01<00:20, 19.13it/s]
  8%|##4                             | 32/418 [00:01<00:20, 19.06it/s]
  8%|##6                             | 34/418 [00:01<00:20, 19.06it/s]
  9%|##7                             | 36/418 [00:01<00:20, 18.93it/s]
  9%|##9                             | 38/418 [00:02<00:21, 17.50it/s]
 10%|###                             | 40/418 [00:02<00:21, 17.85it/s]
 10%|###2                            | 42/418 [00:02<00:20, 18.28it/s]
 11%|###3                            | 44/418 [00:02<00:20, 18.52it/s]
 11%|###5                            | 46/418 [00:02<00:19, 18.64it/s]
 11%|###6                            | 48/418 [00:02<00:19, 18.73it/s]
 12%|###8                            | 50/418 [00:02<00:19, 18.77it/s]
 12%|###9                            | 52/418 [00:02<00:19, 18.78it/s]
 13%|####1                           | 54/418 [00:02<00:20, 17.92it/s]
 13%|####2                           | 56/418 [00:03<00:19, 18.22it/s]
 14%|####4                           | 58/418 [00:03<00:19, 18.35it/s]
 14%|####5                           | 60/418 [00:03<00:19, 18.57it/s]
 15%|####7                           | 62/418 [00:03<00:19, 18.68it/s]
 15%|####8                           | 64/418 [00:03<00:18, 18.77it/s]
 16%|#####                           | 66/418 [00:03<00:18, 18.74it/s]
 16%|#####2                          | 68/418 [00:03<00:18, 18.85it/s]
 17%|#####3                          | 70/418 [00:03<00:18, 18.90it/s]
 17%|#####5                          | 72/418 [00:03<00:18, 18.98it/s]
 18%|#####6                          | 74/418 [00:03<00:18, 19.10it/s]
 18%|#####8                          | 76/418 [00:04<00:17, 19.10it/s]
 19%|#####9                          | 78/418 [00:04<00:17, 19.08it/s]
 19%|######1                         | 80/418 [00:04<00:18, 18.32it/s]
 20%|######2                         | 82/418 [00:04<00:18, 18.45it/s]
 20%|######4                         | 84/418 [00:04<00:18, 17.64it/s]
 21%|######5                         | 86/418 [00:04<00:18, 17.98it/s]
 21%|######7                         | 88/418 [00:04<00:18, 18.24it/s]
 22%|######8                         | 90/418 [00:04<00:18, 17.50it/s]
 22%|#######                         | 92/418 [00:04<00:18, 18.05it/s]
 22%|#######1                        | 94/418 [00:05<00:17, 18.38it/s]
 23%|#######3                        | 96/418 [00:05<00:17, 18.66it/s]
 23%|#######5                        | 98/418 [00:05<00:16, 18.83it/s]
 24%|#######4                       | 100/418 [00:05<00:16, 18.92it/s]
 24%|#######5                       | 102/418 [00:05<00:16, 19.04it/s]
 25%|#######7                       | 104/418 [00:05<00:16, 18.87it/s]
 25%|#######8                       | 106/418 [00:05<00:16, 18.95it/s]
 26%|########                       | 108/418 [00:05<00:16, 18.88it/s]
 26%|########1                      | 110/418 [00:05<00:16, 18.96it/s]
 27%|########3                      | 112/418 [00:06<00:16, 18.94it/s]
 27%|########4                      | 114/418 [00:06<00:16, 18.93it/s]
 28%|########6                      | 116/418 [00:06<00:15, 18.98it/s]
 28%|########7                      | 118/418 [00:06<00:15, 19.04it/s]
 29%|########8                      | 120/418 [00:06<00:15, 19.19it/s]
 29%|#########                      | 122/418 [00:06<00:15, 19.09it/s]
 30%|#########1                     | 124/418 [00:06<00:16, 18.10it/s]
 30%|#########3                     | 126/418 [00:06<00:15, 18.43it/s]
 31%|#########4                     | 128/418 [00:06<00:15, 18.61it/s]
 31%|#########6                     | 130/418 [00:06<00:15, 18.71it/s]
 32%|#########7                     | 132/418 [00:07<00:15, 18.85it/s]
 32%|#########9                     | 134/418 [00:07<00:14, 19.06it/s]
 33%|##########                     | 136/418 [00:07<00:14, 19.02it/s]
 33%|##########2                    | 138/418 [00:07<00:15, 17.97it/s]
 33%|##########3                    | 140/418 [00:07<00:15, 18.37it/s]
 34%|##########5                    | 142/418 [00:07<00:14, 18.56it/s]
 34%|##########6                    | 144/418 [00:07<00:14, 18.67it/s]
 35%|##########8                    | 146/418 [00:07<00:14, 18.82it/s]
 35%|##########9                    | 148/418 [00:07<00:14, 18.96it/s]
 36%|###########1                   | 150/418 [00:08<00:14, 19.01it/s]
 36%|###########2                   | 152/418 [00:08<00:13, 19.15it/s]
 37%|###########4                   | 154/418 [00:08<00:13, 18.95it/s]
 37%|###########5                   | 156/418 [00:08<00:13, 19.00it/s]
 38%|###########7                   | 158/418 [00:08<00:13, 19.07it/s]
 38%|###########8                   | 160/418 [00:08<00:13, 19.18it/s]
 39%|############                   | 162/418 [00:08<00:13, 19.22it/s]
 39%|############1                  | 164/418 [00:08<00:13, 19.13it/s]
 40%|############3                  | 166/418 [00:08<00:13, 19.08it/s]
 40%|############4                  | 168/418 [00:09<00:13, 17.97it/s]
 41%|############6                  | 170/418 [00:09<00:13, 18.30it/s]
 41%|############7                  | 172/418 [00:09<00:13, 18.50it/s]
 42%|############9                  | 174/418 [00:09<00:13, 18.64it/s]
 42%|#############                  | 176/418 [00:09<00:12, 18.68it/s]
 43%|#############2                 | 178/418 [00:09<00:12, 18.87it/s]
 43%|#############3                 | 180/418 [00:09<00:12, 18.89it/s]
 44%|#############4                 | 182/418 [00:09<00:12, 18.93it/s]
 44%|#############6                 | 184/418 [00:09<00:12, 18.88it/s]
 44%|#############7                 | 186/418 [00:09<00:12, 18.86it/s]
 45%|#############9                 | 188/418 [00:10<00:12, 18.84it/s]
 45%|##############                 | 190/418 [00:10<00:12, 18.95it/s]
 46%|##############2                | 192/418 [00:10<00:11, 18.93it/s]
 46%|##############3                | 194/418 [00:10<00:11, 18.89it/s]
 47%|##############5                | 196/418 [00:10<00:11, 18.83it/s]
 47%|##############6                | 198/418 [00:10<00:11, 18.79it/s]
 48%|##############8                | 200/418 [00:10<00:11, 18.89it/s]
 48%|##############9                | 202/418 [00:10<00:11, 18.93it/s]
 49%|###############1               | 204/418 [00:10<00:11, 18.98it/s]
 49%|###############2               | 206/418 [00:11<00:11, 19.00it/s]
 50%|###############4               | 208/418 [00:11<00:11, 17.87it/s]
 50%|###############5               | 210/418 [00:11<00:11, 18.20it/s]
 51%|###############7               | 212/418 [00:11<00:11, 18.29it/s]
 51%|###############8               | 214/418 [00:11<00:11, 18.42it/s]
 52%|################               | 216/418 [00:11<00:11, 17.53it/s]
 52%|################1              | 218/418 [00:11<00:11, 17.85it/s]
 53%|################3              | 220/418 [00:11<00:11, 17.29it/s]
 53%|################4              | 222/418 [00:11<00:11, 17.73it/s]
 54%|################6              | 224/418 [00:12<00:10, 17.97it/s]
 54%|################7              | 226/418 [00:12<00:11, 17.42it/s]
 55%|################9              | 228/418 [00:12<00:10, 17.88it/s]
 55%|#################              | 230/418 [00:12<00:10, 18.02it/s]
 56%|#################2             | 232/418 [00:12<00:10, 18.26it/s]
 56%|#################3             | 234/418 [00:12<00:10, 17.68it/s]
 56%|#################5             | 236/418 [00:12<00:10, 18.08it/s]
 57%|#################6             | 238/418 [00:12<00:09, 18.22it/s]
 57%|#################7             | 240/418 [00:12<00:10, 17.35it/s]
 58%|#################9             | 242/418 [00:13<00:09, 17.83it/s]
 58%|##################             | 244/418 [00:13<00:09, 18.12it/s]
 59%|##################2            | 246/418 [00:13<00:09, 18.34it/s]
 59%|##################3            | 248/418 [00:13<00:09, 18.48it/s]
 60%|##################5            | 250/418 [00:13<00:09, 18.56it/s]
 60%|##################6            | 252/418 [00:13<00:08, 18.65it/s]
 61%|##################8            | 254/418 [00:13<00:08, 18.76it/s]
 61%|##################9            | 256/418 [00:13<00:08, 18.96it/s]
 62%|###################1           | 258/418 [00:13<00:08, 18.96it/s]
 62%|###################2           | 260/418 [00:13<00:08, 18.88it/s]
 63%|###################4           | 262/418 [00:14<00:08, 18.81it/s]
 63%|###################5           | 264/418 [00:14<00:08, 17.91it/s]
 64%|###################7           | 266/418 [00:14<00:08, 18.19it/s]
 64%|###################8           | 268/418 [00:14<00:08, 18.38it/s]
 65%|####################           | 270/418 [00:14<00:08, 18.48it/s]
 65%|####################1          | 272/418 [00:14<00:08, 17.76it/s]
 66%|####################3          | 274/418 [00:14<00:07, 18.18it/s]
 66%|####################4          | 276/418 [00:14<00:07, 18.42it/s]
 67%|####################6          | 278/418 [00:14<00:07, 18.55it/s]
 67%|####################7          | 280/418 [00:15<00:07, 18.66it/s]
 67%|####################9          | 282/418 [00:15<00:07, 17.85it/s]
 68%|#####################          | 284/418 [00:15<00:07, 18.12it/s]
 68%|#####################2         | 286/418 [00:15<00:07, 18.26it/s]
 69%|#####################3         | 288/418 [00:15<00:07, 18.40it/s]
 69%|#####################5         | 290/418 [00:15<00:06, 18.49it/s]
 70%|#####################6         | 292/418 [00:15<00:07, 17.63it/s]
 70%|#####################8         | 294/418 [00:15<00:06, 17.76it/s]
 71%|#####################9         | 296/418 [00:15<00:06, 18.12it/s]
 71%|######################1        | 298/418 [00:16<00:06, 18.35it/s]
 72%|######################2        | 300/418 [00:16<00:06, 18.60it/s]
 72%|######################3        | 302/418 [00:16<00:06, 17.54it/s]
 73%|######################5        | 304/418 [00:16<00:06, 17.89it/s]
 73%|######################6        | 306/418 [00:16<00:06, 18.13it/s]
 74%|######################8        | 308/418 [00:16<00:05, 18.36it/s]
 74%|######################9        | 310/418 [00:16<00:05, 18.38it/s]
 75%|#######################1       | 312/418 [00:16<00:05, 18.61it/s]
 75%|#######################2       | 314/418 [00:16<00:05, 18.62it/s]
 76%|#######################4       | 316/418 [00:17<00:05, 18.69it/s]
 76%|#######################5       | 318/418 [00:17<00:05, 18.75it/s]
 77%|#######################7       | 320/418 [00:17<00:05, 18.68it/s]
 77%|#######################8       | 322/418 [00:17<00:05, 18.76it/s]
 78%|########################       | 324/418 [00:17<00:05, 18.77it/s]
 78%|########################1      | 326/418 [00:17<00:04, 18.81it/s]
 78%|########################3      | 328/418 [00:17<00:04, 18.88it/s]
 79%|########################4      | 330/418 [00:17<00:04, 18.88it/s]
 79%|########################6      | 332/418 [00:17<00:04, 18.78it/s]
 80%|########################7      | 334/418 [00:18<00:04, 18.73it/s]
 80%|########################9      | 336/418 [00:18<00:04, 18.81it/s]
 81%|#########################      | 338/418 [00:18<00:04, 18.70it/s]
 81%|#########################2     | 340/418 [00:18<00:04, 18.76it/s]
 82%|#########################3     | 342/418 [00:18<00:04, 18.85it/s]
 82%|#########################5     | 344/418 [00:18<00:03, 18.82it/s]
 83%|#########################6     | 346/418 [00:18<00:03, 18.83it/s]
 83%|#########################8     | 348/418 [00:18<00:03, 18.91it/s]
 84%|#########################9     | 350/418 [00:18<00:03, 18.80it/s]
 84%|##########################1    | 352/418 [00:18<00:03, 18.88it/s]
 85%|##########################2    | 354/418 [00:19<00:03, 18.68it/s]
 85%|##########################4    | 356/418 [00:19<00:03, 18.81it/s]
 86%|##########################5    | 358/418 [00:19<00:03, 18.75it/s]
 86%|##########################6    | 360/418 [00:19<00:03, 18.82it/s]
 87%|##########################8    | 362/418 [00:19<00:02, 18.88it/s]
 87%|##########################9    | 364/418 [00:19<00:02, 18.85it/s]
 88%|###########################1   | 366/418 [00:19<00:02, 18.93it/s]
 88%|###########################2   | 368/418 [00:19<00:02, 18.89it/s]
 89%|###########################4   | 370/418 [00:19<00:02, 18.83it/s]
 89%|###########################5   | 372/418 [00:20<00:02, 18.81it/s]
 89%|###########################7   | 374/418 [00:20<00:02, 18.86it/s]
 90%|###########################8   | 376/418 [00:20<00:02, 18.91it/s]
 90%|############################   | 378/418 [00:20<00:02, 17.78it/s]
 91%|############################1  | 380/418 [00:20<00:02, 18.14it/s]
 91%|############################3  | 382/418 [00:20<00:01, 18.31it/s]
 92%|############################4  | 384/418 [00:20<00:01, 18.35it/s]
 92%|############################6  | 386/418 [00:20<00:01, 17.56it/s]
 93%|############################7  | 388/418 [00:20<00:01, 18.05it/s]
 93%|############################9  | 390/418 [00:21<00:01, 18.17it/s]
 94%|#############################  | 392/418 [00:21<00:01, 18.30it/s]
 94%|#############################2 | 394/418 [00:21<00:01, 17.62it/s]
 95%|#############################3 | 396/418 [00:21<00:01, 17.91it/s]
 95%|#############################5 | 398/418 [00:21<00:01, 18.08it/s]
 96%|#############################6 | 400/418 [00:21<00:01, 17.95it/s]
 96%|#############################8 | 402/418 [00:21<00:00, 18.37it/s]
 97%|#############################9 | 404/418 [00:21<00:00, 18.39it/s]
 97%|##############################1| 406/418 [00:21<00:00, 18.60it/s]
 98%|##############################2| 408/418 [00:22<00:00, 18.69it/s]
 98%|##############################4| 410/418 [00:22<00:00, 18.71it/s]
 99%|##############################5| 412/418 [00:22<00:00, 18.74it/s]
 99%|##############################7| 414/418 [00:22<00:00, 18.81it/s]
100%|##############################8| 416/418 [00:22<00:00, 18.84it/s]
100%|###############################| 418/418 [00:22<00:00, 18.87it/s]
100%|###############################| 418/418 [00:22<00:00, 18.54it/s]
[SEAL Epoch 2] loss=0.5395

[SEAL Epoch 3/20] Run 1/1 - training...

  0%|                                         | 0/418 [00:00<?, ?it/s]
  0%|1                                | 2/418 [00:00<00:26, 15.52it/s]
  1%|3                                | 4/418 [00:00<00:24, 17.23it/s]
  1%|4                                | 6/418 [00:00<00:23, 17.80it/s]
  2%|6                                | 8/418 [00:00<00:22, 18.01it/s]
  2%|7                               | 10/418 [00:00<00:22, 18.29it/s]
  3%|9                               | 12/418 [00:00<00:22, 18.33it/s]
  3%|#                               | 14/418 [00:00<00:22, 17.85it/s]
  4%|#2                              | 16/418 [00:00<00:22, 18.09it/s]
  4%|#3                              | 18/418 [00:00<00:21, 18.39it/s]
  5%|#5                              | 20/418 [00:01<00:21, 18.55it/s]
  5%|#6                              | 22/418 [00:01<00:21, 18.53it/s]
  6%|#8                              | 24/418 [00:01<00:22, 17.69it/s]
  6%|#9                              | 26/418 [00:01<00:21, 17.97it/s]
  7%|##1                             | 28/418 [00:01<00:21, 18.26it/s]
  7%|##2                             | 30/418 [00:01<00:21, 18.43it/s]
  8%|##4                             | 32/418 [00:01<00:20, 18.61it/s]
  8%|##6                             | 34/418 [00:01<00:20, 18.67it/s]
  9%|##7                             | 36/418 [00:01<00:21, 18.00it/s]
  9%|##9                             | 38/418 [00:02<00:20, 18.24it/s]
 10%|###                             | 40/418 [00:02<00:20, 18.46it/s]
 10%|###2                            | 42/418 [00:02<00:21, 17.36it/s]
 11%|###3                            | 44/418 [00:02<00:21, 17.81it/s]
 11%|###5                            | 46/418 [00:02<00:20, 18.07it/s]
 11%|###6                            | 48/418 [00:02<00:20, 18.21it/s]
 12%|###8                            | 50/418 [00:02<00:19, 18.44it/s]
 12%|###9                            | 52/418 [00:02<00:19, 18.60it/s]
 13%|####1                           | 54/418 [00:02<00:19, 18.67it/s]
 13%|####2                           | 56/418 [00:03<00:19, 18.77it/s]
 14%|####4                           | 58/418 [00:03<00:19, 18.76it/s]
 14%|####5                           | 60/418 [00:03<00:19, 18.76it/s]
 15%|####7                           | 62/418 [00:03<00:18, 18.75it/s]
 15%|####8                           | 64/418 [00:03<00:18, 18.81it/s]
 16%|#####                           | 66/418 [00:03<00:18, 18.80it/s]
 16%|#####2                          | 68/418 [00:03<00:18, 18.79it/s]
 17%|#####3                          | 70/418 [00:03<00:18, 18.78it/s]
 17%|#####5                          | 72/418 [00:03<00:18, 18.92it/s]
 18%|#####6                          | 74/418 [00:04<00:18, 18.52it/s]
 18%|#####8                          | 76/418 [00:04<00:18, 18.64it/s]
 19%|#####9                          | 78/418 [00:04<00:18, 18.61it/s]
 19%|######1                         | 80/418 [00:04<00:18, 18.59it/s]
 20%|######2                         | 82/418 [00:04<00:18, 17.96it/s]
 20%|######4                         | 84/418 [00:04<00:18, 18.24it/s]
 21%|######5                         | 86/418 [00:04<00:17, 18.61it/s]
 21%|######7                         | 88/418 [00:04<00:17, 18.72it/s]
 22%|######8                         | 90/418 [00:04<00:17, 18.64it/s]
 22%|#######                         | 92/418 [00:05<00:17, 18.72it/s]
 22%|#######1                        | 94/418 [00:05<00:17, 18.68it/s]
 23%|#######3                        | 96/418 [00:05<00:18, 17.70it/s]
 23%|#######5                        | 98/418 [00:05<00:17, 18.07it/s]
 24%|#######4                       | 100/418 [00:05<00:17, 18.29it/s]
 24%|#######5                       | 102/418 [00:05<00:17, 18.53it/s]
 25%|#######7                       | 104/418 [00:05<00:16, 18.48it/s]
 25%|#######8                       | 106/418 [00:05<00:16, 18.67it/s]
 26%|########                       | 108/418 [00:05<00:16, 18.81it/s]
 26%|########1                      | 110/418 [00:05<00:16, 18.87it/s]
 27%|########3                      | 112/418 [00:06<00:16, 18.75it/s]
 27%|########4                      | 114/418 [00:06<00:16, 18.76it/s]
 28%|########6                      | 116/418 [00:06<00:16, 17.81it/s]
 28%|########7                      | 118/418 [00:06<00:16, 18.06it/s]
 29%|########8                      | 120/418 [00:06<00:17, 17.50it/s]
 29%|#########                      | 122/418 [00:06<00:16, 17.82it/s]
 30%|#########1                     | 124/418 [00:06<00:16, 18.02it/s]
 30%|#########3                     | 126/418 [00:06<00:15, 18.34it/s]
 31%|#########4                     | 128/418 [00:06<00:15, 18.54it/s]
 31%|#########6                     | 130/418 [00:07<00:16, 17.75it/s]
 32%|#########7                     | 132/418 [00:07<00:15, 18.08it/s]
 32%|#########9                     | 134/418 [00:07<00:15, 18.37it/s]
 33%|##########                     | 136/418 [00:07<00:15, 18.57it/s]
 33%|##########2                    | 138/418 [00:07<00:15, 18.51it/s]
 33%|##########3                    | 140/418 [00:07<00:14, 18.59it/s]
 34%|##########5                    | 142/418 [00:07<00:14, 18.63it/s]
 34%|##########6                    | 144/418 [00:07<00:14, 18.54it/s]
 35%|##########8                    | 146/418 [00:07<00:14, 18.63it/s]
 35%|##########9                    | 148/418 [00:08<00:15, 17.83it/s]
 36%|###########1                   | 150/418 [00:08<00:14, 18.23it/s]
 36%|###########2                   | 152/418 [00:08<00:14, 18.32it/s]
 37%|###########4                   | 154/418 [00:08<00:14, 18.44it/s]
 37%|###########5                   | 156/418 [00:08<00:14, 18.62it/s]
 38%|###########7                   | 158/418 [00:08<00:13, 18.69it/s]
 38%|###########8                   | 160/418 [00:08<00:13, 18.84it/s]
 39%|############                   | 162/418 [00:08<00:13, 18.89it/s]
 39%|############1                  | 164/418 [00:08<00:13, 19.04it/s]
 40%|############3                  | 166/418 [00:09<00:13, 19.06it/s]
 40%|############4                  | 168/418 [00:09<00:13, 19.14it/s]
 41%|############6                  | 170/418 [00:09<00:13, 19.04it/s]
 41%|############7                  | 172/418 [00:09<00:12, 19.00it/s]
 42%|############9                  | 174/418 [00:09<00:12, 18.83it/s]
 42%|#############                  | 176/418 [00:09<00:12, 18.91it/s]
 43%|#############2                 | 178/418 [00:09<00:12, 18.84it/s]
 43%|#############3                 | 180/418 [00:09<00:12, 18.78it/s]
 44%|#############4                 | 182/418 [00:09<00:12, 18.97it/s]
 44%|#############6                 | 184/418 [00:09<00:12, 19.02it/s]
 44%|#############7                 | 186/418 [00:10<00:12, 18.54it/s]
 45%|#############9                 | 188/418 [00:10<00:12, 18.59it/s]
 45%|##############                 | 190/418 [00:10<00:12, 18.75it/s]
 46%|##############2                | 192/418 [00:10<00:12, 18.81it/s]
 46%|##############3                | 194/418 [00:10<00:11, 18.87it/s]
 47%|##############5                | 196/418 [00:10<00:11, 18.97it/s]
 47%|##############6                | 198/418 [00:10<00:11, 19.07it/s]
 48%|##############8                | 200/418 [00:10<00:11, 19.05it/s]
 48%|##############9                | 202/418 [00:10<00:11, 19.08it/s]
 49%|###############1               | 204/418 [00:11<00:11, 19.02it/s]
 49%|###############2               | 206/418 [00:11<00:11, 19.08it/s]
 50%|###############4               | 208/418 [00:11<00:10, 19.10it/s]
 50%|###############5               | 210/418 [00:11<00:10, 19.12it/s]
 51%|###############7               | 212/418 [00:11<00:10, 19.05it/s]
 51%|###############8               | 214/418 [00:11<00:10, 19.03it/s]
 52%|################               | 216/418 [00:11<00:10, 19.08it/s]
 52%|################1              | 218/418 [00:11<00:10, 19.15it/s]
 53%|################3              | 220/418 [00:11<00:10, 19.12it/s]
 53%|################4              | 222/418 [00:11<00:10, 18.99it/s]
 54%|################6              | 224/418 [00:12<00:10, 18.90it/s]
 54%|################7              | 226/418 [00:12<00:10, 18.87it/s]
 55%|################9              | 228/418 [00:12<00:10, 18.80it/s]
 55%|#################              | 230/418 [00:12<00:10, 18.79it/s]
 56%|#################2             | 232/418 [00:12<00:09, 18.86it/s]
 56%|#################3             | 234/418 [00:12<00:09, 18.75it/s]
 56%|#################5             | 236/418 [00:12<00:09, 18.75it/s]
 57%|#################6             | 238/418 [00:12<00:09, 18.83it/s]
 57%|#################7             | 240/418 [00:12<00:09, 18.88it/s]
 58%|#################9             | 242/418 [00:13<00:09, 18.83it/s]
 58%|##################             | 244/418 [00:13<00:09, 18.80it/s]
 59%|##################2            | 246/418 [00:13<00:09, 17.85it/s]
 59%|##################3            | 248/418 [00:13<00:09, 17.18it/s]
 60%|##################5            | 250/418 [00:13<00:09, 17.66it/s]
 60%|##################6            | 252/418 [00:13<00:09, 17.96it/s]
 61%|##################8            | 254/418 [00:13<00:08, 18.23it/s]
 61%|##################9            | 256/418 [00:13<00:08, 18.43it/s]
 62%|###################1           | 258/418 [00:13<00:08, 18.57it/s]
 62%|###################2           | 260/418 [00:14<00:08, 18.65it/s]
 63%|###################4           | 262/418 [00:14<00:08, 18.80it/s]
 63%|###################5           | 264/418 [00:14<00:08, 18.72it/s]
 64%|###################7           | 266/418 [00:14<00:08, 18.74it/s]
 64%|###################8           | 268/418 [00:14<00:08, 18.73it/s]
 65%|####################           | 270/418 [00:14<00:07, 18.74it/s]
 65%|####################1          | 272/418 [00:14<00:07, 18.86it/s]
 66%|####################3          | 274/418 [00:14<00:07, 18.79it/s]
 66%|####################4          | 276/418 [00:14<00:07, 18.83it/s]
 67%|####################6          | 278/418 [00:14<00:07, 18.81it/s]
 67%|####################7          | 280/418 [00:15<00:07, 18.72it/s]
 67%|####################9          | 282/418 [00:15<00:07, 18.96it/s]
 68%|#####################          | 284/418 [00:15<00:07, 18.94it/s]
 68%|#####################2         | 286/418 [00:15<00:06, 18.92it/s]
 69%|#####################3         | 288/418 [00:15<00:06, 18.92it/s]
 69%|#####################5         | 290/418 [00:15<00:06, 18.93it/s]
 70%|#####################6         | 292/418 [00:15<00:06, 18.88it/s]
 70%|#####################8         | 294/418 [00:15<00:06, 18.84it/s]
 71%|#####################9         | 296/418 [00:15<00:06, 18.83it/s]
 71%|######################1        | 298/418 [00:16<00:06, 18.86it/s]
 72%|######################2        | 300/418 [00:16<00:06, 18.79it/s]
 72%|######################3        | 302/418 [00:16<00:06, 18.73it/s]
 73%|######################5        | 304/418 [00:16<00:06, 18.78it/s]
 73%|######################6        | 306/418 [00:16<00:05, 18.77it/s]
 74%|######################8        | 308/418 [00:16<00:05, 18.82it/s]
 74%|######################9        | 310/418 [00:16<00:05, 18.89it/s]
 75%|#######################1       | 312/418 [00:16<00:05, 18.91it/s]
 75%|#######################2       | 314/418 [00:16<00:05, 18.98it/s]
 76%|#######################4       | 316/418 [00:17<00:05, 19.00it/s]
 76%|#######################5       | 318/418 [00:17<00:05, 19.09it/s]
 77%|#######################7       | 320/418 [00:17<00:05, 19.02it/s]
 77%|#######################8       | 322/418 [00:17<00:05, 18.85it/s]
 78%|########################       | 324/418 [00:17<00:04, 18.84it/s]
 78%|########################1      | 326/418 [00:17<00:04, 18.92it/s]
 78%|########################3      | 328/418 [00:17<00:04, 18.91it/s]
 79%|########################4      | 330/418 [00:17<00:04, 18.97it/s]
 79%|########################6      | 332/418 [00:17<00:04, 18.94it/s]
 80%|########################7      | 334/418 [00:17<00:04, 18.89it/s]
 80%|########################9      | 336/418 [00:18<00:04, 18.87it/s]
 81%|#########################      | 338/418 [00:18<00:04, 18.91it/s]
 81%|#########################2     | 340/418 [00:18<00:04, 18.97it/s]
 82%|#########################3     | 342/418 [00:18<00:03, 19.19it/s]
 82%|#########################5     | 344/418 [00:18<00:03, 19.13it/s]
 83%|#########################6     | 346/418 [00:18<00:03, 19.11it/s]
 83%|#########################8     | 348/418 [00:18<00:03, 19.07it/s]
 84%|#########################9     | 350/418 [00:18<00:03, 19.06it/s]
 84%|##########################1    | 352/418 [00:18<00:03, 18.98it/s]
 85%|##########################2    | 354/418 [00:19<00:03, 18.90it/s]
 85%|##########################4    | 356/418 [00:19<00:03, 18.87it/s]
 86%|##########################5    | 358/418 [00:19<00:03, 18.90it/s]
 86%|##########################6    | 360/418 [00:19<00:03, 18.81it/s]
 87%|##########################8    | 362/418 [00:19<00:02, 18.94it/s]
 87%|##########################9    | 364/418 [00:19<00:02, 19.11it/s]
 88%|###########################1   | 366/418 [00:19<00:02, 19.05it/s]
 88%|###########################2   | 368/418 [00:19<00:02, 18.96it/s]
 89%|###########################4   | 370/418 [00:19<00:02, 18.93it/s]
 89%|###########################5   | 372/418 [00:19<00:02, 18.89it/s]
 89%|###########################7   | 374/418 [00:20<00:02, 18.97it/s]
 90%|###########################8   | 376/418 [00:20<00:02, 18.99it/s]
 90%|############################   | 378/418 [00:20<00:02, 18.90it/s]
 91%|############################1  | 380/418 [00:20<00:02, 18.89it/s]
 91%|############################3  | 382/418 [00:20<00:01, 18.98it/s]
 92%|############################4  | 384/418 [00:20<00:01, 19.07it/s]
 92%|############################6  | 386/418 [00:20<00:01, 18.95it/s]
 93%|############################7  | 388/418 [00:20<00:01, 18.95it/s]
 93%|############################9  | 390/418 [00:20<00:01, 18.96it/s]
 94%|#############################  | 392/418 [00:21<00:01, 18.91it/s]
 94%|#############################2 | 394/418 [00:21<00:01, 18.88it/s]
 95%|#############################3 | 396/418 [00:21<00:01, 18.89it/s]
 95%|#############################5 | 398/418 [00:21<00:01, 18.86it/s]
 96%|#############################6 | 400/418 [00:21<00:00, 18.85it/s]
 96%|#############################8 | 402/418 [00:21<00:00, 18.97it/s]
 97%|#############################9 | 404/418 [00:21<00:00, 18.88it/s]
 97%|##############################1| 406/418 [00:21<00:00, 18.81it/s]
 98%|##############################2| 408/418 [00:21<00:00, 18.77it/s]
 98%|##############################4| 410/418 [00:21<00:00, 18.70it/s]
 99%|##############################5| 412/418 [00:22<00:00, 18.66it/s]
 99%|##############################7| 414/418 [00:22<00:00, 18.78it/s]
100%|##############################8| 416/418 [00:22<00:00, 17.76it/s]
100%|###############################| 418/418 [00:22<00:00, 18.15it/s]
100%|###############################| 418/418 [00:22<00:00, 18.65it/s]
[SEAL Epoch 3] loss=0.5247

[SEAL Epoch 4/20] Run 1/1 - training...

  0%|                                         | 0/418 [00:00<?, ?it/s]
  0%|1                                | 2/418 [00:00<00:29, 14.07it/s]
  1%|3                                | 4/418 [00:00<00:25, 16.21it/s]
  1%|4                                | 6/418 [00:01<01:25,  4.84it/s]
  2%|6                                | 8/418 [00:01<00:59,  6.87it/s]
  2%|7                               | 10/418 [00:01<00:45,  8.96it/s]
  3%|9                               | 12/418 [00:01<00:38, 10.55it/s]
  3%|#                               | 14/418 [00:01<00:32, 12.34it/s]
  4%|#2                              | 16/418 [00:01<00:29, 13.84it/s]
  4%|#3                              | 18/418 [00:01<00:26, 15.06it/s]
  5%|#5                              | 20/418 [00:01<00:24, 16.09it/s]
  5%|#6                              | 22/418 [00:01<00:23, 16.85it/s]
  6%|#8                              | 24/418 [00:01<00:22, 17.46it/s]
  6%|#9                              | 26/418 [00:02<00:21, 17.93it/s]
  7%|##1                             | 28/418 [00:02<00:21, 18.39it/s]
  7%|##2                             | 30/418 [00:02<00:20, 18.59it/s]
  8%|##4                             | 32/418 [00:02<00:20, 18.71it/s]
  8%|##6                             | 34/418 [00:02<00:20, 18.72it/s]
  9%|##7                             | 36/418 [00:02<00:20, 18.71it/s]
  9%|##9                             | 38/418 [00:02<00:20, 18.78it/s]
 10%|###                             | 40/418 [00:02<00:20, 18.76it/s]
 10%|###2                            | 42/418 [00:02<00:20, 18.74it/s]
 11%|###3                            | 44/418 [00:03<00:19, 18.75it/s]
 11%|###5                            | 46/418 [00:03<00:20, 18.01it/s]
 11%|###6                            | 48/418 [00:03<00:20, 18.36it/s]
 12%|###8                            | 50/418 [00:03<00:19, 18.53it/s]
 12%|###9                            | 52/418 [00:03<00:19, 18.68it/s]
 13%|####1                           | 54/418 [00:03<00:19, 18.58it/s]
 13%|####2                           | 56/418 [00:03<00:19, 18.70it/s]
 14%|####4                           | 58/418 [00:03<00:19, 18.62it/s]
 14%|####5                           | 60/418 [00:03<00:19, 18.61it/s]
 15%|####7                           | 62/418 [00:04<00:19, 18.71it/s]
 15%|####8                           | 64/418 [00:04<00:19, 18.61it/s]
 16%|#####                           | 66/418 [00:04<00:18, 18.65it/s]
 16%|#####2                          | 68/418 [00:04<00:18, 18.62it/s]
 17%|#####3                          | 70/418 [00:04<00:19, 17.71it/s]
 17%|#####5                          | 72/418 [00:04<00:19, 18.02it/s]
 18%|#####6                          | 74/418 [00:04<00:18, 18.25it/s]
 18%|#####8                          | 76/418 [00:04<00:18, 18.42it/s]
 19%|#####9                          | 78/418 [00:04<00:18, 18.62it/s]
 19%|######1                         | 80/418 [00:04<00:18, 18.62it/s]
 20%|######2                         | 82/418 [00:05<00:18, 18.65it/s]
 20%|######4                         | 84/418 [00:05<00:17, 18.68it/s]
 21%|######5                         | 86/418 [00:05<00:17, 18.65it/s]
 21%|######7                         | 88/418 [00:05<00:17, 18.56it/s]
 22%|######8                         | 90/418 [00:05<00:17, 18.63it/s]
 22%|#######                         | 92/418 [00:05<00:17, 18.61it/s]
 22%|#######1                        | 94/418 [00:05<00:17, 18.68it/s]
 23%|#######3                        | 96/418 [00:05<00:18, 17.69it/s]
 23%|#######5                        | 98/418 [00:05<00:17, 17.97it/s]
 24%|#######4                       | 100/418 [00:06<00:17, 18.17it/s]
 24%|#######5                       | 102/418 [00:06<00:17, 18.34it/s]
 25%|#######7                       | 104/418 [00:06<00:17, 18.43it/s]
 25%|#######8                       | 106/418 [00:06<00:16, 18.75it/s]
 26%|########                       | 108/418 [00:06<00:16, 18.78it/s]
 26%|########1                      | 110/418 [00:06<00:16, 18.79it/s]
 27%|########3                      | 112/418 [00:06<00:16, 18.79it/s]
 27%|########4                      | 114/418 [00:06<00:16, 18.80it/s]
 28%|########6                      | 116/418 [00:06<00:16, 18.82it/s]
 28%|########7                      | 118/418 [00:07<00:15, 18.78it/s]
 29%|########8                      | 120/418 [00:07<00:15, 18.76it/s]
 29%|#########                      | 122/418 [00:07<00:15, 18.88it/s]
 30%|#########1                     | 124/418 [00:07<00:15, 18.88it/s]
 30%|#########3                     | 126/418 [00:07<00:15, 18.79it/s]
 31%|#########4                     | 128/418 [00:07<00:15, 18.82it/s]
 31%|#########6                     | 130/418 [00:07<00:16, 17.85it/s]
 32%|#########7                     | 132/418 [00:07<00:16, 17.23it/s]
 32%|#########9                     | 134/418 [00:07<00:16, 17.65it/s]
 33%|##########                     | 136/418 [00:08<00:16, 17.10it/s]
 33%|##########2                    | 138/418 [00:08<00:15, 17.54it/s]
 33%|##########3                    | 140/418 [00:08<00:15, 17.83it/s]
 34%|##########5                    | 142/418 [00:08<00:15, 18.08it/s]
 34%|##########6                    | 144/418 [00:08<00:15, 18.11it/s]
 35%|##########8                    | 146/418 [00:08<00:14, 18.34it/s]
 35%|##########9                    | 148/418 [00:08<00:14, 18.43it/s]
 36%|###########1                   | 150/418 [00:08<00:14, 18.49it/s]
 36%|###########2                   | 152/418 [00:08<00:15, 17.67it/s]
 37%|###########4                   | 154/418 [00:09<00:14, 18.03it/s]
 37%|###########5                   | 156/418 [00:09<00:14, 18.25it/s]
 38%|###########7                   | 158/418 [00:09<00:14, 18.48it/s]
 38%|###########8                   | 160/418 [00:09<00:13, 18.58it/s]
 39%|############                   | 162/418 [00:09<00:13, 18.68it/s]
 39%|############1                  | 164/418 [00:09<00:14, 17.81it/s]
 40%|############3                  | 166/418 [00:09<00:13, 18.06it/s]
 40%|############4                  | 168/418 [00:09<00:13, 18.28it/s]
 41%|############6                  | 170/418 [00:09<00:13, 18.54it/s]
 41%|############7                  | 172/418 [00:10<00:13, 18.60it/s]
 42%|############9                  | 174/418 [00:10<00:13, 18.66it/s]
 42%|#############                  | 176/418 [00:10<00:12, 18.77it/s]
 43%|#############2                 | 178/418 [00:10<00:12, 18.62it/s]
 43%|#############3                 | 180/418 [00:10<00:12, 18.64it/s]
 44%|#############4                 | 182/418 [00:10<00:12, 18.69it/s]
 44%|#############6                 | 184/418 [00:10<00:12, 18.84it/s]
 44%|#############7                 | 186/418 [00:10<00:12, 18.90it/s]
 45%|#############9                 | 188/418 [00:10<00:12, 18.81it/s]
 45%|##############                 | 190/418 [00:10<00:12, 18.81it/s]
 46%|##############2                | 192/418 [00:11<00:12, 17.87it/s]
 46%|##############3                | 194/418 [00:11<00:12, 18.25it/s]
 47%|##############5                | 196/418 [00:11<00:12, 18.41it/s]
 47%|##############6                | 198/418 [00:11<00:11, 18.57it/s]
 48%|##############8                | 200/418 [00:11<00:11, 18.63it/s]
 48%|##############9                | 202/418 [00:11<00:11, 18.62it/s]
 49%|###############1               | 204/418 [00:11<00:12, 17.79it/s]
 49%|###############2               | 206/418 [00:11<00:12, 17.17it/s]
 50%|###############4               | 208/418 [00:11<00:11, 17.57it/s]
 50%|###############5               | 210/418 [00:12<00:11, 17.93it/s]
 51%|###############7               | 212/418 [00:12<00:11, 18.14it/s]
 51%|###############8               | 214/418 [00:12<00:11, 18.32it/s]
 52%|################               | 216/418 [00:12<00:10, 18.49it/s]
 52%|################1              | 218/418 [00:12<00:11, 17.59it/s]
 53%|################3              | 220/418 [00:12<00:10, 18.04it/s]
 53%|################4              | 222/418 [00:12<00:10, 18.33it/s]
 54%|################6              | 224/418 [00:12<00:10, 18.62it/s]
 54%|################7              | 226/418 [00:12<00:10, 18.66it/s]
 55%|################9              | 228/418 [00:13<00:10, 18.72it/s]
 55%|#################              | 230/418 [00:13<00:10, 18.79it/s]
 56%|#################2             | 232/418 [00:13<00:09, 18.80it/s]
 56%|#################3             | 234/418 [00:13<00:09, 18.75it/s]
 56%|#################5             | 236/418 [00:13<00:09, 18.84it/s]
 57%|#################6             | 238/418 [00:13<00:09, 18.75it/s]
 57%|#################7             | 240/418 [00:13<00:09, 18.84it/s]
 58%|#################9             | 242/418 [00:13<00:09, 18.80it/s]
 58%|##################             | 244/418 [00:13<00:09, 18.93it/s]
 59%|##################2            | 246/418 [00:14<00:09, 18.90it/s]
 59%|##################3            | 248/418 [00:14<00:09, 18.89it/s]
 60%|##################5            | 250/418 [00:14<00:09, 17.98it/s]
 60%|##################6            | 252/418 [00:14<00:09, 18.31it/s]
 61%|##################8            | 254/418 [00:14<00:08, 18.54it/s]
 61%|##################9            | 256/418 [00:14<00:08, 18.55it/s]
 62%|###################1           | 258/418 [00:14<00:08, 18.68it/s]
 62%|###################2           | 260/418 [00:14<00:08, 18.70it/s]
 63%|###################4           | 262/418 [00:14<00:08, 17.77it/s]
 63%|###################5           | 264/418 [00:15<00:09, 17.08it/s]
 64%|###################7           | 266/418 [00:15<00:08, 17.44it/s]
 64%|###################8           | 268/418 [00:15<00:08, 17.75it/s]
 65%|####################           | 270/418 [00:15<00:08, 18.04it/s]
 65%|####################1          | 272/418 [00:15<00:07, 18.33it/s]
 66%|####################3          | 274/418 [00:15<00:07, 18.48it/s]
 66%|####################4          | 276/418 [00:15<00:07, 18.61it/s]
 67%|####################6          | 278/418 [00:15<00:07, 18.67it/s]
 67%|####################7          | 280/418 [00:15<00:07, 18.67it/s]
 67%|####################9          | 282/418 [00:15<00:07, 18.87it/s]
 68%|#####################          | 284/418 [00:16<00:07, 18.93it/s]
 68%|#####################2         | 286/418 [00:16<00:07, 18.79it/s]
 69%|#####################3         | 288/418 [00:16<00:06, 18.71it/s]
 69%|#####################5         | 290/418 [00:16<00:06, 18.71it/s]
 70%|#####################6         | 292/418 [00:16<00:06, 18.64it/s]
 70%|#####################8         | 294/418 [00:16<00:06, 18.68it/s]
 71%|#####################9         | 296/418 [00:16<00:06, 18.78it/s]
 71%|######################1        | 298/418 [00:16<00:06, 18.83it/s]
 72%|######################2        | 300/418 [00:16<00:06, 18.82it/s]
 72%|######################3        | 302/418 [00:17<00:06, 18.89it/s]
 73%|######################5        | 304/418 [00:17<00:06, 18.83it/s]
 73%|######################6        | 306/418 [00:17<00:05, 18.80it/s]
 74%|######################8        | 308/418 [00:17<00:05, 18.84it/s]
 74%|######################9        | 310/418 [00:17<00:05, 18.88it/s]
 75%|#######################1       | 312/418 [00:17<00:05, 18.78it/s]
 75%|#######################2       | 314/418 [00:17<00:05, 18.87it/s]
 76%|#######################4       | 316/418 [00:17<00:05, 18.76it/s]
 76%|#######################5       | 318/418 [00:17<00:05, 18.72it/s]
 77%|#######################7       | 320/418 [00:17<00:05, 18.76it/s]
 77%|#######################8       | 322/418 [00:18<00:05, 18.90it/s]
 78%|########################       | 324/418 [00:18<00:05, 18.78it/s]
 78%|########################1      | 326/418 [00:18<00:04, 18.78it/s]
 78%|########################3      | 328/418 [00:18<00:04, 18.83it/s]
 79%|########################4      | 330/418 [00:18<00:04, 18.76it/s]
 79%|########################6      | 332/418 [00:18<00:04, 18.87it/s]
 80%|########################7      | 334/418 [00:18<00:04, 18.80it/s]
 80%|########################9      | 336/418 [00:18<00:04, 18.78it/s]
 81%|#########################      | 338/418 [00:18<00:04, 18.77it/s]
 81%|#########################2     | 340/418 [00:19<00:04, 18.74it/s]
 82%|#########################3     | 342/418 [00:19<00:04, 18.77it/s]
 82%|#########################5     | 344/418 [00:19<00:03, 18.72it/s]
 83%|#########################6     | 346/418 [00:19<00:03, 18.79it/s]
 83%|#########################8     | 348/418 [00:19<00:03, 18.79it/s]
 84%|#########################9     | 350/418 [00:19<00:03, 18.74it/s]
 84%|##########################1    | 352/418 [00:19<00:03, 18.80it/s]
 85%|##########################2    | 354/418 [00:19<00:03, 18.82it/s]
 85%|##########################4    | 356/418 [00:19<00:03, 18.80it/s]
 86%|##########################5    | 358/418 [00:20<00:03, 18.88it/s]
 86%|##########################6    | 360/418 [00:20<00:03, 18.81it/s]
 87%|##########################8    | 362/418 [00:20<00:03, 18.60it/s]
 87%|##########################9    | 364/418 [00:20<00:03, 17.51it/s]
 88%|###########################1   | 366/418 [00:20<00:02, 17.89it/s]
 88%|###########################2   | 368/418 [00:20<00:02, 18.27it/s]
 89%|###########################4   | 370/418 [00:20<00:02, 18.41it/s]
 89%|###########################5   | 372/418 [00:20<00:02, 18.56it/s]
 89%|###########################7   | 374/418 [00:20<00:02, 18.58it/s]
 90%|###########################8   | 376/418 [00:21<00:02, 18.64it/s]
 90%|############################   | 378/418 [00:21<00:02, 18.71it/s]
 91%|############################1  | 380/418 [00:21<00:02, 18.50it/s]
 91%|############################3  | 382/418 [00:21<00:02, 17.63it/s]
 92%|############################4  | 384/418 [00:21<00:01, 17.95it/s]
 92%|############################6  | 386/418 [00:21<00:01, 18.09it/s]
 93%|############################7  | 388/418 [00:21<00:01, 18.41it/s]
 93%|############################9  | 390/418 [00:21<00:01, 18.43it/s]
 94%|#############################  | 392/418 [00:21<00:01, 18.48it/s]
 94%|#############################2 | 394/418 [00:21<00:01, 18.55it/s]
 95%|#############################3 | 396/418 [00:22<00:01, 18.58it/s]
 95%|#############################5 | 398/418 [00:22<00:01, 18.56it/s]
 96%|#############################6 | 400/418 [00:22<00:00, 18.37it/s]
 96%|#############################8 | 402/418 [00:22<00:00, 18.38it/s]
 97%|#############################9 | 404/418 [00:22<00:00, 18.48it/s]
 97%|##############################1| 406/418 [00:22<00:00, 18.55it/s]
 98%|##############################2| 408/418 [00:22<00:00, 18.68it/s]
 98%|##############################4| 410/418 [00:22<00:00, 18.71it/s]
 99%|##############################5| 412/418 [00:22<00:00, 18.77it/s]
 99%|##############################7| 414/418 [00:23<00:00, 18.75it/s]
100%|##############################8| 416/418 [00:23<00:00, 18.73it/s]
100%|###############################| 418/418 [00:23<00:00, 18.72it/s]
100%|###############################| 418/418 [00:23<00:00, 17.96it/s]
[SEAL Epoch 4] loss=0.5208

[SEAL Epoch 5/20] Run 1/1 - training...

  0%|                                         | 0/418 [00:00<?, ?it/s]
  0%|1                                | 2/418 [00:00<00:23, 17.58it/s]
  1%|3                                | 4/418 [00:00<00:22, 18.03it/s]
  1%|4                                | 6/418 [00:00<00:22, 18.35it/s]
  2%|6                                | 8/418 [00:00<00:22, 18.56it/s]
  2%|7                               | 10/418 [00:00<00:23, 17.61it/s]
  3%|9                               | 12/418 [00:00<00:22, 18.08it/s]
  3%|#                               | 14/418 [00:00<00:22, 18.31it/s]
  4%|#2                              | 16/418 [00:00<00:21, 18.51it/s]
  4%|#3                              | 18/418 [00:00<00:21, 18.56it/s]
  5%|#5                              | 20/418 [00:01<00:21, 18.42it/s]
  5%|#6                              | 22/418 [00:01<00:21, 18.39it/s]
  6%|#8                              | 24/418 [00:01<00:21, 18.47it/s]
  6%|#9                              | 26/418 [00:01<00:21, 18.66it/s]
  7%|##1                             | 28/418 [00:01<00:20, 18.71it/s]
  7%|##2                             | 30/418 [00:01<00:20, 18.79it/s]
  8%|##4                             | 32/418 [00:01<00:20, 18.74it/s]
  8%|##6                             | 34/418 [00:01<00:20, 18.92it/s]
  9%|##7                             | 36/418 [00:01<00:20, 18.91it/s]
  9%|##9                             | 38/418 [00:02<00:20, 18.84it/s]
 10%|###                             | 40/418 [00:02<00:20, 18.81it/s]
 10%|###2                            | 42/418 [00:02<00:20, 18.79it/s]
 11%|###3                            | 44/418 [00:02<00:19, 18.76it/s]
 11%|###5                            | 46/418 [00:02<00:19, 18.92it/s]
 11%|###6                            | 48/418 [00:02<00:19, 18.97it/s]
 12%|###8                            | 50/418 [00:02<00:19, 18.99it/s]
 12%|###9                            | 52/418 [00:02<00:19, 18.97it/s]
 13%|####1                           | 54/418 [00:02<00:19, 18.97it/s]
 13%|####2                           | 56/418 [00:03<00:20, 18.02it/s]
 14%|####4                           | 58/418 [00:03<00:19, 18.04it/s]
 14%|####5                           | 60/418 [00:03<00:19, 18.28it/s]
 15%|####7                           | 62/418 [00:03<00:19, 18.44it/s]
 15%|####8                           | 64/418 [00:03<00:19, 18.02it/s]
 16%|#####                           | 66/418 [00:03<00:19, 17.79it/s]
 16%|#####2                          | 68/418 [00:03<00:19, 18.11it/s]
 17%|#####3                          | 70/418 [00:03<00:18, 18.35it/s]
 17%|#####5                          | 72/418 [00:03<00:18, 18.56it/s]
 18%|#####6                          | 74/418 [00:03<00:18, 18.49it/s]
 18%|#####8                          | 76/418 [00:04<00:18, 18.68it/s]
 19%|#####9                          | 78/418 [00:04<00:18, 18.87it/s]
 19%|######1                         | 80/418 [00:04<00:17, 18.96it/s]
 20%|######2                         | 82/418 [00:04<00:17, 18.99it/s]
 20%|######4                         | 84/418 [00:04<00:17, 18.96it/s]
 21%|######5                         | 86/418 [00:04<00:17, 18.90it/s]
 21%|######7                         | 88/418 [00:04<00:17, 19.01it/s]
 22%|######8                         | 90/418 [00:04<00:17, 18.93it/s]
 22%|#######                         | 92/418 [00:04<00:17, 18.92it/s]
 22%|#######1                        | 94/418 [00:05<00:17, 18.92it/s]
 23%|#######3                        | 96/418 [00:05<00:17, 18.87it/s]
 23%|#######5                        | 98/418 [00:05<00:17, 18.81it/s]
 24%|#######4                       | 100/418 [00:05<00:16, 18.99it/s]
 24%|#######5                       | 102/418 [00:05<00:16, 18.91it/s]
 25%|#######7                       | 104/418 [00:05<00:16, 18.72it/s]
 25%|#######8                       | 106/418 [00:05<00:16, 18.72it/s]
 26%|########                       | 108/418 [00:05<00:16, 18.76it/s]
 26%|########1                      | 110/418 [00:05<00:16, 18.78it/s]
 27%|########3                      | 112/418 [00:06<00:16, 18.80it/s]
 27%|########4                      | 114/418 [00:06<00:16, 18.84it/s]
 28%|########6                      | 116/418 [00:06<00:15, 18.88it/s]
 28%|########7                      | 118/418 [00:06<00:15, 18.81it/s]
 29%|########8                      | 120/418 [00:06<00:15, 18.92it/s]
 29%|#########                      | 122/418 [00:06<00:15, 18.98it/s]
 30%|#########1                     | 124/418 [00:06<00:15, 18.91it/s]
 30%|#########3                     | 126/418 [00:06<00:15, 18.87it/s]
 31%|#########4                     | 128/418 [00:06<00:15, 18.87it/s]
 31%|#########6                     | 130/418 [00:06<00:15, 18.90it/s]
 32%|#########7                     | 132/418 [00:07<00:15, 19.00it/s]
 32%|#########9                     | 134/418 [00:07<00:14, 19.00it/s]
 33%|##########                     | 136/418 [00:07<00:14, 18.91it/s]
 33%|##########2                    | 138/418 [00:07<00:14, 18.97it/s]
 33%|##########3                    | 140/418 [00:07<00:14, 18.77it/s]
 34%|##########5                    | 142/418 [00:07<00:14, 18.97it/s]
 34%|##########6                    | 144/418 [00:07<00:14, 19.03it/s]
 35%|##########8                    | 146/418 [00:07<00:14, 19.05it/s]
 35%|##########9                    | 148/418 [00:07<00:14, 18.97it/s]
 36%|###########1                   | 150/418 [00:08<00:14, 18.92it/s]
 36%|###########2                   | 152/418 [00:08<00:13, 19.00it/s]
 37%|###########4                   | 154/418 [00:08<00:14, 18.81it/s]
 37%|###########5                   | 156/418 [00:08<00:14, 18.02it/s]
 38%|###########7                   | 158/418 [00:08<00:14, 18.28it/s]
 38%|###########8                   | 160/418 [00:08<00:13, 18.47it/s]
 39%|############                   | 162/418 [00:08<00:14, 18.23it/s]
 39%|############1                  | 164/418 [00:08<00:13, 18.39it/s]
 40%|############3                  | 166/418 [00:08<00:13, 18.49it/s]
 40%|############4                  | 168/418 [00:08<00:13, 18.56it/s]
 41%|############6                  | 170/418 [00:09<00:13, 18.65it/s]
 41%|############7                  | 172/418 [00:09<00:13, 18.67it/s]
 42%|############9                  | 174/418 [00:09<00:13, 18.74it/s]
 42%|#############                  | 176/418 [00:09<00:12, 18.62it/s]
 43%|#############2                 | 178/418 [00:09<00:12, 18.77it/s]
 43%|#############3                 | 180/418 [00:09<00:12, 18.76it/s]
 44%|#############4                 | 182/418 [00:09<00:12, 18.91it/s]
 44%|#############6                 | 184/418 [00:09<00:12, 19.00it/s]
 44%|#############7                 | 186/418 [00:09<00:12, 19.00it/s]
 45%|#############9                 | 188/418 [00:10<00:12, 18.93it/s]
 45%|##############                 | 190/418 [00:10<00:12, 18.97it/s]
 46%|##############2                | 192/418 [00:10<00:11, 18.92it/s]
 46%|##############3                | 194/418 [00:10<00:11, 18.95it/s]
 47%|##############5                | 196/418 [00:10<00:11, 18.84it/s]
 47%|##############6                | 198/418 [00:11<00:32,  6.69it/s]
 48%|##############8                | 200/418 [00:11<00:26,  8.29it/s]
 48%|##############9                | 202/418 [00:11<00:21,  9.96it/s]
 49%|###############1               | 204/418 [00:11<00:18, 11.65it/s]
 49%|###############2               | 206/418 [00:11<00:16, 13.16it/s]
 50%|###############4               | 208/418 [00:11<00:14, 14.41it/s]
 50%|###############5               | 210/418 [00:11<00:13, 15.44it/s]
 51%|###############7               | 212/418 [00:11<00:12, 16.38it/s]
 51%|###############8               | 214/418 [00:12<00:11, 17.05it/s]
 52%|################               | 216/418 [00:12<00:11, 17.47it/s]
 52%|################1              | 218/418 [00:12<00:11, 17.79it/s]
 53%|################3              | 220/418 [00:12<00:10, 18.15it/s]
 53%|################4              | 222/418 [00:12<00:11, 17.47it/s]
 54%|################6              | 224/418 [00:12<00:10, 17.97it/s]
 54%|################7              | 226/418 [00:12<00:10, 18.21it/s]
 55%|################9              | 228/418 [00:12<00:10, 17.36it/s]
 55%|#################              | 230/418 [00:12<00:10, 17.79it/s]
 56%|#################2             | 232/418 [00:13<00:10, 18.06it/s]
 56%|#################3             | 234/418 [00:13<00:10, 18.32it/s]
 56%|#################5             | 236/418 [00:13<00:10, 17.57it/s]
 57%|#################6             | 238/418 [00:13<00:10, 17.94it/s]
 57%|#################7             | 240/418 [00:13<00:09, 18.06it/s]
 58%|#################9             | 242/418 [00:13<00:09, 18.11it/s]
 58%|##################             | 244/418 [00:13<00:09, 18.34it/s]
 59%|##################2            | 246/418 [00:13<00:09, 18.40it/s]
 59%|##################3            | 248/418 [00:13<00:09, 18.46it/s]
 60%|##################5            | 250/418 [00:14<00:09, 18.59it/s]
 60%|##################6            | 252/418 [00:14<00:08, 18.72it/s]
 61%|##################8            | 254/418 [00:14<00:08, 18.80it/s]
 61%|##################9            | 256/418 [00:14<00:08, 18.71it/s]
 62%|###################1           | 258/418 [00:14<00:08, 18.67it/s]
 62%|###################2           | 260/418 [00:14<00:08, 18.82it/s]
 63%|###################4           | 262/418 [00:14<00:08, 18.83it/s]
 63%|###################5           | 264/418 [00:14<00:08, 18.79it/s]
 64%|###################7           | 266/418 [00:14<00:08, 18.89it/s]
 64%|###################8           | 268/418 [00:15<00:07, 18.84it/s]
 65%|####################           | 270/418 [00:15<00:07, 18.86it/s]
 65%|####################1          | 272/418 [00:15<00:07, 18.86it/s]
 66%|####################3          | 274/418 [00:15<00:07, 18.86it/s]
 66%|####################4          | 276/418 [00:15<00:07, 18.82it/s]
 67%|####################6          | 278/418 [00:15<00:07, 18.67it/s]
 67%|####################7          | 280/418 [00:15<00:07, 18.82it/s]
 67%|####################9          | 282/418 [00:15<00:07, 17.88it/s]
 68%|#####################          | 284/418 [00:15<00:07, 18.24it/s]
 68%|#####################2         | 286/418 [00:15<00:07, 18.44it/s]
 69%|#####################3         | 288/418 [00:16<00:07, 18.51it/s]
 69%|#####################5         | 290/418 [00:16<00:07, 17.68it/s]
 70%|#####################6         | 292/418 [00:16<00:07, 17.08it/s]
 70%|#####################8         | 294/418 [00:16<00:07, 17.55it/s]
 71%|#####################9         | 296/418 [00:16<00:06, 18.02it/s]
 71%|######################1        | 298/418 [00:16<00:06, 18.29it/s]
 72%|######################2        | 300/418 [00:16<00:06, 18.47it/s]
 72%|######################3        | 302/418 [00:16<00:06, 18.56it/s]
 73%|######################5        | 304/418 [00:16<00:06, 18.66it/s]
 73%|######################6        | 306/418 [00:17<00:05, 18.69it/s]
 74%|######################8        | 308/418 [00:17<00:05, 18.65it/s]
 74%|######################9        | 310/418 [00:17<00:05, 18.73it/s]
 75%|#######################1       | 312/418 [00:17<00:05, 18.75it/s]
 75%|#######################2       | 314/418 [00:17<00:05, 18.88it/s]
 76%|#######################4       | 316/418 [00:17<00:05, 18.94it/s]
 76%|#######################5       | 318/418 [00:17<00:05, 19.05it/s]
 77%|#######################7       | 320/418 [00:17<00:05, 18.94it/s]
 77%|#######################8       | 322/418 [00:17<00:05, 18.96it/s]
 78%|########################       | 324/418 [00:18<00:04, 19.04it/s]
 78%|########################1      | 326/418 [00:18<00:04, 18.89it/s]
 78%|########################3      | 328/418 [00:18<00:04, 18.94it/s]
 79%|########################4      | 330/418 [00:18<00:04, 18.93it/s]
 79%|########################6      | 332/418 [00:18<00:04, 18.96it/s]
 80%|########################7      | 334/418 [00:18<00:04, 19.09it/s]
 80%|########################9      | 336/418 [00:18<00:04, 19.11it/s]
 81%|#########################      | 338/418 [00:18<00:04, 19.13it/s]
 81%|#########################2     | 340/418 [00:18<00:04, 19.14it/s]
 82%|#########################3     | 342/418 [00:18<00:03, 19.10it/s]
 82%|#########################5     | 344/418 [00:19<00:03, 19.07it/s]
 83%|#########################6     | 346/418 [00:19<00:03, 19.05it/s]
 83%|#########################8     | 348/418 [00:19<00:03, 19.13it/s]
 84%|#########################9     | 350/418 [00:19<00:03, 19.06it/s]
 84%|##########################1    | 352/418 [00:19<00:03, 19.04it/s]
 85%|##########################2    | 354/418 [00:19<00:03, 18.99it/s]
 85%|##########################4    | 356/418 [00:19<00:03, 19.01it/s]
 86%|##########################5    | 358/418 [00:19<00:03, 19.01it/s]
 86%|##########################6    | 360/418 [00:19<00:03, 19.01it/s]
 87%|##########################8    | 362/418 [00:20<00:02, 19.07it/s]
 87%|##########################9    | 364/418 [00:20<00:02, 19.01it/s]
 88%|###########################1   | 366/418 [00:20<00:02, 19.07it/s]
 88%|###########################2   | 368/418 [00:20<00:02, 18.98it/s]
 89%|###########################4   | 370/418 [00:20<00:02, 18.93it/s]
 89%|###########################5   | 372/418 [00:20<00:02, 18.93it/s]
 89%|###########################7   | 374/418 [00:20<00:02, 18.91it/s]
 90%|###########################8   | 376/418 [00:20<00:02, 18.98it/s]
 90%|############################   | 378/418 [00:20<00:02, 18.97it/s]
 91%|############################1  | 380/418 [00:20<00:02, 18.89it/s]
 91%|############################3  | 382/418 [00:21<00:01, 18.83it/s]
 92%|############################4  | 384/418 [00:21<00:01, 18.76it/s]
 92%|############################6  | 386/418 [00:21<00:01, 18.08it/s]
 93%|############################7  | 388/418 [00:21<00:01, 17.62it/s]
 93%|############################9  | 390/418 [00:21<00:01, 17.29it/s]
 94%|#############################  | 392/418 [00:21<00:01, 17.76it/s]
 94%|#############################2 | 394/418 [00:21<00:01, 18.07it/s]
 95%|#############################3 | 396/418 [00:21<00:01, 17.26it/s]
 95%|#############################5 | 398/418 [00:21<00:01, 17.76it/s]
 96%|#############################6 | 400/418 [00:22<00:00, 18.08it/s]
 96%|#############################8 | 402/418 [00:22<00:00, 18.37it/s]
 97%|#############################9 | 404/418 [00:22<00:00, 18.49it/s]
 97%|##############################1| 406/418 [00:22<00:00, 18.49it/s]
 98%|##############################2| 408/418 [00:22<00:00, 18.56it/s]
 98%|##############################4| 410/418 [00:22<00:00, 18.71it/s]
 99%|##############################5| 412/418 [00:22<00:00, 18.77it/s]
 99%|##############################7| 414/418 [00:22<00:00, 18.84it/s]
100%|##############################8| 416/418 [00:22<00:00, 17.93it/s]
100%|###############################| 418/418 [00:23<00:00, 18.42it/s]
100%|###############################| 418/418 [00:23<00:00, 18.12it/s]
[SEAL Epoch 5] loss=0.5197

[SEAL Epoch 6/20] Run 1/1 - training...

  0%|                                         | 0/418 [00:00<?, ?it/s]
  0%|1                                | 2/418 [00:00<00:27, 15.36it/s]
  1%|3                                | 4/418 [00:00<00:24, 17.24it/s]
  1%|4                                | 6/418 [00:00<00:22, 17.93it/s]
  2%|6                                | 8/418 [00:00<00:22, 18.33it/s]
  2%|7                               | 10/418 [00:00<00:21, 18.63it/s]
  3%|9                               | 12/418 [00:00<00:21, 18.80it/s]
  3%|#                               | 14/418 [00:00<00:21, 18.77it/s]
  4%|#2                              | 16/418 [00:00<00:21, 18.93it/s]
  4%|#3                              | 18/418 [00:00<00:21, 18.96it/s]
  5%|#5                              | 20/418 [00:01<00:20, 19.00it/s]
  5%|#6                              | 22/418 [00:01<00:20, 19.12it/s]
  6%|#8                              | 24/418 [00:01<00:20, 19.06it/s]
  6%|#9                              | 26/418 [00:01<00:20, 19.09it/s]
  7%|##1                             | 28/418 [00:01<00:20, 19.08it/s]
  7%|##2                             | 30/418 [00:01<00:20, 19.12it/s]
  8%|##4                             | 32/418 [00:01<00:20, 19.08it/s]
  8%|##6                             | 34/418 [00:01<00:20, 19.06it/s]
  9%|##7                             | 36/418 [00:01<00:19, 19.20it/s]
  9%|##9                             | 38/418 [00:02<00:19, 19.22it/s]
 10%|###                             | 40/418 [00:02<00:19, 19.16it/s]
 10%|###2                            | 42/418 [00:02<00:19, 19.17it/s]
 11%|###3                            | 44/418 [00:02<00:19, 19.12it/s]
 11%|###5                            | 46/418 [00:02<00:19, 19.14it/s]
 11%|###6                            | 48/418 [00:02<00:19, 19.14it/s]
 12%|###8                            | 50/418 [00:02<00:19, 19.08it/s]
 12%|###9                            | 52/418 [00:02<00:19, 19.12it/s]
 13%|####1                           | 54/418 [00:02<00:19, 19.00it/s]
 13%|####2                           | 56/418 [00:02<00:19, 19.04it/s]
 14%|####4                           | 58/418 [00:03<00:18, 19.05it/s]
 14%|####5                           | 60/418 [00:03<00:18, 19.07it/s]
 15%|####7                           | 62/418 [00:03<00:18, 18.98it/s]
 15%|####8                           | 64/418 [00:03<00:18, 18.98it/s]
 16%|#####                           | 66/418 [00:03<00:18, 18.94it/s]
 16%|#####2                          | 68/418 [00:03<00:18, 18.85it/s]
 17%|#####3                          | 70/418 [00:03<00:18, 18.86it/s]
 17%|#####5                          | 72/418 [00:03<00:18, 18.86it/s]
 18%|#####6                          | 74/418 [00:03<00:18, 18.97it/s]
 18%|#####8                          | 76/418 [00:04<00:18, 18.94it/s]
 19%|#####9                          | 78/418 [00:04<00:17, 19.12it/s]
 19%|######1                         | 80/418 [00:04<00:17, 19.11it/s]
 20%|######2                         | 82/418 [00:04<00:17, 19.05it/s]
 20%|######4                         | 84/418 [00:04<00:17, 19.03it/s]
 21%|######5                         | 86/418 [00:04<00:17, 18.94it/s]
 21%|######7                         | 88/418 [00:04<00:17, 18.91it/s]
 22%|######8                         | 90/418 [00:04<00:17, 19.01it/s]
 22%|#######                         | 92/418 [00:04<00:17, 18.95it/s]
 22%|#######1                        | 94/418 [00:04<00:17, 18.85it/s]
 23%|#######3                        | 96/418 [00:05<00:17, 18.84it/s]
 23%|#######5                        | 98/418 [00:05<00:16, 18.87it/s]
 24%|#######4                       | 100/418 [00:05<00:16, 18.96it/s]
 24%|#######5                       | 102/418 [00:05<00:16, 18.94it/s]
 25%|#######7                       | 104/418 [00:05<00:16, 18.86it/s]
 25%|#######8                       | 106/418 [00:05<00:16, 18.85it/s]
 26%|########                       | 108/418 [00:05<00:16, 18.76it/s]
 26%|########1                      | 110/418 [00:05<00:16, 18.81it/s]
 27%|########3                      | 112/418 [00:05<00:16, 18.83it/s]
 27%|########4                      | 114/418 [00:06<00:16, 18.73it/s]
 28%|########6                      | 116/418 [00:06<00:15, 18.88it/s]
 28%|########7                      | 118/418 [00:06<00:16, 17.84it/s]
 29%|########8                      | 120/418 [00:06<00:16, 18.20it/s]
 29%|#########                      | 122/418 [00:06<00:16, 18.39it/s]
 30%|#########1                     | 124/418 [00:06<00:15, 18.59it/s]
 30%|#########3                     | 126/418 [00:06<00:15, 18.71it/s]
 31%|#########4                     | 128/418 [00:06<00:15, 18.73it/s]
 31%|#########6                     | 130/418 [00:06<00:15, 18.72it/s]
 32%|#########7                     | 132/418 [00:07<00:15, 18.69it/s]
 32%|#########9                     | 134/418 [00:07<00:15, 18.72it/s]
 33%|##########                     | 136/418 [00:07<00:15, 18.76it/s]
 33%|##########2                    | 138/418 [00:07<00:15, 17.81it/s]
 33%|##########3                    | 140/418 [00:07<00:15, 18.12it/s]
 34%|##########5                    | 142/418 [00:07<00:15, 18.32it/s]
 34%|##########6                    | 144/418 [00:07<00:14, 18.52it/s]
 35%|##########8                    | 146/418 [00:07<00:14, 18.71it/s]
 35%|##########9                    | 148/418 [00:07<00:14, 18.82it/s]
 36%|###########1                   | 150/418 [00:07<00:14, 18.89it/s]
 36%|###########2                   | 152/418 [00:08<00:14, 18.89it/s]
 37%|###########4                   | 154/418 [00:08<00:14, 18.70it/s]
 37%|###########5                   | 156/418 [00:08<00:13, 18.80it/s]
 38%|###########7                   | 158/418 [00:08<00:13, 18.94it/s]
 38%|###########8                   | 160/418 [00:08<00:13, 18.92it/s]
 39%|############                   | 162/418 [00:08<00:13, 18.96it/s]
 39%|############1                  | 164/418 [00:08<00:13, 18.89it/s]
 40%|############3                  | 166/418 [00:08<00:13, 18.93it/s]
 40%|############4                  | 168/418 [00:08<00:13, 19.00it/s]
 41%|############6                  | 170/418 [00:09<00:13, 19.05it/s]
 41%|############7                  | 172/418 [00:09<00:12, 19.06it/s]
 42%|############9                  | 174/418 [00:09<00:12, 19.00it/s]
 42%|#############                  | 176/418 [00:09<00:12, 19.01it/s]
 43%|#############2                 | 178/418 [00:09<00:12, 19.05it/s]
 43%|#############3                 | 180/418 [00:09<00:12, 19.02it/s]
 44%|#############4                 | 182/418 [00:09<00:13, 17.92it/s]
 44%|#############6                 | 184/418 [00:09<00:12, 18.24it/s]
 44%|#############7                 | 186/418 [00:09<00:12, 18.37it/s]
 45%|#############9                 | 188/418 [00:10<00:13, 17.50it/s]
 45%|##############                 | 190/418 [00:10<00:12, 17.99it/s]
 46%|##############2                | 192/418 [00:10<00:12, 17.94it/s]
 46%|##############3                | 194/418 [00:10<00:12, 17.26it/s]
 47%|##############5                | 196/418 [00:10<00:12, 17.65it/s]
 47%|##############6                | 198/418 [00:10<00:12, 17.97it/s]
 48%|##############8                | 200/418 [00:10<00:12, 17.35it/s]
 48%|##############9                | 202/418 [00:10<00:12, 17.69it/s]
 49%|###############1               | 204/418 [00:10<00:11, 18.10it/s]
 49%|###############2               | 206/418 [00:11<00:11, 18.23it/s]
 50%|###############4               | 208/418 [00:11<00:11, 18.38it/s]
 50%|###############5               | 210/418 [00:11<00:11, 18.36it/s]
 51%|###############7               | 212/418 [00:11<00:11, 17.84it/s]
 51%|###############8               | 214/418 [00:11<00:11, 17.26it/s]
 52%|################               | 216/418 [00:11<00:11, 17.74it/s]
 52%|################1              | 218/418 [00:11<00:11, 18.10it/s]
 53%|################3              | 220/418 [00:11<00:10, 18.30it/s]
 53%|################4              | 222/418 [00:11<00:10, 18.51it/s]
 54%|################6              | 224/418 [00:12<00:10, 18.67it/s]
 54%|################7              | 226/418 [00:12<00:10, 18.70it/s]
 55%|################9              | 228/418 [00:12<00:10, 18.75it/s]
 55%|#################              | 230/418 [00:12<00:09, 18.86it/s]
 56%|#################2             | 232/418 [00:12<00:09, 18.83it/s]
 56%|#################3             | 234/418 [00:12<00:09, 18.90it/s]
 56%|#################5             | 236/418 [00:12<00:09, 18.87it/s]
 57%|#################6             | 238/418 [00:12<00:09, 18.97it/s]
 57%|#################7             | 240/418 [00:12<00:09, 18.87it/s]
 58%|#################9             | 242/418 [00:12<00:09, 18.94it/s]
 58%|##################             | 244/418 [00:13<00:09, 18.93it/s]
 59%|##################2            | 246/418 [00:13<00:09, 17.95it/s]
 59%|##################3            | 248/418 [00:13<00:09, 18.20it/s]
 60%|##################5            | 250/418 [00:13<00:09, 18.54it/s]
 60%|##################6            | 252/418 [00:13<00:08, 18.65it/s]
 61%|##################8            | 254/418 [00:13<00:08, 18.68it/s]
 61%|##################9            | 256/418 [00:13<00:08, 18.78it/s]
 62%|###################1           | 258/418 [00:13<00:08, 18.77it/s]
 62%|###################2           | 260/418 [00:13<00:08, 18.65it/s]
 63%|###################4           | 262/418 [00:14<00:08, 18.73it/s]
 63%|###################5           | 264/418 [00:14<00:08, 18.67it/s]
 64%|###################7           | 266/418 [00:14<00:08, 17.80it/s]
 64%|###################8           | 268/418 [00:14<00:08, 18.07it/s]
 65%|####################           | 270/418 [00:14<00:08, 18.47it/s]
 65%|####################1          | 272/418 [00:14<00:07, 18.58it/s]
 66%|####################3          | 274/418 [00:14<00:07, 18.63it/s]
 66%|####################4          | 276/418 [00:14<00:07, 18.62it/s]
 67%|####################6          | 278/418 [00:14<00:07, 18.70it/s]
 67%|####################7          | 280/418 [00:15<00:07, 18.76it/s]
 67%|####################9          | 282/418 [00:15<00:07, 18.69it/s]
 68%|#####################          | 284/418 [00:15<00:07, 18.75it/s]
 68%|#####################2         | 286/418 [00:15<00:07, 18.71it/s]
 69%|#####################3         | 288/418 [00:15<00:06, 18.75it/s]
 69%|#####################5         | 290/418 [00:15<00:06, 18.83it/s]
 70%|#####################6         | 292/418 [00:15<00:06, 18.82it/s]
 70%|#####################8         | 294/418 [00:15<00:06, 18.80it/s]
 71%|#####################9         | 296/418 [00:15<00:06, 18.86it/s]
 71%|######################1        | 298/418 [00:15<00:06, 18.83it/s]
 72%|######################2        | 300/418 [00:16<00:06, 18.76it/s]
 72%|######################3        | 302/418 [00:16<00:06, 18.76it/s]
 73%|######################5        | 304/418 [00:16<00:06, 18.70it/s]
 73%|######################6        | 306/418 [00:16<00:05, 18.78it/s]
 74%|######################8        | 308/418 [00:16<00:05, 18.72it/s]
 74%|######################9        | 310/418 [00:16<00:05, 18.88it/s]
 75%|#######################1       | 312/418 [00:16<00:05, 18.89it/s]
 75%|#######################2       | 314/418 [00:16<00:05, 18.91it/s]
 76%|#######################4       | 316/418 [00:16<00:05, 18.91it/s]
 76%|#######################5       | 318/418 [00:17<00:05, 18.97it/s]
 77%|#######################7       | 320/418 [00:17<00:05, 18.91it/s]
 77%|#######################8       | 322/418 [00:17<00:05, 18.85it/s]
 78%|########################       | 324/418 [00:17<00:04, 18.85it/s]
 78%|########################1      | 326/418 [00:17<00:04, 18.86it/s]
 78%|########################3      | 328/418 [00:17<00:04, 18.78it/s]
 79%|########################4      | 330/418 [00:17<00:04, 18.81it/s]
 79%|########################6      | 332/418 [00:17<00:04, 18.85it/s]
 80%|########################7      | 334/418 [00:17<00:04, 18.79it/s]
 80%|########################9      | 336/418 [00:17<00:04, 18.84it/s]
 81%|#########################      | 338/418 [00:18<00:04, 18.91it/s]
 81%|#########################2     | 340/418 [00:18<00:04, 18.85it/s]
 82%|#########################3     | 342/418 [00:18<00:04, 18.83it/s]
 82%|#########################5     | 344/418 [00:18<00:03, 18.81it/s]
 83%|#########################6     | 346/418 [00:18<00:03, 18.81it/s]
 83%|#########################8     | 348/418 [00:18<00:03, 18.48it/s]
 84%|#########################9     | 350/418 [00:18<00:03, 18.58it/s]
 84%|##########################1    | 352/418 [00:18<00:03, 18.71it/s]
 85%|##########################2    | 354/418 [00:18<00:03, 18.70it/s]
 85%|##########################4    | 356/418 [00:19<00:03, 18.87it/s]
 86%|##########################5    | 358/418 [00:19<00:03, 18.71it/s]
 86%|##########################6    | 360/418 [00:19<00:03, 18.73it/s]
 87%|##########################8    | 362/418 [00:19<00:03, 18.00it/s]
 87%|##########################9    | 364/418 [00:19<00:03, 17.51it/s]
 88%|###########################1   | 366/418 [00:19<00:02, 17.66it/s]
 88%|###########################2   | 368/418 [00:19<00:02, 18.04it/s]
 89%|###########################4   | 370/418 [00:19<00:02, 18.22it/s]
 89%|###########################5   | 372/418 [00:19<00:02, 18.37it/s]
 89%|###########################7   | 374/418 [00:20<00:02, 18.45it/s]
 90%|###########################8   | 376/418 [00:20<00:02, 17.61it/s]
 90%|############################   | 378/418 [00:20<00:02, 17.11it/s]
 91%|############################1  | 380/418 [00:20<00:02, 17.59it/s]
 91%|############################3  | 382/418 [00:20<00:02, 17.88it/s]
 92%|############################4  | 384/418 [00:20<00:01, 18.19it/s]
 92%|############################6  | 386/418 [00:20<00:01, 18.31it/s]
 93%|############################7  | 388/418 [00:20<00:01, 16.81it/s]
 93%|############################9  | 390/418 [00:20<00:01, 17.40it/s]
 94%|#############################  | 392/418 [00:21<00:01, 17.76it/s]
 94%|#############################2 | 394/418 [00:21<00:01, 18.09it/s]
 95%|#############################3 | 396/418 [00:21<00:01, 18.37it/s]
 95%|#############################5 | 398/418 [00:21<00:01, 18.49it/s]
 96%|#############################6 | 400/418 [00:21<00:01, 17.70it/s]
 96%|#############################8 | 402/418 [00:21<00:00, 17.85it/s]
 97%|#############################9 | 404/418 [00:21<00:00, 18.15it/s]
 97%|##############################1| 406/418 [00:21<00:00, 18.40it/s]
 98%|##############################2| 408/418 [00:21<00:00, 18.52it/s]
 98%|##############################4| 410/418 [00:22<00:00, 18.59it/s]
 99%|##############################5| 412/418 [00:22<00:00, 18.59it/s]
 99%|##############################7| 414/418 [00:22<00:00, 18.69it/s]
100%|##############################8| 416/418 [00:22<00:00, 17.94it/s]
100%|###############################| 418/418 [00:22<00:00, 18.30it/s]
100%|###############################| 418/418 [00:22<00:00, 18.58it/s]
[SEAL Epoch 6] loss=0.5193

[SEAL Epoch 7/20] Run 1/1 - training...

  0%|                                         | 0/418 [00:00<?, ?it/s]
  0%|1                                | 2/418 [00:00<00:28, 14.44it/s]
  1%|3                                | 4/418 [00:00<00:27, 15.20it/s]
  1%|4                                | 6/418 [00:00<00:24, 16.58it/s]
  2%|6                                | 8/418 [00:00<00:23, 17.49it/s]
  2%|7                               | 10/418 [00:00<00:22, 17.97it/s]
  3%|9                               | 12/418 [00:00<00:22, 18.33it/s]
  3%|#                               | 14/418 [00:00<00:21, 18.43it/s]
  4%|#2                              | 16/418 [00:00<00:21, 18.58it/s]
  4%|#3                              | 18/418 [00:01<00:21, 18.78it/s]
  5%|#5                              | 20/418 [00:01<00:21, 18.95it/s]
  5%|#6                              | 22/418 [00:01<00:20, 19.00it/s]
  6%|#8                              | 24/418 [00:01<00:20, 19.01it/s]
  6%|#9                              | 26/418 [00:01<00:20, 18.92it/s]
  7%|##1                             | 28/418 [00:01<00:20, 18.98it/s]
  7%|##2                             | 30/418 [00:01<00:20, 18.95it/s]
  8%|##4                             | 32/418 [00:01<00:20, 18.97it/s]
  8%|##6                             | 34/418 [00:01<00:20, 18.94it/s]
  9%|##7                             | 36/418 [00:01<00:20, 18.99it/s]
  9%|##9                             | 38/418 [00:02<00:19, 19.03it/s]
 10%|###                             | 40/418 [00:02<00:19, 19.08it/s]
 10%|###2                            | 42/418 [00:02<00:19, 19.05it/s]
 11%|###3                            | 44/418 [00:02<00:19, 18.98it/s]
 11%|###5                            | 46/418 [00:02<00:19, 19.12it/s]
 11%|###6                            | 48/418 [00:02<00:19, 19.07it/s]
 12%|###8                            | 50/418 [00:02<00:19, 19.04it/s]
 12%|###9                            | 52/418 [00:02<00:19, 19.11it/s]
 13%|####1                           | 54/418 [00:02<00:19, 19.12it/s]
 13%|####2                           | 56/418 [00:02<00:18, 19.08it/s]
 14%|####4                           | 58/418 [00:03<00:19, 18.91it/s]
 14%|####5                           | 60/418 [00:03<00:18, 18.92it/s]
 15%|####7                           | 62/418 [00:03<00:18, 18.82it/s]
 15%|####8                           | 64/418 [00:03<00:19, 17.98it/s]
 16%|#####                           | 66/418 [00:03<00:19, 18.20it/s]
 16%|#####2                          | 68/418 [00:03<00:19, 18.20it/s]
 17%|#####3                          | 70/418 [00:03<00:18, 18.33it/s]
 17%|#####5                          | 72/418 [00:03<00:19, 17.42it/s]
 18%|#####6                          | 74/418 [00:04<00:19, 17.88it/s]
 18%|#####8                          | 76/418 [00:04<00:18, 18.18it/s]
 19%|#####9                          | 78/418 [00:04<00:18, 18.23it/s]
 19%|######1                         | 80/418 [00:04<00:18, 18.39it/s]
 20%|######2                         | 82/418 [00:04<00:18, 18.51it/s]
 20%|######4                         | 84/418 [00:04<00:17, 18.69it/s]
 21%|######5                         | 86/418 [00:04<00:17, 18.95it/s]
 21%|######7                         | 88/418 [00:04<00:17, 18.95it/s]
 22%|######8                         | 90/418 [00:04<00:17, 18.95it/s]
 22%|#######                         | 92/418 [00:04<00:17, 18.91it/s]
 22%|#######1                        | 94/418 [00:05<00:17, 18.89it/s]
 23%|#######3                        | 96/418 [00:05<00:17, 18.91it/s]
 23%|#######5                        | 98/418 [00:05<00:16, 18.92it/s]
 24%|#######4                       | 100/418 [00:05<00:17, 17.86it/s]
 24%|#######5                       | 102/418 [00:05<00:17, 18.11it/s]
 25%|#######7                       | 104/418 [00:05<00:17, 18.28it/s]
 25%|#######8                       | 106/418 [00:05<00:16, 18.59it/s]
 26%|########                       | 108/418 [00:05<00:17, 17.81it/s]
 26%|########1                      | 110/418 [00:05<00:16, 18.16it/s]
 27%|########3                      | 112/418 [00:06<00:16, 18.40it/s]
 27%|########4                      | 114/418 [00:06<00:16, 18.44it/s]
 28%|########6                      | 116/418 [00:06<00:17, 17.70it/s]
 28%|########7                      | 118/418 [00:06<00:16, 18.06it/s]
 29%|########8                      | 120/418 [00:06<00:17, 16.96it/s]
 29%|#########                      | 122/418 [00:06<00:16, 17.43it/s]
 30%|#########1                     | 124/418 [00:06<00:16, 17.77it/s]
 30%|#########3                     | 126/418 [00:06<00:16, 18.05it/s]
 31%|#########4                     | 128/418 [00:06<00:15, 18.22it/s]
 31%|#########6                     | 130/418 [00:07<00:15, 18.38it/s]
 32%|#########7                     | 132/418 [00:07<00:15, 18.48it/s]
 32%|#########9                     | 134/418 [00:07<00:15, 18.56it/s]
 33%|##########                     | 136/418 [00:07<00:15, 18.66it/s]
 33%|##########2                    | 138/418 [00:07<00:15, 18.60it/s]
 33%|##########3                    | 140/418 [00:07<00:14, 18.61it/s]
 34%|##########5                    | 142/418 [00:07<00:14, 18.67it/s]
 34%|##########6                    | 144/418 [00:07<00:14, 18.78it/s]
 35%|##########8                    | 146/418 [00:07<00:14, 18.88it/s]
 35%|##########9                    | 148/418 [00:08<00:14, 18.82it/s]
 36%|###########1                   | 150/418 [00:08<00:14, 18.75it/s]
 36%|###########2                   | 152/418 [00:08<00:14, 18.71it/s]
 37%|###########4                   | 154/418 [00:08<00:14, 18.71it/s]
 37%|###########5                   | 156/418 [00:08<00:14, 18.68it/s]
 38%|###########7                   | 158/418 [00:08<00:13, 18.67it/s]
 38%|###########8                   | 160/418 [00:08<00:14, 18.29it/s]
 39%|############                   | 162/418 [00:08<00:15, 16.88it/s]
 39%|############1                  | 164/418 [00:08<00:14, 17.44it/s]
 40%|############3                  | 166/418 [00:09<00:14, 17.87it/s]
 40%|############4                  | 168/418 [00:09<00:13, 18.22it/s]
 41%|############6                  | 170/418 [00:09<00:13, 18.54it/s]
 41%|############7                  | 172/418 [00:09<00:13, 18.66it/s]
 42%|############9                  | 174/418 [00:09<00:13, 17.86it/s]
 42%|#############                  | 176/418 [00:09<00:13, 18.13it/s]
 43%|#############2                 | 178/418 [00:09<00:13, 18.33it/s]
 43%|#############3                 | 180/418 [00:09<00:13, 18.31it/s]
 44%|#############4                 | 182/418 [00:09<00:12, 18.50it/s]
 44%|#############6                 | 184/418 [00:09<00:12, 18.54it/s]
 44%|#############7                 | 186/418 [00:10<00:12, 18.58it/s]
 45%|#############9                 | 188/418 [00:10<00:12, 18.59it/s]
 45%|##############                 | 190/418 [00:10<00:12, 18.11it/s]
 46%|##############2                | 192/418 [00:10<00:13, 17.28it/s]
 46%|##############3                | 194/418 [00:10<00:12, 17.68it/s]
 47%|##############5                | 196/418 [00:10<00:12, 17.93it/s]
 47%|##############6                | 198/418 [00:10<00:12, 18.17it/s]
 48%|##############8                | 200/418 [00:10<00:11, 18.26it/s]
 48%|##############9                | 202/418 [00:10<00:11, 18.41it/s]
 49%|###############1               | 204/418 [00:11<00:12, 17.50it/s]
 49%|###############2               | 206/418 [00:11<00:11, 17.98it/s]
 50%|###############4               | 208/418 [00:11<00:11, 18.22it/s]
 50%|###############5               | 210/418 [00:11<00:11, 18.37it/s]
 51%|###############7               | 212/418 [00:11<00:11, 18.47it/s]
 51%|###############8               | 214/418 [00:11<00:11, 18.50it/s]
 52%|################               | 216/418 [00:11<00:10, 18.49it/s]
 52%|################1              | 218/418 [00:11<00:10, 18.58it/s]
 53%|################3              | 220/418 [00:11<00:10, 18.24it/s]
 53%|################4              | 222/418 [00:12<00:10, 18.31it/s]
 54%|################6              | 224/418 [00:12<00:10, 18.41it/s]
 54%|################7              | 226/418 [00:12<00:11, 16.92it/s]
 55%|################9              | 228/418 [00:12<00:10, 17.39it/s]
 55%|#################              | 230/418 [00:12<00:11, 16.35it/s]
 56%|#################2             | 232/418 [00:12<00:11, 16.25it/s]
 56%|#################3             | 234/418 [00:12<00:10, 16.75it/s]
 56%|#################5             | 236/418 [00:12<00:10, 17.29it/s]
 57%|#################6             | 238/418 [00:13<00:10, 17.75it/s]
 57%|#################7             | 240/418 [00:13<00:09, 18.08it/s]
 58%|#################9             | 242/418 [00:13<00:09, 18.28it/s]
 58%|##################             | 244/418 [00:13<00:09, 17.55it/s]
 59%|##################2            | 246/418 [00:13<00:09, 18.00it/s]
 59%|##################3            | 248/418 [00:13<00:09, 18.23it/s]
 60%|##################5            | 250/418 [00:13<00:09, 18.34it/s]
 60%|##################6            | 252/418 [00:13<00:08, 18.45it/s]
 61%|##################8            | 254/418 [00:13<00:08, 18.23it/s]
 61%|##################9            | 256/418 [00:14<00:08, 18.41it/s]
 62%|###################1           | 258/418 [00:14<00:08, 18.47it/s]
 62%|###################2           | 260/418 [00:14<00:08, 18.58it/s]
 63%|###################4           | 262/418 [00:14<00:08, 18.53it/s]
 63%|###################5           | 264/418 [00:14<00:08, 18.47it/s]
 64%|###################7           | 266/418 [00:14<00:08, 17.64it/s]
 64%|###################8           | 268/418 [00:14<00:08, 17.90it/s]
 65%|####################           | 270/418 [00:14<00:08, 18.10it/s]
 65%|####################1          | 272/418 [00:14<00:07, 18.28it/s]
 66%|####################3          | 274/418 [00:14<00:07, 18.58it/s]
 66%|####################4          | 276/418 [00:15<00:07, 18.73it/s]
 67%|####################6          | 278/418 [00:15<00:07, 18.90it/s]
 67%|####################7          | 280/418 [00:15<00:07, 19.00it/s]
 67%|####################9          | 282/418 [00:15<00:07, 19.01it/s]
 68%|#####################          | 284/418 [00:15<00:07, 18.91it/s]
 68%|#####################2         | 286/418 [00:15<00:06, 18.87it/s]
 69%|#####################3         | 288/418 [00:15<00:06, 18.91it/s]
 69%|#####################5         | 290/418 [00:15<00:06, 18.84it/s]
 70%|#####################6         | 292/418 [00:15<00:06, 18.83it/s]
 70%|#####################8         | 294/418 [00:16<00:06, 18.94it/s]
 71%|#####################9         | 296/418 [00:16<00:06, 18.85it/s]
 71%|######################1        | 298/418 [00:16<00:06, 18.88it/s]
 72%|######################2        | 300/418 [00:16<00:06, 18.79it/s]
 72%|######################3        | 302/418 [00:16<00:06, 18.78it/s]
 73%|######################5        | 304/418 [00:16<00:06, 18.79it/s]
 73%|######################6        | 306/418 [00:16<00:05, 18.76it/s]
 74%|######################8        | 308/418 [00:16<00:05, 18.79it/s]
 74%|######################9        | 310/418 [00:16<00:05, 18.85it/s]
 75%|#######################1       | 312/418 [00:16<00:05, 18.85it/s]
 75%|#######################2       | 314/418 [00:17<00:16,  6.45it/s]
 76%|#######################4       | 316/418 [00:17<00:12,  7.94it/s]
 76%|#######################5       | 318/418 [00:18<00:10,  9.59it/s]
 77%|#######################7       | 320/418 [00:18<00:08, 11.18it/s]
 77%|#######################8       | 322/418 [00:18<00:07, 12.70it/s]
 78%|########################       | 324/418 [00:18<00:06, 14.00it/s]
 78%|########################1      | 326/418 [00:18<00:06, 15.13it/s]
 78%|########################3      | 328/418 [00:18<00:05, 16.01it/s]
 79%|########################4      | 330/418 [00:18<00:05, 16.67it/s]
 79%|########################6      | 332/418 [00:18<00:05, 17.15it/s]
 80%|########################7      | 334/418 [00:18<00:04, 17.54it/s]
 80%|########################9      | 336/418 [00:18<00:04, 17.85it/s]
 81%|#########################      | 338/418 [00:19<00:04, 18.11it/s]
 81%|#########################2     | 340/418 [00:19<00:04, 17.20it/s]
 82%|#########################3     | 342/418 [00:19<00:04, 17.52it/s]
 82%|#########################5     | 344/418 [00:19<00:04, 17.88it/s]
 83%|#########################6     | 346/418 [00:19<00:03, 18.16it/s]
 83%|#########################8     | 348/418 [00:19<00:03, 18.37it/s]
 84%|#########################9     | 350/418 [00:19<00:03, 18.42it/s]
 84%|##########################1    | 352/418 [00:19<00:03, 18.50it/s]
 85%|##########################2    | 354/418 [00:19<00:03, 18.47it/s]
 85%|##########################4    | 356/418 [00:20<00:03, 18.45it/s]
 86%|##########################5    | 358/418 [00:20<00:03, 18.45it/s]
 86%|##########################6    | 360/418 [00:20<00:03, 18.42it/s]
 87%|##########################8    | 362/418 [00:20<00:03, 18.37it/s]
 87%|##########################9    | 364/418 [00:20<00:02, 18.48it/s]
 88%|###########################1   | 366/418 [00:20<00:02, 18.50it/s]
 88%|###########################2   | 368/418 [00:20<00:02, 18.48it/s]
 89%|###########################4   | 370/418 [00:20<00:02, 18.64it/s]
 89%|###########################5   | 372/418 [00:20<00:02, 18.67it/s]
 89%|###########################7   | 374/418 [00:21<00:02, 18.68it/s]
 90%|###########################8   | 376/418 [00:21<00:02, 18.83it/s]
 90%|############################   | 378/418 [00:21<00:02, 18.78it/s]
 91%|############################1  | 380/418 [00:21<00:02, 18.63it/s]
 91%|############################3  | 382/418 [00:21<00:01, 18.68it/s]
 92%|############################4  | 384/418 [00:21<00:01, 17.18it/s]
 92%|############################6  | 386/418 [00:21<00:01, 17.65it/s]
 93%|############################7  | 388/418 [00:21<00:01, 17.99it/s]
 93%|############################9  | 390/418 [00:21<00:01, 18.20it/s]
 94%|#############################  | 392/418 [00:22<00:01, 18.42it/s]
 94%|#############################2 | 394/418 [00:22<00:01, 18.48it/s]
 95%|#############################3 | 396/418 [00:22<00:01, 18.53it/s]
 95%|#############################5 | 398/418 [00:22<00:01, 18.18it/s]
 96%|#############################6 | 400/418 [00:22<00:00, 18.45it/s]
 96%|#############################8 | 402/418 [00:22<00:00, 17.64it/s]
 97%|#############################9 | 404/418 [00:22<00:00, 17.99it/s]
 97%|##############################1| 406/418 [00:22<00:00, 18.21it/s]
 98%|##############################2| 408/418 [00:22<00:00, 18.44it/s]
 98%|##############################4| 410/418 [00:23<00:00, 18.48it/s]
 99%|##############################5| 412/418 [00:23<00:00, 18.49it/s]
 99%|##############################7| 414/418 [00:23<00:00, 18.61it/s]
100%|##############################8| 416/418 [00:23<00:00, 18.64it/s]
100%|###############################| 418/418 [00:23<00:00, 18.82it/s]
100%|###############################| 418/418 [00:23<00:00, 17.83it/s]
[SEAL Epoch 7] loss=0.5189

[SEAL Epoch 8/20] Run 1/1 - training...

  0%|                                         | 0/418 [00:00<?, ?it/s]
  0%|1                                | 2/418 [00:00<00:24, 16.68it/s]
  1%|3                                | 4/418 [00:00<00:23, 17.88it/s]
  1%|4                                | 6/418 [00:00<00:22, 18.25it/s]
  2%|6                                | 8/418 [00:00<00:22, 18.45it/s]
  2%|7                               | 10/418 [00:00<00:21, 18.65it/s]
  3%|9                               | 12/418 [00:00<00:21, 18.51it/s]
  3%|#                               | 14/418 [00:00<00:21, 18.63it/s]
  4%|#2                              | 16/418 [00:00<00:21, 18.74it/s]
  4%|#3                              | 18/418 [00:00<00:21, 18.76it/s]
  5%|#5                              | 20/418 [00:01<00:21, 18.77it/s]
  5%|#6                              | 22/418 [00:01<00:21, 18.85it/s]
  6%|#8                              | 24/418 [00:01<00:20, 18.85it/s]
  6%|#9                              | 26/418 [00:01<00:20, 18.84it/s]
  7%|##1                             | 28/418 [00:01<00:20, 18.91it/s]
  7%|##2                             | 30/418 [00:01<00:20, 18.83it/s]
  8%|##4                             | 32/418 [00:01<00:20, 18.81it/s]
  8%|##6                             | 34/418 [00:01<00:20, 18.87it/s]
  9%|##7                             | 36/418 [00:01<00:20, 18.81it/s]
  9%|##9                             | 38/418 [00:02<00:20, 18.83it/s]
 10%|###                             | 40/418 [00:02<00:19, 18.91it/s]
 10%|###2                            | 42/418 [00:02<00:19, 18.94it/s]
 11%|###3                            | 44/418 [00:02<00:19, 18.93it/s]
 11%|###5                            | 46/418 [00:02<00:19, 18.93it/s]
 11%|###6                            | 48/418 [00:02<00:19, 19.03it/s]
 12%|###8                            | 50/418 [00:02<00:19, 18.83it/s]
 12%|###9                            | 52/418 [00:02<00:19, 18.89it/s]
 13%|####1                           | 54/418 [00:02<00:20, 18.07it/s]
 13%|####2                           | 56/418 [00:02<00:19, 18.33it/s]
 14%|####4                           | 58/418 [00:03<00:19, 18.43it/s]
 14%|####5                           | 60/418 [00:03<00:19, 18.52it/s]
 15%|####7                           | 62/418 [00:03<00:19, 18.55it/s]
 15%|####8                           | 64/418 [00:03<00:18, 18.68it/s]
 16%|#####                           | 66/418 [00:03<00:18, 18.68it/s]
 16%|#####2                          | 68/418 [00:03<00:18, 18.71it/s]
 17%|#####3                          | 70/418 [00:03<00:18, 18.72it/s]
 17%|#####5                          | 72/418 [00:03<00:18, 18.82it/s]
 18%|#####6                          | 74/418 [00:03<00:18, 18.78it/s]
 18%|#####8                          | 76/418 [00:04<00:18, 18.81it/s]
 19%|#####9                          | 78/418 [00:04<00:18, 18.70it/s]
 19%|######1                         | 80/418 [00:04<00:18, 18.75it/s]
 20%|######2                         | 82/418 [00:04<00:17, 18.78it/s]
 20%|######4                         | 84/418 [00:04<00:17, 18.71it/s]
 21%|######5                         | 86/418 [00:04<00:17, 18.74it/s]
 21%|######7                         | 88/418 [00:04<00:17, 18.81it/s]
 22%|######8                         | 90/418 [00:04<00:17, 18.99it/s]
 22%|#######                         | 92/418 [00:04<00:17, 18.98it/s]
 22%|#######1                        | 94/418 [00:05<00:17, 18.86it/s]
 23%|#######3                        | 96/418 [00:05<00:17, 18.83it/s]
 23%|#######5                        | 98/418 [00:05<00:17, 18.72it/s]
 24%|#######4                       | 100/418 [00:05<00:16, 18.80it/s]
 24%|#######5                       | 102/418 [00:05<00:16, 18.62it/s]
 25%|#######7                       | 104/418 [00:05<00:17, 17.86it/s]
 25%|#######8                       | 106/418 [00:05<00:17, 18.10it/s]
 26%|########                       | 108/418 [00:05<00:17, 17.37it/s]
 26%|########1                      | 110/418 [00:05<00:17, 17.12it/s]
 27%|########3                      | 112/418 [00:06<00:17, 17.32it/s]
 27%|########4                      | 114/418 [00:06<00:17, 17.76it/s]
 28%|########6                      | 116/418 [00:06<00:16, 18.07it/s]
 28%|########7                      | 118/418 [00:06<00:16, 18.34it/s]
 29%|########8                      | 120/418 [00:06<00:16, 18.43it/s]
 29%|#########                      | 122/418 [00:06<00:15, 18.56it/s]
 30%|#########1                     | 124/418 [00:06<00:15, 18.64it/s]
 30%|#########3                     | 126/418 [00:06<00:15, 18.73it/s]
 31%|#########4                     | 128/418 [00:06<00:15, 18.75it/s]
 31%|#########6                     | 130/418 [00:06<00:15, 18.63it/s]
 32%|#########7                     | 132/418 [00:07<00:15, 18.69it/s]
 32%|#########9                     | 134/418 [00:07<00:15, 18.78it/s]
 33%|##########                     | 136/418 [00:07<00:14, 18.85it/s]
 33%|##########2                    | 138/418 [00:07<00:14, 18.82it/s]
 33%|##########3                    | 140/418 [00:07<00:14, 18.82it/s]
 34%|##########5                    | 142/418 [00:07<00:14, 18.92it/s]
 34%|##########6                    | 144/418 [00:07<00:14, 18.89it/s]
 35%|##########8                    | 146/418 [00:07<00:14, 18.86it/s]
 35%|##########9                    | 148/418 [00:07<00:14, 18.82it/s]
 36%|###########1                   | 150/418 [00:08<00:14, 19.07it/s]
 36%|###########2                   | 152/418 [00:08<00:13, 19.03it/s]
 37%|###########4                   | 154/418 [00:08<00:13, 18.92it/s]
 37%|###########5                   | 156/418 [00:08<00:13, 18.86it/s]
 38%|###########7                   | 158/418 [00:08<00:13, 18.87it/s]
 38%|###########8                   | 160/418 [00:08<00:13, 18.92it/s]
 39%|############                   | 162/418 [00:08<00:13, 18.99it/s]
 39%|############1                  | 164/418 [00:08<00:13, 18.89it/s]
 40%|############3                  | 166/418 [00:08<00:13, 18.98it/s]
 40%|############4                  | 168/418 [00:09<00:13, 19.11it/s]
 41%|############6                  | 170/418 [00:09<00:13, 19.03it/s]
 41%|############7                  | 172/418 [00:09<00:12, 19.04it/s]
 42%|############9                  | 174/418 [00:09<00:12, 19.01it/s]
 42%|#############                  | 176/418 [00:09<00:12, 18.98it/s]
 43%|#############2                 | 178/418 [00:09<00:12, 19.04it/s]
 43%|#############3                 | 180/418 [00:09<00:12, 19.07it/s]
 44%|#############4                 | 182/418 [00:09<00:12, 19.00it/s]
 44%|#############6                 | 184/418 [00:09<00:12, 19.06it/s]
 44%|#############7                 | 186/418 [00:09<00:12, 19.15it/s]
 45%|#############9                 | 188/418 [00:10<00:11, 19.21it/s]
 45%|##############                 | 190/418 [00:10<00:11, 19.24it/s]
 46%|##############2                | 192/418 [00:10<00:11, 19.19it/s]
 46%|##############3                | 194/418 [00:10<00:11, 19.11it/s]
 47%|##############5                | 196/418 [00:10<00:11, 19.06it/s]
 47%|##############6                | 198/418 [00:10<00:11, 19.00it/s]
 48%|##############8                | 200/418 [00:10<00:11, 18.85it/s]
 48%|##############9                | 202/418 [00:10<00:11, 18.93it/s]
 49%|###############1               | 204/418 [00:10<00:11, 18.95it/s]
 49%|###############2               | 206/418 [00:10<00:11, 18.94it/s]
 50%|###############4               | 208/418 [00:11<00:11, 18.92it/s]
 50%|###############5               | 210/418 [00:11<00:10, 18.98it/s]
 51%|###############7               | 212/418 [00:11<00:10, 18.83it/s]
 51%|###############8               | 214/418 [00:11<00:10, 18.83it/s]
 52%|################               | 216/418 [00:11<00:10, 18.84it/s]
 52%|################1              | 218/418 [00:11<00:10, 18.71it/s]
 53%|################3              | 220/418 [00:11<00:10, 18.68it/s]
 53%|################4              | 222/418 [00:11<00:10, 18.70it/s]
 54%|################6              | 224/418 [00:11<00:10, 18.78it/s]
 54%|################7              | 226/418 [00:12<00:10, 18.83it/s]
 55%|################9              | 228/418 [00:12<00:10, 18.91it/s]
 55%|#################              | 230/418 [00:12<00:10, 17.87it/s]
 56%|#################2             | 232/418 [00:12<00:10, 18.19it/s]
 56%|#################3             | 234/418 [00:12<00:10, 18.37it/s]
 56%|#################5             | 236/418 [00:12<00:09, 18.54it/s]
 57%|#################6             | 238/418 [00:12<00:09, 18.55it/s]
 57%|#################7             | 240/418 [00:12<00:09, 18.58it/s]
 58%|#################9             | 242/418 [00:12<00:09, 18.68it/s]
 58%|##################             | 244/418 [00:13<00:09, 18.62it/s]
 59%|##################2            | 246/418 [00:13<00:09, 18.55it/s]
 59%|##################3            | 248/418 [00:13<00:09, 18.33it/s]
 60%|##################5            | 250/418 [00:13<00:09, 18.50it/s]
 60%|##################6            | 252/418 [00:13<00:08, 18.61it/s]
 61%|##################8            | 254/418 [00:13<00:08, 18.64it/s]
 61%|##################9            | 256/418 [00:13<00:08, 18.63it/s]
 62%|###################1           | 258/418 [00:13<00:08, 18.55it/s]
 62%|###################2           | 260/418 [00:13<00:09, 16.90it/s]
 63%|###################4           | 262/418 [00:14<00:09, 16.63it/s]
 63%|###################5           | 264/418 [00:14<00:09, 16.36it/s]
 64%|###################7           | 266/418 [00:14<00:08, 17.00it/s]
 64%|###################8           | 268/418 [00:14<00:08, 17.48it/s]
 65%|####################           | 270/418 [00:14<00:08, 17.89it/s]
 65%|####################1          | 272/418 [00:14<00:08, 18.14it/s]
 66%|####################3          | 274/418 [00:14<00:07, 18.24it/s]
 66%|####################4          | 276/418 [00:14<00:07, 18.41it/s]
 67%|####################6          | 278/418 [00:14<00:07, 18.52it/s]
 67%|####################7          | 280/418 [00:15<00:07, 18.56it/s]
 67%|####################9          | 282/418 [00:15<00:07, 18.64it/s]
 68%|#####################          | 284/418 [00:15<00:07, 18.73it/s]
 68%|#####################2         | 286/418 [00:15<00:07, 18.70it/s]
 69%|#####################3         | 288/418 [00:15<00:06, 18.75it/s]
 69%|#####################5         | 290/418 [00:15<00:06, 18.75it/s]
 70%|#####################6         | 292/418 [00:15<00:06, 18.82it/s]
 70%|#####################8         | 294/418 [00:15<00:06, 18.98it/s]
 71%|#####################9         | 296/418 [00:15<00:06, 19.00it/s]
 71%|######################1        | 298/418 [00:15<00:06, 19.05it/s]
 72%|######################2        | 300/418 [00:16<00:06, 19.04it/s]
 72%|######################3        | 302/418 [00:16<00:06, 18.86it/s]
 73%|######################5        | 304/418 [00:16<00:06, 18.90it/s]
 73%|######################6        | 306/418 [00:16<00:05, 18.83it/s]
 74%|######################8        | 308/418 [00:16<00:05, 18.81it/s]
 74%|######################9        | 310/418 [00:16<00:05, 18.83it/s]
 75%|#######################1       | 312/418 [00:16<00:05, 18.79it/s]
 75%|#######################2       | 314/418 [00:16<00:05, 18.79it/s]
 76%|#######################4       | 316/418 [00:16<00:05, 18.89it/s]
 76%|#######################5       | 318/418 [00:17<00:05, 18.83it/s]
 77%|#######################7       | 320/418 [00:17<00:05, 18.80it/s]
 77%|#######################8       | 322/418 [00:17<00:05, 18.55it/s]
 78%|########################       | 324/418 [00:17<00:05, 18.65it/s]
 78%|########################1      | 326/418 [00:17<00:05, 17.92it/s]
 78%|########################3      | 328/418 [00:17<00:04, 18.11it/s]
 79%|########################4      | 330/418 [00:17<00:04, 18.33it/s]
 79%|########################6      | 332/418 [00:17<00:04, 18.46it/s]
 80%|########################7      | 334/418 [00:17<00:04, 18.54it/s]
 80%|########################9      | 336/418 [00:18<00:04, 18.49it/s]
 81%|#########################      | 338/418 [00:18<00:04, 18.67it/s]
 81%|#########################2     | 340/418 [00:18<00:04, 18.75it/s]
 82%|#########################3     | 342/418 [00:18<00:04, 18.53it/s]
 82%|#########################5     | 344/418 [00:18<00:03, 18.63it/s]
 83%|#########################6     | 346/418 [00:18<00:03, 18.78it/s]
 83%|#########################8     | 348/418 [00:18<00:03, 18.86it/s]
 84%|#########################9     | 350/418 [00:18<00:03, 17.95it/s]
 84%|##########################1    | 352/418 [00:18<00:03, 17.26it/s]
 85%|##########################2    | 354/418 [00:19<00:03, 17.75it/s]
 85%|##########################4    | 356/418 [00:19<00:03, 18.19it/s]
 86%|##########################5    | 358/418 [00:19<00:03, 18.35it/s]
 86%|##########################6    | 360/418 [00:19<00:03, 18.48it/s]
 87%|##########################8    | 362/418 [00:19<00:02, 18.69it/s]
 87%|##########################9    | 364/418 [00:19<00:02, 18.68it/s]
 88%|###########################1   | 366/418 [00:19<00:02, 18.74it/s]
 88%|###########################2   | 368/418 [00:19<00:02, 18.78it/s]
 89%|###########################4   | 370/418 [00:19<00:02, 18.81it/s]
 89%|###########################5   | 372/418 [00:20<00:02, 17.88it/s]
 89%|###########################7   | 374/418 [00:20<00:02, 18.15it/s]
 90%|###########################8   | 376/418 [00:20<00:02, 18.18it/s]
 90%|############################   | 378/418 [00:20<00:02, 18.18it/s]
 91%|############################1  | 380/418 [00:20<00:02, 18.37it/s]
 91%|############################3  | 382/418 [00:20<00:01, 18.45it/s]
 92%|############################4  | 384/418 [00:20<00:01, 18.51it/s]
 92%|############################6  | 386/418 [00:20<00:01, 18.49it/s]
 93%|############################7  | 388/418 [00:20<00:01, 18.55it/s]
 93%|############################9  | 390/418 [00:20<00:01, 18.61it/s]
 94%|#############################  | 392/418 [00:21<00:01, 18.76it/s]
 94%|#############################2 | 394/418 [00:21<00:01, 18.71it/s]
 95%|#############################3 | 396/418 [00:21<00:01, 18.73it/s]
 95%|#############################5 | 398/418 [00:21<00:01, 18.84it/s]
 96%|#############################6 | 400/418 [00:21<00:00, 18.84it/s]
 96%|#############################8 | 402/418 [00:21<00:00, 18.87it/s]
 97%|#############################9 | 404/418 [00:21<00:00, 18.83it/s]
 97%|##############################1| 406/418 [00:21<00:00, 18.83it/s]
 98%|##############################2| 408/418 [00:21<00:00, 18.85it/s]
 98%|##############################4| 410/418 [00:22<00:00, 18.82it/s]
 99%|##############################5| 412/418 [00:22<00:00, 17.93it/s]
 99%|##############################7| 414/418 [00:22<00:00, 17.16it/s]
100%|##############################8| 416/418 [00:22<00:00, 17.71it/s]
100%|###############################| 418/418 [00:22<00:00, 18.18it/s]
100%|###############################| 418/418 [00:22<00:00, 18.58it/s]
[SEAL Epoch 8] loss=0.5185

[SEAL Epoch 9/20] Run 1/1 - training...

  0%|                                         | 0/418 [00:00<?, ?it/s]
  0%|1                                | 2/418 [00:00<00:24, 16.87it/s]
  1%|3                                | 4/418 [00:00<00:23, 17.96it/s]
  1%|4                                | 6/418 [00:00<00:22, 18.24it/s]
  2%|6                                | 8/418 [00:00<00:22, 18.40it/s]
  2%|7                               | 10/418 [00:00<00:23, 17.59it/s]
  3%|9                               | 12/418 [00:00<00:22, 17.87it/s]
  3%|#                               | 14/418 [00:00<00:22, 17.96it/s]
  4%|#2                              | 16/418 [00:00<00:22, 18.19it/s]
  4%|#3                              | 18/418 [00:00<00:21, 18.30it/s]
  5%|#5                              | 20/418 [00:01<00:21, 18.61it/s]
  5%|#6                              | 22/418 [00:01<00:22, 17.71it/s]
  6%|#8                              | 24/418 [00:01<00:21, 18.02it/s]
  6%|#9                              | 26/418 [00:01<00:21, 18.21it/s]
  7%|##1                             | 28/418 [00:01<00:21, 18.35it/s]
  7%|##2                             | 30/418 [00:01<00:20, 18.53it/s]
  8%|##4                             | 32/418 [00:01<00:20, 18.52it/s]
  8%|##6                             | 34/418 [00:01<00:20, 18.54it/s]
  9%|##7                             | 36/418 [00:01<00:20, 18.58it/s]
  9%|##9                             | 38/418 [00:02<00:20, 18.54it/s]
 10%|###                             | 40/418 [00:02<00:20, 18.50it/s]
 10%|###2                            | 42/418 [00:02<00:20, 18.70it/s]
 11%|###3                            | 44/418 [00:02<00:19, 18.72it/s]
 11%|###5                            | 46/418 [00:02<00:19, 18.75it/s]
 11%|###6                            | 48/418 [00:02<00:20, 17.80it/s]
 12%|###8                            | 50/418 [00:02<00:21, 17.14it/s]
 12%|###9                            | 52/418 [00:02<00:20, 17.62it/s]
 13%|####1                           | 54/418 [00:02<00:20, 17.86it/s]
 13%|####2                           | 56/418 [00:03<00:20, 18.00it/s]
 14%|####4                           | 58/418 [00:03<00:19, 18.16it/s]
 14%|####5                           | 60/418 [00:03<00:19, 18.33it/s]
 15%|####7                           | 62/418 [00:03<00:19, 18.42it/s]
 15%|####8                           | 64/418 [00:03<00:19, 18.52it/s]
 16%|#####                           | 66/418 [00:03<00:18, 18.69it/s]
 16%|#####2                          | 68/418 [00:03<00:18, 18.63it/s]
 17%|#####3                          | 70/418 [00:03<00:18, 18.65it/s]
 17%|#####5                          | 72/418 [00:03<00:18, 18.74it/s]
 18%|#####6                          | 74/418 [00:04<00:18, 18.73it/s]
 18%|#####8                          | 76/418 [00:04<00:18, 18.60it/s]
 19%|#####9                          | 78/418 [00:04<00:18, 18.55it/s]
 19%|######1                         | 80/418 [00:04<00:18, 18.54it/s]
 20%|######2                         | 82/418 [00:04<00:18, 17.76it/s]
 20%|######4                         | 84/418 [00:04<00:18, 18.02it/s]
 21%|######5                         | 86/418 [00:04<00:18, 18.12it/s]
 21%|######7                         | 88/418 [00:04<00:17, 18.34it/s]
 22%|######8                         | 90/418 [00:04<00:17, 18.34it/s]
 22%|#######                         | 92/418 [00:05<00:17, 18.41it/s]
 22%|#######1                        | 94/418 [00:05<00:17, 18.44it/s]
 23%|#######3                        | 96/418 [00:05<00:17, 18.20it/s]
 23%|#######5                        | 98/418 [00:05<00:17, 18.43it/s]
 24%|#######4                       | 100/418 [00:05<00:17, 18.43it/s]
 24%|#######5                       | 102/418 [00:05<00:17, 18.54it/s]
 25%|#######7                       | 104/418 [00:05<00:16, 18.62it/s]
 25%|#######8                       | 106/418 [00:05<00:16, 18.53it/s]
 26%|########                       | 108/418 [00:05<00:16, 18.60it/s]
 26%|########1                      | 110/418 [00:06<00:16, 18.61it/s]
 27%|########3                      | 112/418 [00:06<00:16, 18.71it/s]
 27%|########4                      | 114/418 [00:06<00:16, 18.74it/s]
 28%|########6                      | 116/418 [00:06<00:16, 18.49it/s]
 28%|########7                      | 118/418 [00:06<00:16, 17.75it/s]
 29%|########8                      | 120/418 [00:06<00:16, 18.13it/s]
 29%|#########                      | 122/418 [00:06<00:16, 18.23it/s]
 30%|#########1                     | 124/418 [00:06<00:16, 18.29it/s]
 30%|#########3                     | 126/418 [00:06<00:16, 17.77it/s]
 31%|#########4                     | 128/418 [00:07<00:17, 17.00it/s]
 31%|#########6                     | 130/418 [00:07<00:16, 17.48it/s]
 32%|#########7                     | 132/418 [00:07<00:16, 16.93it/s]
 32%|#########9                     | 134/418 [00:07<00:16, 17.32it/s]
 33%|##########                     | 136/418 [00:07<00:15, 17.71it/s]
 33%|##########2                    | 138/418 [00:07<00:15, 18.06it/s]
 33%|##########3                    | 140/418 [00:07<00:15, 18.35it/s]
 34%|##########5                    | 142/418 [00:07<00:14, 18.44it/s]
 34%|##########6                    | 144/418 [00:07<00:15, 18.14it/s]
 35%|##########8                    | 146/418 [00:08<00:14, 18.16it/s]
 35%|##########9                    | 148/418 [00:08<00:14, 18.28it/s]
 36%|###########1                   | 150/418 [00:08<00:14, 18.09it/s]
 36%|###########2                   | 152/418 [00:08<00:14, 18.21it/s]
 37%|###########4                   | 154/418 [00:08<00:14, 18.41it/s]
 37%|###########5                   | 156/418 [00:08<00:14, 17.68it/s]
 38%|###########7                   | 158/418 [00:08<00:14, 17.99it/s]
 38%|###########8                   | 160/418 [00:08<00:14, 18.16it/s]
 39%|############                   | 162/418 [00:08<00:14, 17.52it/s]
 39%|############1                  | 164/418 [00:09<00:14, 17.81it/s]
 40%|############3                  | 166/418 [00:09<00:14, 17.13it/s]
 40%|############4                  | 168/418 [00:09<00:14, 16.78it/s]
 41%|############6                  | 170/418 [00:09<00:14, 17.32it/s]
 41%|############7                  | 172/418 [00:09<00:14, 17.53it/s]
 42%|############9                  | 174/418 [00:09<00:13, 17.85it/s]
 42%|#############                  | 176/418 [00:09<00:14, 17.21it/s]
 43%|#############2                 | 178/418 [00:09<00:13, 17.56it/s]
 43%|#############3                 | 180/418 [00:09<00:13, 17.08it/s]
 44%|#############4                 | 182/418 [00:10<00:13, 17.53it/s]
 44%|#############6                 | 184/418 [00:10<00:13, 17.92it/s]
 44%|#############7                 | 186/418 [00:10<00:13, 17.22it/s]
 45%|#############9                 | 188/418 [00:10<00:13, 17.69it/s]
 45%|##############                 | 190/418 [00:10<00:12, 17.84it/s]
 46%|##############2                | 192/418 [00:10<00:12, 18.12it/s]
 46%|##############3                | 194/418 [00:10<00:12, 18.35it/s]
 47%|##############5                | 196/418 [00:10<00:12, 18.30it/s]
 47%|##############6                | 198/418 [00:11<00:32,  6.69it/s]
 48%|##############8                | 200/418 [00:11<00:26,  8.31it/s]
 48%|##############9                | 202/418 [00:11<00:21,  9.97it/s]
 49%|###############1               | 204/418 [00:11<00:18, 11.61it/s]
 49%|###############2               | 206/418 [00:11<00:16, 13.06it/s]
 50%|###############4               | 208/418 [00:12<00:14, 14.42it/s]
 50%|###############5               | 210/418 [00:12<00:13, 15.49it/s]
 51%|###############7               | 212/418 [00:12<00:12, 16.40it/s]
 51%|###############8               | 214/418 [00:12<00:11, 17.03it/s]
 52%|################               | 216/418 [00:12<00:11, 17.44it/s]
 52%|################1              | 218/418 [00:12<00:11, 17.98it/s]
 53%|################3              | 220/418 [00:12<00:10, 18.27it/s]
 53%|################4              | 222/418 [00:12<00:10, 18.38it/s]
 54%|################6              | 224/418 [00:12<00:10, 18.50it/s]
 54%|################7              | 226/418 [00:13<00:10, 18.61it/s]
 55%|################9              | 228/418 [00:13<00:10, 18.64it/s]
 55%|#################              | 230/418 [00:13<00:10, 18.71it/s]
 56%|#################2             | 232/418 [00:13<00:09, 18.72it/s]
 56%|#################3             | 234/418 [00:13<00:09, 18.63it/s]
 56%|#################5             | 236/418 [00:13<00:09, 18.91it/s]
 57%|#################6             | 238/418 [00:13<00:09, 18.88it/s]
 57%|#################7             | 240/418 [00:13<00:09, 18.89it/s]
 58%|#################9             | 242/418 [00:13<00:09, 18.85it/s]
 58%|##################             | 244/418 [00:14<00:09, 18.92it/s]
 59%|##################2            | 246/418 [00:14<00:09, 18.89it/s]
 59%|##################3            | 248/418 [00:14<00:08, 18.91it/s]
 60%|##################5            | 250/418 [00:14<00:08, 18.89it/s]
 60%|##################6            | 252/418 [00:14<00:08, 18.94it/s]
 61%|##################8            | 254/418 [00:14<00:08, 18.91it/s]
 61%|##################9            | 256/418 [00:14<00:08, 18.83it/s]
 62%|###################1           | 258/418 [00:14<00:08, 18.77it/s]
 62%|###################2           | 260/418 [00:14<00:08, 17.89it/s]
 63%|###################4           | 262/418 [00:14<00:08, 18.12it/s]
 63%|###################5           | 264/418 [00:15<00:08, 18.27it/s]
 64%|###################7           | 266/418 [00:15<00:08, 18.32it/s]
 64%|###################8           | 268/418 [00:15<00:08, 18.47it/s]
 65%|####################           | 270/418 [00:15<00:07, 18.62it/s]
 65%|####################1          | 272/418 [00:15<00:08, 17.92it/s]
 66%|####################3          | 274/418 [00:15<00:08, 17.92it/s]
 66%|####################4          | 276/418 [00:15<00:07, 18.18it/s]
 67%|####################6          | 278/418 [00:15<00:07, 18.23it/s]
 67%|####################7          | 280/418 [00:15<00:07, 18.34it/s]
 67%|####################9          | 282/418 [00:16<00:07, 18.55it/s]
 68%|#####################          | 284/418 [00:16<00:07, 18.63it/s]
 68%|#####################2         | 286/418 [00:16<00:07, 18.24it/s]
 69%|#####################3         | 288/418 [00:16<00:07, 18.46it/s]
 69%|#####################5         | 290/418 [00:16<00:06, 18.51it/s]
 70%|#####################6         | 292/418 [00:16<00:06, 18.61it/s]
 70%|#####################8         | 294/418 [00:16<00:06, 18.61it/s]
 71%|#####################9         | 296/418 [00:16<00:07, 17.18it/s]
 71%|######################1        | 298/418 [00:16<00:06, 17.65it/s]
 72%|######################2        | 300/418 [00:17<00:06, 17.92it/s]
 72%|######################3        | 302/418 [00:17<00:06, 18.15it/s]
 73%|######################5        | 304/418 [00:17<00:06, 18.35it/s]
 73%|######################6        | 306/418 [00:17<00:06, 18.53it/s]
 74%|######################8        | 308/418 [00:17<00:05, 18.66it/s]
 74%|######################9        | 310/418 [00:17<00:05, 18.57it/s]
 75%|#######################1       | 312/418 [00:17<00:06, 17.63it/s]
 75%|#######################2       | 314/418 [00:17<00:05, 17.95it/s]
 76%|#######################4       | 316/418 [00:17<00:05, 18.19it/s]
 76%|#######################5       | 318/418 [00:18<00:05, 18.35it/s]
 77%|#######################7       | 320/418 [00:18<00:05, 18.50it/s]
 77%|#######################8       | 322/418 [00:18<00:05, 18.57it/s]
 78%|########################       | 324/418 [00:18<00:05, 18.60it/s]
 78%|########################1      | 326/418 [00:18<00:04, 18.67it/s]
 78%|########################3      | 328/418 [00:18<00:04, 18.66it/s]
 79%|########################4      | 330/418 [00:18<00:04, 18.68it/s]
 79%|########################6      | 332/418 [00:18<00:04, 18.77it/s]
 80%|########################7      | 334/418 [00:18<00:04, 18.86it/s]
 80%|########################9      | 336/418 [00:19<00:04, 18.86it/s]
 81%|#########################      | 338/418 [00:19<00:04, 18.85it/s]
 81%|#########################2     | 340/418 [00:19<00:04, 18.94it/s]
 82%|#########################3     | 342/418 [00:19<00:04, 18.96it/s]
 82%|#########################5     | 344/418 [00:19<00:03, 18.82it/s]
 83%|#########################6     | 346/418 [00:19<00:04, 17.85it/s]
 83%|#########################8     | 348/418 [00:19<00:03, 18.17it/s]
 84%|#########################9     | 350/418 [00:19<00:03, 18.32it/s]
 84%|##########################1    | 352/418 [00:19<00:03, 18.02it/s]
 85%|##########################2    | 354/418 [00:20<00:03, 17.45it/s]
 85%|##########################4    | 356/418 [00:20<00:03, 17.93it/s]
 86%|##########################5    | 358/418 [00:20<00:03, 18.07it/s]
 86%|##########################6    | 360/418 [00:20<00:03, 18.28it/s]
 87%|##########################8    | 362/418 [00:20<00:03, 18.46it/s]
 87%|##########################9    | 364/418 [00:20<00:02, 18.61it/s]
 88%|###########################1   | 366/418 [00:20<00:02, 18.69it/s]
 88%|###########################2   | 368/418 [00:20<00:02, 18.78it/s]
 89%|###########################4   | 370/418 [00:20<00:02, 18.69it/s]
 89%|###########################5   | 372/418 [00:20<00:02, 18.67it/s]
 89%|###########################7   | 374/418 [00:21<00:02, 17.63it/s]
 90%|###########################8   | 376/418 [00:21<00:02, 17.94it/s]
 90%|############################   | 378/418 [00:21<00:02, 18.22it/s]
 91%|############################1  | 380/418 [00:21<00:02, 18.40it/s]
 91%|############################3  | 382/418 [00:21<00:02, 17.54it/s]
 92%|############################4  | 384/418 [00:21<00:01, 17.96it/s]
 92%|############################6  | 386/418 [00:21<00:01, 18.06it/s]
 93%|############################7  | 388/418 [00:21<00:01, 18.24it/s]
 93%|############################9  | 390/418 [00:21<00:01, 18.26it/s]
 94%|#############################  | 392/418 [00:22<00:01, 18.43it/s]
 94%|#############################2 | 394/418 [00:22<00:01, 18.52it/s]
 95%|#############################3 | 396/418 [00:22<00:01, 18.64it/s]
 95%|#############################5 | 398/418 [00:22<00:01, 18.72it/s]
 96%|#############################6 | 400/418 [00:22<00:00, 18.71it/s]
 96%|#############################8 | 402/418 [00:22<00:00, 18.72it/s]
 97%|#############################9 | 404/418 [00:22<00:00, 18.83it/s]
 97%|##############################1| 406/418 [00:22<00:00, 18.87it/s]
 98%|##############################2| 408/418 [00:22<00:00, 17.99it/s]
 98%|##############################4| 410/418 [00:23<00:00, 17.31it/s]
 99%|##############################5| 412/418 [00:23<00:00, 17.73it/s]
 99%|##############################7| 414/418 [00:23<00:00, 18.10it/s]
100%|##############################8| 416/418 [00:23<00:00, 18.28it/s]
100%|###############################| 418/418 [00:23<00:00, 18.61it/s]
100%|###############################| 418/418 [00:23<00:00, 17.79it/s]
[SEAL Epoch 9] loss=0.5183

[SEAL Epoch 10/20] Run 1/1 - training...

  0%|                                         | 0/418 [00:00<?, ?it/s]
  0%|1                                | 2/418 [00:00<00:29, 14.02it/s]
  1%|3                                | 4/418 [00:00<00:25, 16.51it/s]
  1%|4                                | 6/418 [00:00<00:23, 17.50it/s]
  2%|6                                | 8/418 [00:00<00:23, 17.29it/s]
  2%|7                               | 10/418 [00:00<00:22, 17.78it/s]
  3%|9                               | 12/418 [00:00<00:22, 18.06it/s]
  3%|#                               | 14/418 [00:00<00:22, 18.33it/s]
  4%|#2                              | 16/418 [00:00<00:21, 18.36it/s]
  4%|#3                              | 18/418 [00:01<00:21, 18.51it/s]
  5%|#5                              | 20/418 [00:01<00:22, 17.61it/s]
  5%|#6                              | 22/418 [00:01<00:23, 17.03it/s]
  6%|#8                              | 24/418 [00:01<00:22, 17.53it/s]
  6%|#9                              | 26/418 [00:01<00:21, 17.88it/s]
  7%|##1                             | 28/418 [00:01<00:21, 18.13it/s]
  7%|##2                             | 30/418 [00:01<00:21, 18.25it/s]
  8%|##4                             | 32/418 [00:01<00:20, 18.48it/s]
  8%|##6                             | 34/418 [00:01<00:20, 18.66it/s]
  9%|##7                             | 36/418 [00:02<00:20, 18.75it/s]
  9%|##9                             | 38/418 [00:02<00:21, 17.77it/s]
 10%|###                             | 40/418 [00:02<00:20, 18.05it/s]
 10%|###2                            | 42/418 [00:02<00:20, 18.26it/s]
 11%|###3                            | 44/418 [00:02<00:20, 18.41it/s]
 11%|###5                            | 46/418 [00:02<00:21, 17.22it/s]
 11%|###6                            | 48/418 [00:02<00:20, 17.65it/s]
 12%|###8                            | 50/418 [00:02<00:20, 17.86it/s]
 12%|###9                            | 52/418 [00:02<00:21, 16.65it/s]
 13%|####1                           | 54/418 [00:03<00:21, 17.24it/s]
 13%|####2                           | 56/418 [00:03<00:22, 16.25it/s]
 14%|####4                           | 58/418 [00:03<00:21, 16.97it/s]
 14%|####5                           | 60/418 [00:03<00:20, 17.53it/s]
 15%|####7                           | 62/418 [00:03<00:20, 17.73it/s]
 15%|####8                           | 64/418 [00:03<00:19, 18.07it/s]
 16%|#####                           | 66/418 [00:03<00:19, 18.42it/s]
 16%|#####2                          | 68/418 [00:03<00:18, 18.51it/s]
 17%|#####3                          | 70/418 [00:03<00:18, 18.52it/s]
 17%|#####5                          | 72/418 [00:04<00:18, 18.53it/s]
 18%|#####6                          | 74/418 [00:04<00:18, 18.47it/s]
 18%|#####8                          | 76/418 [00:04<00:18, 18.66it/s]
 19%|#####9                          | 78/418 [00:04<00:19, 17.81it/s]
 19%|######1                         | 80/418 [00:04<00:18, 18.09it/s]
 20%|######2                         | 82/418 [00:04<00:18, 18.27it/s]
 20%|######4                         | 84/418 [00:04<00:19, 17.48it/s]
 21%|######5                         | 86/418 [00:04<00:18, 17.88it/s]
 21%|######7                         | 88/418 [00:04<00:19, 17.05it/s]
 22%|######8                         | 90/418 [00:05<00:18, 17.49it/s]
 22%|#######                         | 92/418 [00:05<00:18, 17.75it/s]
 22%|#######1                        | 94/418 [00:05<00:18, 17.14it/s]
 23%|#######3                        | 96/418 [00:05<00:18, 17.61it/s]
 23%|#######5                        | 98/418 [00:05<00:17, 17.95it/s]
 24%|#######4                       | 100/418 [00:05<00:17, 18.17it/s]
 24%|#######5                       | 102/418 [00:05<00:17, 18.13it/s]
 25%|#######7                       | 104/418 [00:05<00:17, 18.34it/s]
 25%|#######8                       | 106/418 [00:05<00:17, 18.35it/s]
 26%|########                       | 108/418 [00:06<00:16, 18.47it/s]
 26%|########1                      | 110/418 [00:06<00:17, 17.53it/s]
 27%|########3                      | 112/418 [00:06<00:17, 17.98it/s]
 27%|########4                      | 114/418 [00:06<00:16, 18.21it/s]
 28%|########6                      | 116/418 [00:06<00:16, 18.39it/s]
 28%|########7                      | 118/418 [00:06<00:16, 18.55it/s]
 29%|########8                      | 120/418 [00:06<00:15, 18.64it/s]
 29%|#########                      | 122/418 [00:06<00:15, 18.78it/s]
 30%|#########1                     | 124/418 [00:06<00:15, 18.71it/s]
 30%|#########3                     | 126/418 [00:07<00:15, 18.70it/s]
 31%|#########4                     | 128/418 [00:07<00:15, 18.63it/s]
 31%|#########6                     | 130/418 [00:07<00:15, 18.64it/s]
 32%|#########7                     | 132/418 [00:07<00:15, 18.69it/s]
 32%|#########9                     | 134/418 [00:07<00:15, 18.66it/s]
 33%|##########                     | 136/418 [00:07<00:15, 18.74it/s]
 33%|##########2                    | 138/418 [00:07<00:14, 18.70it/s]
 33%|##########3                    | 140/418 [00:07<00:14, 18.76it/s]
 34%|##########5                    | 142/418 [00:07<00:14, 18.83it/s]
 34%|##########6                    | 144/418 [00:07<00:14, 18.80it/s]
 35%|##########8                    | 146/418 [00:08<00:14, 18.79it/s]
 35%|##########9                    | 148/418 [00:08<00:14, 18.67it/s]
 36%|###########1                   | 150/418 [00:08<00:14, 18.74it/s]
 36%|###########2                   | 152/418 [00:08<00:14, 18.65it/s]
 37%|###########4                   | 154/418 [00:08<00:14, 18.67it/s]
 37%|###########5                   | 156/418 [00:08<00:13, 18.73it/s]
 38%|###########7                   | 158/418 [00:08<00:13, 18.63it/s]
 38%|###########8                   | 160/418 [00:08<00:13, 18.71it/s]
 39%|############                   | 162/418 [00:08<00:13, 18.79it/s]
 39%|############1                  | 164/418 [00:09<00:13, 18.81it/s]
 40%|############3                  | 166/418 [00:09<00:13, 18.82it/s]
 40%|############4                  | 168/418 [00:09<00:13, 18.83it/s]
 41%|############6                  | 170/418 [00:09<00:13, 18.95it/s]
 41%|############7                  | 172/418 [00:09<00:13, 18.76it/s]
 42%|############9                  | 174/418 [00:09<00:12, 18.83it/s]
 42%|#############                  | 176/418 [00:09<00:12, 18.75it/s]
 43%|#############2                 | 178/418 [00:09<00:12, 18.71it/s]
 43%|#############3                 | 180/418 [00:09<00:12, 18.89it/s]
 44%|#############4                 | 182/418 [00:10<00:12, 18.75it/s]
 44%|#############6                 | 184/418 [00:10<00:13, 17.76it/s]
 44%|#############7                 | 186/418 [00:10<00:13, 17.20it/s]
 45%|#############9                 | 188/418 [00:10<00:13, 17.58it/s]
 45%|##############                 | 190/418 [00:10<00:12, 17.85it/s]
 46%|##############2                | 192/418 [00:10<00:12, 17.92it/s]
 46%|##############3                | 194/418 [00:10<00:12, 17.30it/s]
 47%|##############5                | 196/418 [00:10<00:12, 17.73it/s]
 47%|##############6                | 198/418 [00:10<00:12, 18.15it/s]
 48%|##############8                | 200/418 [00:11<00:11, 18.41it/s]
 48%|##############9                | 202/418 [00:11<00:11, 18.51it/s]
 49%|###############1               | 204/418 [00:11<00:11, 18.57it/s]
 49%|###############2               | 206/418 [00:11<00:11, 17.87it/s]
 50%|###############4               | 208/418 [00:11<00:12, 17.11it/s]
 50%|###############5               | 210/418 [00:11<00:11, 17.62it/s]
 51%|###############7               | 212/418 [00:11<00:11, 18.01it/s]
 51%|###############8               | 214/418 [00:11<00:11, 18.26it/s]
 52%|################               | 216/418 [00:11<00:11, 18.30it/s]
 52%|################1              | 218/418 [00:12<00:10, 18.45it/s]
 53%|################3              | 220/418 [00:12<00:10, 18.52it/s]
 53%|################4              | 222/418 [00:12<00:10, 18.61it/s]
 54%|################6              | 224/418 [00:12<00:10, 17.83it/s]
 54%|################7              | 226/418 [00:12<00:11, 17.26it/s]
 55%|################9              | 228/418 [00:12<00:10, 17.76it/s]
 55%|#################              | 230/418 [00:12<00:10, 18.00it/s]
 56%|#################2             | 232/418 [00:12<00:10, 18.21it/s]
 56%|#################3             | 234/418 [00:12<00:10, 18.27it/s]
 56%|#################5             | 236/418 [00:13<00:09, 18.48it/s]
 57%|#################6             | 238/418 [00:13<00:09, 18.57it/s]
 57%|#################7             | 240/418 [00:13<00:09, 18.68it/s]
 58%|#################9             | 242/418 [00:13<00:09, 18.78it/s]
 58%|##################             | 244/418 [00:13<00:09, 18.92it/s]
 59%|##################2            | 246/418 [00:13<00:09, 19.07it/s]
 59%|##################3            | 248/418 [00:13<00:08, 19.03it/s]
 60%|##################5            | 250/418 [00:13<00:08, 18.94it/s]
 60%|##################6            | 252/418 [00:13<00:08, 18.99it/s]
 61%|##################8            | 254/418 [00:13<00:08, 19.20it/s]
 61%|##################9            | 256/418 [00:14<00:08, 19.09it/s]
 62%|###################1           | 258/418 [00:14<00:08, 19.04it/s]
 62%|###################2           | 260/418 [00:14<00:08, 19.11it/s]
 63%|###################4           | 262/418 [00:14<00:08, 19.14it/s]
 63%|###################5           | 264/418 [00:14<00:08, 19.16it/s]
 64%|###################7           | 266/418 [00:14<00:07, 19.18it/s]
 64%|###################8           | 268/418 [00:14<00:07, 19.14it/s]
 65%|####################           | 270/418 [00:14<00:07, 19.06it/s]
 65%|####################1          | 272/418 [00:14<00:07, 18.95it/s]
 66%|####################3          | 274/418 [00:15<00:07, 18.93it/s]
 66%|####################4          | 276/418 [00:15<00:07, 18.90it/s]
 67%|####################6          | 278/418 [00:15<00:07, 18.91it/s]
 67%|####################7          | 280/418 [00:15<00:07, 18.75it/s]
 67%|####################9          | 282/418 [00:15<00:07, 18.75it/s]
 68%|#####################          | 284/418 [00:15<00:07, 17.76it/s]
 68%|#####################2         | 286/418 [00:15<00:07, 17.96it/s]
 69%|#####################3         | 288/418 [00:15<00:07, 18.17it/s]
 69%|#####################5         | 290/418 [00:15<00:06, 18.31it/s]
 70%|#####################6         | 292/418 [00:16<00:07, 17.46it/s]
 70%|#####################8         | 294/418 [00:16<00:06, 17.83it/s]
 71%|#####################9         | 296/418 [00:16<00:06, 18.15it/s]
 71%|######################1        | 298/418 [00:16<00:06, 18.34it/s]
 72%|######################2        | 300/418 [00:16<00:06, 18.52it/s]
 72%|######################3        | 302/418 [00:16<00:06, 18.66it/s]
 73%|######################5        | 304/418 [00:16<00:06, 18.65it/s]
 73%|######################6        | 306/418 [00:16<00:05, 18.69it/s]
 74%|######################8        | 308/418 [00:16<00:05, 18.65it/s]
 74%|######################9        | 310/418 [00:16<00:05, 18.72it/s]
 75%|#######################1       | 312/418 [00:17<00:05, 18.62it/s]
 75%|#######################2       | 314/418 [00:17<00:05, 18.64it/s]
 76%|#######################4       | 316/418 [00:17<00:05, 18.74it/s]
 76%|#######################5       | 318/418 [00:17<00:05, 18.68it/s]
 77%|#######################7       | 320/418 [00:17<00:05, 18.75it/s]
 77%|#######################8       | 322/418 [00:17<00:05, 18.76it/s]
 78%|########################       | 324/418 [00:17<00:04, 18.82it/s]
 78%|########################1      | 326/418 [00:17<00:05, 17.70it/s]
 78%|########################3      | 328/418 [00:17<00:05, 17.24it/s]
 79%|########################4      | 330/418 [00:18<00:04, 17.68it/s]
 79%|########################6      | 332/418 [00:18<00:04, 18.12it/s]
 80%|########################7      | 334/418 [00:18<00:04, 18.26it/s]
 80%|########################9      | 336/418 [00:18<00:04, 17.41it/s]
 81%|#########################      | 338/418 [00:18<00:04, 16.95it/s]
 81%|#########################2     | 340/418 [00:18<00:04, 17.43it/s]
 82%|#########################3     | 342/418 [00:18<00:04, 17.72it/s]
 82%|#########################5     | 344/418 [00:18<00:04, 18.02it/s]
 83%|#########################6     | 346/418 [00:18<00:03, 18.23it/s]
 83%|#########################8     | 348/418 [00:19<00:03, 18.40it/s]
 84%|#########################9     | 350/418 [00:19<00:03, 18.65it/s]
 84%|##########################1    | 352/418 [00:19<00:03, 18.74it/s]
 85%|##########################2    | 354/418 [00:19<00:03, 18.67it/s]
 85%|##########################4    | 356/418 [00:19<00:03, 18.73it/s]
 86%|##########################5    | 358/418 [00:19<00:03, 18.77it/s]
 86%|##########################6    | 360/418 [00:19<00:03, 18.76it/s]
 87%|##########################8    | 362/418 [00:19<00:02, 18.80it/s]
 87%|##########################9    | 364/418 [00:19<00:02, 18.79it/s]
 88%|###########################1   | 366/418 [00:20<00:02, 18.87it/s]
 88%|###########################2   | 368/418 [00:20<00:02, 18.77it/s]
 89%|###########################4   | 370/418 [00:20<00:02, 18.68it/s]
 89%|###########################5   | 372/418 [00:20<00:02, 18.94it/s]
 89%|###########################7   | 374/418 [00:20<00:02, 18.93it/s]
 90%|###########################8   | 376/418 [00:20<00:02, 18.89it/s]
 90%|############################   | 378/418 [00:20<00:02, 18.82it/s]
 91%|############################1  | 380/418 [00:20<00:02, 18.84it/s]
 91%|############################3  | 382/418 [00:20<00:01, 18.91it/s]
 92%|############################4  | 384/418 [00:20<00:01, 18.92it/s]
 92%|############################6  | 386/418 [00:21<00:01, 19.03it/s]
 93%|############################7  | 388/418 [00:21<00:01, 18.97it/s]
 93%|############################9  | 390/418 [00:21<00:01, 19.07it/s]
 94%|#############################  | 392/418 [00:21<00:01, 19.07it/s]
 94%|#############################2 | 394/418 [00:21<00:01, 19.01it/s]
 95%|#############################3 | 396/418 [00:21<00:01, 19.02it/s]
 95%|#############################5 | 398/418 [00:21<00:01, 18.95it/s]
 96%|#############################6 | 400/418 [00:21<00:00, 18.80it/s]
 96%|#############################8 | 402/418 [00:21<00:00, 18.76it/s]
 97%|#############################9 | 404/418 [00:22<00:00, 18.81it/s]
 97%|##############################1| 406/418 [00:22<00:00, 18.83it/s]
 98%|##############################2| 408/418 [00:22<00:00, 18.91it/s]
 98%|##############################4| 410/418 [00:22<00:00, 18.99it/s]
 99%|##############################5| 412/418 [00:22<00:00, 18.86it/s]
 99%|##############################7| 414/418 [00:22<00:00, 18.88it/s]
100%|##############################8| 416/418 [00:22<00:00, 18.84it/s]
100%|###############################| 418/418 [00:22<00:00, 19.06it/s]
100%|###############################| 418/418 [00:22<00:00, 18.35it/s]
[SEAL Epoch 10] loss=0.5181
[SEAL Epoch 10] Evaluating...

  0%|                                          | 0/53 [00:00<?, ?it/s]
  4%|#2                                | 2/53 [00:00<00:03, 13.07it/s]
  8%|##5                               | 4/53 [00:00<00:03, 13.05it/s]
 11%|###8                              | 6/53 [00:00<00:03, 13.15it/s]
 15%|#####1                            | 8/53 [00:00<00:03, 13.04it/s]
 19%|######2                          | 10/53 [00:00<00:03, 13.00it/s]
 23%|#######4                         | 12/53 [00:00<00:03, 13.01it/s]
 26%|########7                        | 14/53 [00:01<00:03, 12.97it/s]
 30%|#########9                       | 16/53 [00:01<00:02, 12.99it/s]
 34%|###########2                     | 18/53 [00:01<00:02, 13.02it/s]
 38%|############4                    | 20/53 [00:01<00:02, 13.05it/s]
 42%|#############6                   | 22/53 [00:01<00:02, 13.07it/s]
 45%|##############9                  | 24/53 [00:01<00:02, 13.01it/s]
 49%|################1                | 26/53 [00:02<00:04,  5.64it/s]
 53%|#################4               | 28/53 [00:02<00:03,  6.78it/s]
 57%|##################6              | 30/53 [00:02<00:02,  7.88it/s]
 60%|###################9             | 32/53 [00:03<00:02,  8.90it/s]
 64%|#####################1           | 34/53 [00:03<00:01,  9.84it/s]
 68%|######################4          | 36/53 [00:03<00:01, 10.62it/s]
 72%|#######################6         | 38/53 [00:03<00:01, 11.21it/s]
 75%|########################9        | 40/53 [00:03<00:01, 11.57it/s]
 79%|##########################1      | 42/53 [00:03<00:00, 11.83it/s]
 83%|###########################3     | 44/53 [00:04<00:00, 12.09it/s]
 87%|############################6    | 46/53 [00:04<00:00, 12.29it/s]
 91%|#############################8   | 48/53 [00:04<00:00, 12.45it/s]
 94%|###############################1 | 50/53 [00:04<00:00, 12.52it/s]
 98%|################################3| 52/53 [00:04<00:00, 12.58it/s]
100%|#################################| 53/53 [00:04<00:00, 11.23it/s]

  0%|                                          | 0/53 [00:00<?, ?it/s]
  4%|#2                                | 2/53 [00:00<00:03, 13.03it/s]
  8%|##5                               | 4/53 [00:00<00:03, 13.15it/s]
 11%|###8                              | 6/53 [00:00<00:03, 13.00it/s]
 15%|#####1                            | 8/53 [00:00<00:03, 12.97it/s]
 19%|######2                          | 10/53 [00:00<00:03, 13.06it/s]
 23%|#######4                         | 12/53 [00:00<00:03, 13.14it/s]
 26%|########7                        | 14/53 [00:01<00:02, 13.09it/s]
 30%|#########9                       | 16/53 [00:01<00:02, 12.96it/s]
 34%|###########2                     | 18/53 [00:01<00:02, 12.93it/s]
 38%|############4                    | 20/53 [00:01<00:02, 12.98it/s]
 42%|#############6                   | 22/53 [00:01<00:02, 13.05it/s]
 45%|##############9                  | 24/53 [00:01<00:02, 13.08it/s]
 49%|################1                | 26/53 [00:01<00:02, 13.00it/s]
 53%|#################4               | 28/53 [00:02<00:01, 12.93it/s]
 57%|##################6              | 30/53 [00:02<00:01, 12.97it/s]
 60%|###################9             | 32/53 [00:02<00:01, 12.87it/s]
 64%|#####################1           | 34/53 [00:02<00:01, 12.83it/s]
 68%|######################4          | 36/53 [00:02<00:01, 12.89it/s]
 72%|#######################6         | 38/53 [00:02<00:01, 12.90it/s]
 75%|########################9        | 40/53 [00:03<00:01, 12.94it/s]
 79%|##########################1      | 42/53 [00:03<00:00, 12.90it/s]
 83%|###########################3     | 44/53 [00:03<00:00, 12.90it/s]
 87%|############################6    | 46/53 [00:03<00:00, 12.92it/s]
 91%|#############################8   | 48/53 [00:03<00:00, 12.88it/s]
 94%|###############################1 | 50/53 [00:03<00:00, 12.85it/s]
 98%|################################3| 52/53 [00:04<00:00, 12.87it/s]
100%|#################################| 53/53 [00:04<00:00, 13.13it/s]
AUC
Run: 01, Epoch: 10, Loss: 0.5181, Train: 80.79%, Valid: 80.77%, Test: 80.89%

[SEAL Epoch 11/20] Run 1/1 - training...

  0%|                                         | 0/418 [00:00<?, ?it/s]C:\Users\UNITY\Desktop\ANH\Image-Processing-2026\source\baseline_models\link_prediction\SEAL_OGB\seal_link_pred.py:235: FutureWarning: `torch.cuda.amp.autocast(args...)` is deprecated. Please use `torch.amp.autocast('cuda', args...)` instead.
  with torch.cuda.amp.autocast(enabled=_use_amp):
C:\Users\UNITY\Desktop\ANH\Image-Processing-2026\source\baseline_models\link_prediction\SEAL_OGB\models.py:208: UserWarning: 'nn.glob.global_sort_pool' is deprecated, use 'nn.aggr.SortAggr' instead
  x = global_sort_pool(x, batch, self.k)

  0%|1                                | 2/418 [00:00<00:30, 13.72it/s]
  1%|3                                | 4/418 [00:00<00:25, 16.22it/s]
  1%|4                                | 6/418 [00:00<00:23, 17.17it/s]
  2%|6                                | 8/418 [00:00<00:23, 17.59it/s]
  2%|7                               | 10/418 [00:00<00:24, 16.79it/s]
  3%|9                               | 12/418 [00:00<00:23, 17.29it/s]
  3%|#                               | 14/418 [00:00<00:22, 17.64it/s]
  4%|#2                              | 16/418 [00:00<00:22, 17.86it/s]
  4%|#3                              | 18/418 [00:01<00:22, 17.97it/s]
  5%|#5                              | 20/418 [00:01<00:22, 17.80it/s]
  5%|#6                              | 22/418 [00:01<00:22, 17.77it/s]
  6%|#8                              | 24/418 [00:01<00:21, 18.05it/s]
  6%|#9                              | 26/418 [00:01<00:21, 18.22it/s]
  7%|##1                             | 28/418 [00:01<00:21, 18.21it/s]
  7%|##2                             | 30/418 [00:01<00:21, 18.23it/s]
  8%|##4                             | 32/418 [00:01<00:22, 17.49it/s]
  8%|##6                             | 34/418 [00:01<00:21, 17.79it/s]
  9%|##7                             | 36/418 [00:02<00:21, 17.92it/s]
  9%|##9                             | 38/418 [00:02<00:20, 18.15it/s]
 10%|###                             | 40/418 [00:02<00:20, 18.38it/s]
 10%|###2                            | 42/418 [00:02<00:20, 18.44it/s]
 11%|###3                            | 44/418 [00:02<00:20, 18.34it/s]
 11%|###5                            | 46/418 [00:02<00:20, 18.33it/s]
 11%|###6                            | 48/418 [00:02<00:20, 18.44it/s]
 12%|###8                            | 50/418 [00:02<00:19, 18.57it/s]
 12%|###9                            | 52/418 [00:02<00:19, 18.56it/s]
 13%|####1                           | 54/418 [00:03<00:19, 18.60it/s]
 13%|####2                           | 56/418 [00:03<00:19, 18.64it/s]
 14%|####4                           | 58/418 [00:03<00:19, 18.71it/s]
 14%|####5                           | 60/418 [00:03<00:18, 18.86it/s]
 15%|####7                           | 62/418 [00:03<00:18, 18.87it/s]
 15%|####8                           | 64/418 [00:03<00:18, 18.84it/s]
 16%|#####                           | 66/418 [00:03<00:18, 18.87it/s]
 16%|#####2                          | 68/418 [00:03<00:18, 18.72it/s]
 17%|#####3                          | 70/418 [00:03<00:18, 18.74it/s]
 17%|#####5                          | 72/418 [00:03<00:18, 18.77it/s]
 18%|#####6                          | 74/418 [00:04<00:18, 18.83it/s]
 18%|#####8                          | 76/418 [00:04<00:18, 18.86it/s]
 19%|#####9                          | 78/418 [00:04<00:18, 18.85it/s]
 19%|######1                         | 80/418 [00:04<00:17, 18.88it/s]
 20%|######2                         | 82/418 [00:04<00:17, 18.90it/s]
 20%|######4                         | 84/418 [00:04<00:17, 18.87it/s]
 21%|######5                         | 86/418 [00:04<00:17, 18.88it/s]
 21%|######7                         | 88/418 [00:04<00:17, 18.85it/s]
 22%|######8                         | 90/418 [00:04<00:17, 18.94it/s]
 22%|#######                         | 92/418 [00:05<00:17, 18.90it/s]
 22%|#######1                        | 94/418 [00:05<00:17, 18.79it/s]
 23%|#######3                        | 96/418 [00:05<00:17, 18.89it/s]
 23%|#######5                        | 98/418 [00:05<00:16, 18.84it/s]
 24%|#######4                       | 100/418 [00:05<00:16, 18.89it/s]
 24%|#######5                       | 102/418 [00:05<00:16, 18.92it/s]
 25%|#######7                       | 104/418 [00:05<00:16, 18.89it/s]
 25%|#######8                       | 106/418 [00:05<00:16, 18.78it/s]
 26%|########                       | 108/418 [00:05<00:16, 18.89it/s]
 26%|########1                      | 110/418 [00:05<00:16, 18.95it/s]
 27%|########3                      | 112/418 [00:06<00:16, 18.95it/s]
 27%|########4                      | 114/418 [00:06<00:16, 18.97it/s]
 28%|########6                      | 116/418 [00:06<00:15, 18.95it/s]
 28%|########7                      | 118/418 [00:06<00:15, 18.95it/s]
 29%|########8                      | 120/418 [00:06<00:15, 18.98it/s]
 29%|#########                      | 122/418 [00:06<00:15, 18.96it/s]
 30%|#########1                     | 124/418 [00:06<00:15, 18.92it/s]
 30%|#########3                     | 126/418 [00:06<00:15, 18.85it/s]
 31%|#########4                     | 128/418 [00:06<00:15, 18.87it/s]
 31%|#########6                     | 130/418 [00:07<00:15, 18.97it/s]
 32%|#########7                     | 132/418 [00:07<00:15, 18.96it/s]
 32%|#########9                     | 134/418 [00:08<00:51,  5.55it/s]
 33%|##########                     | 136/418 [00:08<00:40,  7.04it/s]
 33%|##########2                    | 138/418 [00:08<00:32,  8.67it/s]
 33%|##########3                    | 140/418 [00:08<00:26, 10.36it/s]
 34%|##########5                    | 142/418 [00:08<00:23, 11.94it/s]
 34%|##########6                    | 144/418 [00:08<00:20, 13.41it/s]
 35%|##########8                    | 146/418 [00:08<00:18, 14.60it/s]
 35%|##########9                    | 148/418 [00:08<00:17, 15.58it/s]
 36%|###########1                   | 150/418 [00:08<00:16, 16.34it/s]
 36%|###########2                   | 152/418 [00:09<00:15, 16.98it/s]
 37%|###########4                   | 154/418 [00:09<00:15, 16.77it/s]
 37%|###########5                   | 156/418 [00:09<00:15, 17.34it/s]
 38%|###########7                   | 158/418 [00:09<00:14, 17.67it/s]
 38%|###########8                   | 160/418 [00:09<00:14, 17.88it/s]
 39%|############                   | 162/418 [00:09<00:14, 18.04it/s]
 39%|############1                  | 164/418 [00:09<00:13, 18.32it/s]
 40%|############3                  | 166/418 [00:09<00:14, 17.86it/s]
 40%|############4                  | 168/418 [00:09<00:14, 17.25it/s]
 41%|############6                  | 170/418 [00:10<00:14, 17.61it/s]
 41%|############7                  | 172/418 [00:10<00:13, 17.88it/s]
 42%|############9                  | 174/418 [00:10<00:13, 18.14it/s]
 42%|#############                  | 176/418 [00:10<00:13, 18.30it/s]
 43%|#############2                 | 178/418 [00:10<00:12, 18.47it/s]
 43%|#############3                 | 180/418 [00:10<00:12, 18.56it/s]
 44%|#############4                 | 182/418 [00:10<00:12, 18.35it/s]
 44%|#############6                 | 184/418 [00:10<00:12, 18.45it/s]
 44%|#############7                 | 186/418 [00:10<00:12, 18.59it/s]
 45%|#############9                 | 188/418 [00:11<00:12, 18.70it/s]
 45%|##############                 | 190/418 [00:11<00:12, 18.59it/s]
 46%|##############2                | 192/418 [00:11<00:12, 18.60it/s]
 46%|##############3                | 194/418 [00:11<00:11, 18.69it/s]
 47%|##############5                | 196/418 [00:11<00:11, 18.74it/s]
 47%|##############6                | 198/418 [00:11<00:11, 18.77it/s]
 48%|##############8                | 200/418 [00:11<00:11, 18.87it/s]
 48%|##############9                | 202/418 [00:11<00:11, 18.90it/s]
 49%|###############1               | 204/418 [00:11<00:11, 18.86it/s]
 49%|###############2               | 206/418 [00:11<00:11, 18.85it/s]
 50%|###############4               | 208/418 [00:12<00:11, 18.96it/s]
 50%|###############5               | 210/418 [00:12<00:10, 18.92it/s]
 51%|###############7               | 212/418 [00:12<00:10, 18.92it/s]
 51%|###############8               | 214/418 [00:12<00:10, 18.97it/s]
 52%|################               | 216/418 [00:12<00:10, 18.96it/s]
 52%|################1              | 218/418 [00:12<00:10, 18.93it/s]
 53%|################3              | 220/418 [00:12<00:10, 18.99it/s]
 53%|################4              | 222/418 [00:12<00:10, 18.95it/s]
 54%|################6              | 224/418 [00:12<00:10, 18.94it/s]
 54%|################7              | 226/418 [00:13<00:10, 18.93it/s]
 55%|################9              | 228/418 [00:13<00:10, 18.98it/s]
 55%|#################              | 230/418 [00:13<00:09, 18.97it/s]
 56%|#################2             | 232/418 [00:13<00:09, 18.96it/s]
 56%|#################3             | 234/418 [00:13<00:09, 18.73it/s]
 56%|#################5             | 236/418 [00:13<00:09, 18.77it/s]
 57%|#################6             | 238/418 [00:13<00:09, 18.82it/s]
 57%|#################7             | 240/418 [00:13<00:09, 18.91it/s]
 58%|#################9             | 242/418 [00:13<00:09, 18.88it/s]
 58%|##################             | 244/418 [00:13<00:09, 18.87it/s]
 59%|##################2            | 246/418 [00:14<00:09, 18.85it/s]
 59%|##################3            | 248/418 [00:14<00:09, 18.79it/s]
 60%|##################5            | 250/418 [00:14<00:08, 18.67it/s]
 60%|##################6            | 252/418 [00:14<00:08, 18.72it/s]
 61%|##################8            | 254/418 [00:14<00:08, 18.83it/s]
 61%|##################9            | 256/418 [00:14<00:08, 18.58it/s]
 62%|###################1           | 258/418 [00:14<00:08, 18.58it/s]
 62%|###################2           | 260/418 [00:14<00:08, 17.92it/s]
 63%|###################4           | 262/418 [00:14<00:09, 17.12it/s]
 63%|###################5           | 264/418 [00:15<00:08, 17.64it/s]
 64%|###################7           | 266/418 [00:15<00:08, 17.97it/s]
 64%|###################8           | 268/418 [00:15<00:08, 18.26it/s]
 65%|####################           | 270/418 [00:15<00:08, 18.40it/s]
 65%|####################1          | 272/418 [00:15<00:07, 18.45it/s]
 66%|####################3          | 274/418 [00:15<00:07, 18.44it/s]
 66%|####################4          | 276/418 [00:15<00:07, 18.51it/s]
 67%|####################6          | 278/418 [00:15<00:07, 18.59it/s]
 67%|####################7          | 280/418 [00:15<00:07, 18.30it/s]
 67%|####################9          | 282/418 [00:16<00:07, 18.48it/s]
 68%|#####################          | 284/418 [00:16<00:07, 18.54it/s]
 68%|#####################2         | 286/418 [00:16<00:07, 18.66it/s]
 69%|#####################3         | 288/418 [00:16<00:06, 18.77it/s]
 69%|#####################5         | 290/418 [00:16<00:06, 18.86it/s]
 70%|#####################6         | 292/418 [00:16<00:06, 18.85it/s]
 70%|#####################8         | 294/418 [00:16<00:06, 18.80it/s]
 71%|#####################9         | 296/418 [00:16<00:06, 18.87it/s]
 71%|######################1        | 298/418 [00:16<00:06, 18.83it/s]
 72%|######################2        | 300/418 [00:17<00:06, 18.95it/s]
 72%|######################3        | 302/418 [00:17<00:06, 18.92it/s]
 73%|######################5        | 304/418 [00:17<00:06, 18.98it/s]
 73%|######################6        | 306/418 [00:17<00:05, 18.96it/s]
 74%|######################8        | 308/418 [00:17<00:05, 18.90it/s]
 74%|######################9        | 310/418 [00:17<00:05, 19.02it/s]
 75%|#######################1       | 312/418 [00:17<00:05, 19.00it/s]
 75%|#######################2       | 314/418 [00:17<00:05, 18.95it/s]
 76%|#######################4       | 316/418 [00:17<00:05, 18.88it/s]
 76%|#######################5       | 318/418 [00:17<00:05, 19.02it/s]
 77%|#######################7       | 320/418 [00:18<00:05, 19.01it/s]
 77%|#######################8       | 322/418 [00:18<00:05, 18.02it/s]
 78%|########################       | 324/418 [00:18<00:05, 17.30it/s]
 78%|########################1      | 326/418 [00:18<00:05, 17.66it/s]
 78%|########################3      | 328/418 [00:18<00:04, 18.03it/s]
 79%|########################4      | 330/418 [00:18<00:04, 18.31it/s]
 79%|########################6      | 332/418 [00:18<00:04, 18.43it/s]
 80%|########################7      | 334/418 [00:18<00:04, 18.57it/s]
 80%|########################9      | 336/418 [00:18<00:04, 18.60it/s]
 81%|#########################      | 338/418 [00:19<00:04, 18.52it/s]
 81%|#########################2     | 340/418 [00:19<00:04, 18.62it/s]
 82%|#########################3     | 342/418 [00:19<00:04, 18.68it/s]
 82%|#########################5     | 344/418 [00:19<00:03, 18.67it/s]
 83%|#########################6     | 346/418 [00:19<00:03, 18.77it/s]
 83%|#########################8     | 348/418 [00:19<00:03, 18.69it/s]
 84%|#########################9     | 350/418 [00:19<00:03, 18.73it/s]
 84%|##########################1    | 352/418 [00:19<00:03, 18.71it/s]
 85%|##########################2    | 354/418 [00:19<00:03, 18.67it/s]
 85%|##########################4    | 356/418 [00:20<00:03, 18.43it/s]
 86%|##########################5    | 358/418 [00:20<00:03, 18.55it/s]
 86%|##########################6    | 360/418 [00:20<00:03, 18.56it/s]
 87%|##########################8    | 362/418 [00:20<00:03, 18.59it/s]
 87%|##########################9    | 364/418 [00:20<00:02, 18.68it/s]
 88%|###########################1   | 366/418 [00:20<00:02, 18.62it/s]
 88%|###########################2   | 368/418 [00:20<00:02, 18.68it/s]
 89%|###########################4   | 370/418 [00:20<00:02, 18.67it/s]
 89%|###########################5   | 372/418 [00:20<00:02, 18.58it/s]
 89%|###########################7   | 374/418 [00:21<00:02, 18.59it/s]
 90%|###########################8   | 376/418 [00:21<00:02, 18.48it/s]
 90%|############################   | 378/418 [00:21<00:02, 17.73it/s]
 91%|############################1  | 380/418 [00:21<00:02, 17.88it/s]
 91%|############################3  | 382/418 [00:21<00:02, 17.32it/s]
 92%|############################4  | 384/418 [00:21<00:01, 17.85it/s]
 92%|############################6  | 386/418 [00:21<00:01, 18.05it/s]
 93%|############################7  | 388/418 [00:21<00:01, 17.41it/s]
 93%|############################9  | 390/418 [00:21<00:01, 17.86it/s]
 94%|#############################  | 392/418 [00:22<00:01, 18.19it/s]
 94%|#############################2 | 394/418 [00:22<00:01, 18.47it/s]
 95%|#############################3 | 396/418 [00:22<00:01, 18.64it/s]
 95%|#############################5 | 398/418 [00:22<00:01, 18.63it/s]
 96%|#############################6 | 400/418 [00:22<00:00, 18.66it/s]
 96%|#############################8 | 402/418 [00:22<00:00, 18.57it/s]
 97%|#############################9 | 404/418 [00:22<00:00, 18.62it/s]
 97%|##############################1| 406/418 [00:22<00:00, 18.53it/s]
 98%|##############################2| 408/418 [00:22<00:00, 18.57it/s]
 98%|##############################4| 410/418 [00:22<00:00, 18.64it/s]
 99%|##############################5| 412/418 [00:23<00:00, 18.66it/s]
 99%|##############################7| 414/418 [00:23<00:00, 18.60it/s]
100%|##############################8| 416/418 [00:23<00:00, 18.62it/s]
100%|###############################| 418/418 [00:23<00:00, 18.73it/s]
100%|###############################| 418/418 [00:23<00:00, 17.86it/s]
[SEAL Epoch 11] loss=0.5179

[SEAL Epoch 12/20] Run 1/1 - training...

  0%|                                         | 0/418 [00:00<?, ?it/s]
  0%|1                                | 2/418 [00:00<00:24, 17.20it/s]
  1%|3                                | 4/418 [00:00<00:22, 18.16it/s]
  1%|4                                | 6/418 [00:00<00:22, 18.53it/s]
  2%|6                                | 8/418 [00:00<00:21, 18.67it/s]
  2%|7                               | 10/418 [00:00<00:21, 18.73it/s]
  3%|9                               | 12/418 [00:00<00:21, 18.79it/s]
  3%|#                               | 14/418 [00:00<00:21, 18.85it/s]
  4%|#2                              | 16/418 [00:00<00:21, 19.04it/s]
  4%|#3                              | 18/418 [00:00<00:21, 19.05it/s]
  5%|#5                              | 20/418 [00:01<00:20, 19.00it/s]
  5%|#6                              | 22/418 [00:01<00:20, 18.94it/s]
  6%|#8                              | 24/418 [00:01<00:20, 18.90it/s]
  6%|#9                              | 26/418 [00:01<00:20, 18.94it/s]
  7%|##1                             | 28/418 [00:01<00:20, 18.96it/s]
  7%|##2                             | 30/418 [00:01<00:20, 18.99it/s]
  8%|##4                             | 32/418 [00:01<00:20, 18.89it/s]
  8%|##6                             | 34/418 [00:01<00:20, 18.83it/s]
  9%|##7                             | 36/418 [00:01<00:20, 18.69it/s]
  9%|##9                             | 38/418 [00:02<00:20, 18.65it/s]
 10%|###                             | 40/418 [00:02<00:20, 18.57it/s]
 10%|###2                            | 42/418 [00:02<00:20, 18.65it/s]
 11%|###3                            | 44/418 [00:02<00:20, 18.64it/s]
 11%|###5                            | 46/418 [00:02<00:20, 18.56it/s]
 11%|###6                            | 48/418 [00:02<00:19, 18.51it/s]
 12%|###8                            | 50/418 [00:02<00:19, 18.50it/s]
 12%|###9                            | 52/418 [00:02<00:19, 18.46it/s]
 13%|####1                           | 54/418 [00:02<00:19, 18.46it/s]
 13%|####2                           | 56/418 [00:02<00:19, 18.67it/s]
 14%|####4                           | 58/418 [00:03<00:19, 18.56it/s]
 14%|####5                           | 60/418 [00:03<00:19, 18.50it/s]
 15%|####7                           | 62/418 [00:03<00:19, 18.51it/s]
 15%|####8                           | 64/418 [00:03<00:19, 18.46it/s]
 16%|#####                           | 66/418 [00:03<00:18, 18.56it/s]
 16%|#####2                          | 68/418 [00:03<00:18, 18.50it/s]
 17%|#####3                          | 70/418 [00:03<00:18, 18.56it/s]
 17%|#####5                          | 72/418 [00:03<00:18, 18.61it/s]
 18%|#####6                          | 74/418 [00:03<00:18, 18.41it/s]
 18%|#####8                          | 76/418 [00:04<00:18, 18.61it/s]
 19%|#####9                          | 78/418 [00:04<00:18, 18.56it/s]
 19%|######1                         | 80/418 [00:04<00:18, 18.62it/s]
 20%|######2                         | 82/418 [00:04<00:18, 18.49it/s]
 20%|######4                         | 84/418 [00:04<00:17, 18.59it/s]
 21%|######5                         | 86/418 [00:04<00:17, 18.66it/s]
 21%|######7                         | 88/418 [00:04<00:17, 18.75it/s]
 22%|######8                         | 90/418 [00:04<00:17, 18.71it/s]
 22%|#######                         | 92/418 [00:04<00:17, 18.73it/s]
 22%|#######1                        | 94/418 [00:05<00:17, 18.48it/s]
 23%|#######3                        | 96/418 [00:05<00:17, 18.50it/s]
 23%|#######5                        | 98/418 [00:05<00:17, 18.56it/s]
 24%|#######4                       | 100/418 [00:05<00:17, 18.52it/s]
 24%|#######5                       | 102/418 [00:05<00:17, 18.56it/s]
 25%|#######7                       | 104/418 [00:05<00:16, 18.62it/s]
 25%|#######8                       | 106/418 [00:05<00:16, 18.60it/s]
 26%|########                       | 108/418 [00:05<00:16, 18.50it/s]
 26%|########1                      | 110/418 [00:05<00:16, 18.63it/s]
 27%|########3                      | 112/418 [00:06<00:16, 18.69it/s]
 27%|########4                      | 114/418 [00:06<00:17, 17.75it/s]
 28%|########6                      | 116/418 [00:06<00:16, 18.08it/s]
 28%|########7                      | 118/418 [00:06<00:16, 18.35it/s]
 29%|########8                      | 120/418 [00:06<00:16, 18.45it/s]
 29%|#########                      | 122/418 [00:06<00:16, 18.36it/s]
 30%|#########1                     | 124/418 [00:06<00:15, 18.40it/s]
 30%|#########3                     | 126/418 [00:06<00:16, 17.82it/s]
 31%|#########4                     | 128/418 [00:06<00:16, 17.85it/s]
 31%|#########6                     | 130/418 [00:07<00:15, 18.14it/s]
 32%|#########7                     | 132/418 [00:07<00:15, 18.28it/s]
 32%|#########9                     | 134/418 [00:07<00:16, 17.18it/s]
 33%|##########                     | 136/418 [00:07<00:15, 17.66it/s]
 33%|##########2                    | 138/418 [00:07<00:15, 17.94it/s]
 33%|##########3                    | 140/418 [00:07<00:15, 18.20it/s]
 34%|##########5                    | 142/418 [00:07<00:15, 17.43it/s]
 34%|##########6                    | 144/418 [00:07<00:16, 17.00it/s]
 35%|##########8                    | 146/418 [00:07<00:15, 17.39it/s]
 35%|##########9                    | 148/418 [00:08<00:15, 16.93it/s]
 36%|###########1                   | 150/418 [00:08<00:16, 16.54it/s]
 36%|###########2                   | 152/418 [00:08<00:15, 17.15it/s]
 37%|###########4                   | 154/418 [00:08<00:15, 17.54it/s]
 37%|###########5                   | 156/418 [00:08<00:14, 17.81it/s]
 38%|###########7                   | 158/418 [00:08<00:14, 18.03it/s]
 38%|###########8                   | 160/418 [00:08<00:14, 18.13it/s]
 39%|############                   | 162/418 [00:08<00:14, 18.28it/s]
 39%|############1                  | 164/418 [00:08<00:13, 18.46it/s]
 40%|############3                  | 166/418 [00:09<00:13, 18.61it/s]
 40%|############4                  | 168/418 [00:09<00:13, 18.62it/s]
 41%|############6                  | 170/418 [00:09<00:13, 18.49it/s]
 41%|############7                  | 172/418 [00:09<00:13, 18.76it/s]
 42%|############9                  | 174/418 [00:09<00:13, 18.71it/s]
 42%|#############                  | 176/418 [00:09<00:12, 18.68it/s]
 43%|#############2                 | 178/418 [00:09<00:12, 18.67it/s]
 43%|#############3                 | 180/418 [00:09<00:12, 18.69it/s]
 44%|#############4                 | 182/418 [00:09<00:12, 18.60it/s]
 44%|#############6                 | 184/418 [00:10<00:12, 18.61it/s]
 44%|#############7                 | 186/418 [00:10<00:12, 18.60it/s]
 45%|#############9                 | 188/418 [00:10<00:12, 18.77it/s]
 45%|##############                 | 190/418 [00:10<00:12, 18.59it/s]
 46%|##############2                | 192/418 [00:10<00:12, 18.53it/s]
 46%|##############3                | 194/418 [00:10<00:12, 18.57it/s]
 47%|##############5                | 196/418 [00:10<00:11, 18.64it/s]
 47%|##############6                | 198/418 [00:10<00:11, 18.57it/s]
 48%|##############8                | 200/418 [00:10<00:11, 18.68it/s]
 48%|##############9                | 202/418 [00:10<00:11, 18.78it/s]
 49%|###############1               | 204/418 [00:11<00:11, 18.70it/s]
 49%|###############2               | 206/418 [00:11<00:11, 18.78it/s]
 50%|###############4               | 208/418 [00:11<00:11, 18.74it/s]
 50%|###############5               | 210/418 [00:11<00:11, 18.86it/s]
 51%|###############7               | 212/418 [00:11<00:10, 18.79it/s]
 51%|###############8               | 214/418 [00:11<00:10, 18.72it/s]
 52%|################               | 216/418 [00:11<00:10, 18.77it/s]
 52%|################1              | 218/418 [00:11<00:10, 18.77it/s]
 53%|################3              | 220/418 [00:11<00:10, 18.42it/s]
 53%|################4              | 222/418 [00:12<00:10, 18.53it/s]
 54%|################6              | 224/418 [00:12<00:10, 18.65it/s]
 54%|################7              | 226/418 [00:12<00:10, 18.54it/s]
 55%|################9              | 228/418 [00:12<00:10, 18.68it/s]
 55%|#################              | 230/418 [00:12<00:09, 18.81it/s]
 56%|#################2             | 232/418 [00:12<00:09, 18.82it/s]
 56%|#################3             | 234/418 [00:12<00:09, 18.83it/s]
 56%|#################5             | 236/418 [00:12<00:09, 18.89it/s]
 57%|#################6             | 238/418 [00:12<00:09, 18.78it/s]
 57%|#################7             | 240/418 [00:12<00:09, 18.83it/s]
 58%|#################9             | 242/418 [00:13<00:09, 18.90it/s]
 58%|##################             | 244/418 [00:13<00:09, 18.73it/s]
 59%|##################2            | 246/418 [00:13<00:09, 18.69it/s]
 59%|##################3            | 248/418 [00:13<00:09, 18.77it/s]
 60%|##################5            | 250/418 [00:13<00:08, 18.83it/s]
 60%|##################6            | 252/418 [00:13<00:08, 18.81it/s]
 61%|##################8            | 254/418 [00:13<00:08, 18.78it/s]
 61%|##################9            | 256/418 [00:13<00:08, 18.72it/s]
 62%|###################1           | 258/418 [00:13<00:08, 18.70it/s]
 62%|###################2           | 260/418 [00:14<00:08, 18.73it/s]
 63%|###################4           | 262/418 [00:14<00:08, 18.82it/s]
 63%|###################5           | 264/418 [00:14<00:08, 18.82it/s]
 64%|###################7           | 266/418 [00:14<00:08, 18.92it/s]
 64%|###################8           | 268/418 [00:14<00:07, 18.92it/s]
 65%|####################           | 270/418 [00:14<00:07, 18.81it/s]
 65%|####################1          | 272/418 [00:14<00:07, 18.76it/s]
 66%|####################3          | 274/418 [00:14<00:07, 18.71it/s]
 66%|####################4          | 276/418 [00:14<00:07, 18.53it/s]
 67%|####################6          | 278/418 [00:15<00:07, 18.56it/s]
 67%|####################7          | 280/418 [00:15<00:07, 18.65it/s]
 67%|####################9          | 282/418 [00:15<00:07, 18.65it/s]
 68%|#####################          | 284/418 [00:15<00:07, 18.69it/s]
 68%|#####################2         | 286/418 [00:15<00:07, 18.80it/s]
 69%|#####################3         | 288/418 [00:15<00:06, 18.77it/s]
 69%|#####################5         | 290/418 [00:15<00:06, 18.71it/s]
 70%|#####################6         | 292/418 [00:15<00:06, 18.60it/s]
 70%|#####################8         | 294/418 [00:15<00:06, 18.74it/s]
 71%|#####################9         | 296/418 [00:15<00:06, 18.71it/s]
 71%|######################1        | 298/418 [00:16<00:06, 18.66it/s]
 72%|######################2        | 300/418 [00:16<00:06, 18.78it/s]
 72%|######################3        | 302/418 [00:16<00:06, 18.77it/s]
 73%|######################5        | 304/418 [00:16<00:06, 18.77it/s]
 73%|######################6        | 306/418 [00:16<00:05, 18.80it/s]
 74%|######################8        | 308/418 [00:16<00:05, 18.90it/s]
 74%|######################9        | 310/418 [00:16<00:05, 18.94it/s]
 75%|#######################1       | 312/418 [00:16<00:05, 18.95it/s]
 75%|#######################2       | 314/418 [00:16<00:05, 18.95it/s]
 76%|#######################4       | 316/418 [00:17<00:05, 18.93it/s]
 76%|#######################5       | 318/418 [00:17<00:05, 18.85it/s]
 77%|#######################7       | 320/418 [00:17<00:05, 18.78it/s]
 77%|#######################8       | 322/418 [00:17<00:05, 18.72it/s]
 78%|########################       | 324/418 [00:17<00:05, 18.69it/s]
 78%|########################1      | 326/418 [00:17<00:04, 18.56it/s]
 78%|########################3      | 328/418 [00:17<00:04, 18.57it/s]
 79%|########################4      | 330/418 [00:17<00:04, 18.49it/s]
 79%|########################6      | 332/418 [00:17<00:04, 17.53it/s]
 80%|########################7      | 334/418 [00:18<00:04, 17.61it/s]
 80%|########################9      | 336/418 [00:18<00:04, 17.22it/s]
 81%|#########################      | 338/418 [00:18<00:04, 16.66it/s]
 81%|#########################2     | 340/418 [00:18<00:04, 17.26it/s]
 82%|#########################3     | 342/418 [00:18<00:04, 17.63it/s]
 82%|#########################5     | 344/418 [00:18<00:04, 17.92it/s]
 83%|#########################6     | 346/418 [00:18<00:04, 17.19it/s]
 83%|#########################8     | 348/418 [00:18<00:03, 17.66it/s]
 84%|#########################9     | 350/418 [00:18<00:03, 18.17it/s]
 84%|##########################1    | 352/418 [00:19<00:03, 18.34it/s]
 85%|##########################2    | 354/418 [00:19<00:03, 18.37it/s]
 85%|##########################4    | 356/418 [00:19<00:03, 18.45it/s]
 86%|##########################5    | 358/418 [00:19<00:03, 18.50it/s]
 86%|##########################6    | 360/418 [00:19<00:03, 18.48it/s]
 87%|##########################8    | 362/418 [00:19<00:03, 18.54it/s]
 87%|##########################9    | 364/418 [00:19<00:02, 18.82it/s]
 88%|###########################1   | 366/418 [00:19<00:02, 18.77it/s]
 88%|###########################2   | 368/418 [00:19<00:02, 18.81it/s]
 89%|###########################4   | 370/418 [00:20<00:02, 18.89it/s]
 89%|###########################5   | 372/418 [00:20<00:02, 18.90it/s]
 89%|###########################7   | 374/418 [00:20<00:02, 18.98it/s]
 90%|###########################8   | 376/418 [00:20<00:02, 18.79it/s]
 90%|############################   | 378/418 [00:20<00:02, 18.70it/s]
 91%|############################1  | 380/418 [00:20<00:02, 18.80it/s]
 91%|############################3  | 382/418 [00:20<00:01, 18.81it/s]
 92%|############################4  | 384/418 [00:20<00:01, 18.67it/s]
 92%|############################6  | 386/418 [00:20<00:01, 18.80it/s]
 93%|############################7  | 388/418 [00:20<00:01, 18.66it/s]
 93%|############################9  | 390/418 [00:21<00:01, 18.64it/s]
 94%|#############################  | 392/418 [00:21<00:01, 18.75it/s]
 94%|#############################2 | 394/418 [00:21<00:01, 17.90it/s]
 95%|#############################3 | 396/418 [00:21<00:01, 18.14it/s]
 95%|#############################5 | 398/418 [00:21<00:01, 18.30it/s]
 96%|#############################6 | 400/418 [00:21<00:01, 17.58it/s]
 96%|#############################8 | 402/418 [00:21<00:00, 17.90it/s]
 97%|#############################9 | 404/418 [00:21<00:00, 18.30it/s]
 97%|##############################1| 406/418 [00:21<00:00, 18.44it/s]
 98%|##############################2| 408/418 [00:22<00:00, 18.46it/s]
 98%|##############################4| 410/418 [00:22<00:00, 18.54it/s]
 99%|##############################5| 412/418 [00:22<00:00, 18.56it/s]
 99%|##############################7| 414/418 [00:22<00:00, 18.62it/s]
100%|##############################8| 416/418 [00:22<00:00, 17.75it/s]
100%|###############################| 418/418 [00:22<00:00, 18.11it/s]
100%|###############################| 418/418 [00:22<00:00, 18.47it/s]
[SEAL Epoch 12] loss=0.5179

[SEAL Epoch 13/20] Run 1/1 - training...

  0%|                                         | 0/418 [00:00<?, ?it/s]
  0%|                                 | 1/418 [00:00<00:42,  9.82it/s]
  1%|2                                | 3/418 [00:00<00:27, 14.92it/s]
  1%|3                                | 5/418 [00:00<00:24, 16.81it/s]
  2%|5                                | 7/418 [00:00<00:23, 17.57it/s]
  2%|7                                | 9/418 [00:00<00:23, 17.04it/s]
  3%|8                               | 11/418 [00:00<00:23, 17.63it/s]
  3%|9                               | 13/418 [00:00<00:22, 18.00it/s]
  4%|#1                              | 15/418 [00:00<00:23, 17.31it/s]
  4%|#3                              | 17/418 [00:00<00:22, 17.86it/s]
  5%|#4                              | 19/418 [00:01<00:21, 18.16it/s]
  5%|#6                              | 21/418 [00:01<00:21, 18.32it/s]
  6%|#7                              | 23/418 [00:01<00:22, 17.67it/s]
  6%|#9                              | 25/418 [00:01<00:22, 17.27it/s]
  6%|##                              | 27/418 [00:01<00:23, 16.72it/s]
  7%|##2                             | 29/418 [00:01<00:22, 17.31it/s]
  7%|##3                             | 31/418 [00:01<00:21, 17.70it/s]
  8%|##5                             | 33/418 [00:01<00:21, 17.92it/s]
  8%|##6                             | 35/418 [00:02<00:21, 18.16it/s]
  9%|##8                             | 37/418 [00:02<00:20, 18.34it/s]
  9%|##9                             | 39/418 [00:02<00:20, 18.47it/s]
 10%|###1                            | 41/418 [00:02<00:20, 18.48it/s]
 10%|###2                            | 43/418 [00:02<00:20, 18.44it/s]
 11%|###4                            | 45/418 [00:02<00:20, 18.46it/s]
 11%|###5                            | 47/418 [00:02<00:19, 18.63it/s]
 12%|###7                            | 49/418 [00:02<00:19, 18.72it/s]
 12%|###9                            | 51/418 [00:02<00:19, 18.75it/s]
 13%|####                            | 53/418 [00:02<00:19, 18.76it/s]
 13%|####2                           | 55/418 [00:03<00:19, 18.85it/s]
 14%|####3                           | 57/418 [00:03<00:19, 18.77it/s]
 14%|####5                           | 59/418 [00:03<00:19, 18.62it/s]
 15%|####6                           | 61/418 [00:03<00:19, 18.76it/s]
 15%|####8                           | 63/418 [00:03<00:19, 18.11it/s]
 16%|####9                           | 65/418 [00:03<00:19, 18.43it/s]
 16%|#####1                          | 67/418 [00:03<00:19, 18.40it/s]
 17%|#####2                          | 69/418 [00:03<00:18, 18.45it/s]
 17%|#####4                          | 71/418 [00:03<00:18, 18.54it/s]
 17%|#####5                          | 73/418 [00:04<00:18, 18.59it/s]
 18%|#####7                          | 75/418 [00:04<00:18, 18.65it/s]
 18%|#####8                          | 77/418 [00:04<00:18, 18.68it/s]
 19%|######                          | 79/418 [00:04<00:18, 18.58it/s]
 19%|######2                         | 81/418 [00:04<00:18, 18.60it/s]
 20%|######3                         | 83/418 [00:04<00:18, 18.58it/s]
 20%|######5                         | 85/418 [00:04<00:17, 18.65it/s]
 21%|######6                         | 87/418 [00:04<00:17, 18.72it/s]
 21%|######8                         | 89/418 [00:04<00:17, 18.59it/s]
 22%|######9                         | 91/418 [00:05<00:17, 18.69it/s]
 22%|#######1                        | 93/418 [00:05<00:17, 18.83it/s]
 23%|#######2                        | 95/418 [00:05<00:17, 18.76it/s]
 23%|#######4                        | 97/418 [00:05<00:18, 17.73it/s]
 24%|#######5                        | 99/418 [00:05<00:17, 17.89it/s]
 24%|#######4                       | 101/418 [00:05<00:17, 18.12it/s]
 25%|#######6                       | 103/418 [00:05<00:17, 18.28it/s]
 25%|#######7                       | 105/418 [00:05<00:17, 17.56it/s]
 26%|#######9                       | 107/418 [00:05<00:17, 17.90it/s]
 26%|########                       | 109/418 [00:06<00:16, 18.21it/s]
 27%|########2                      | 111/418 [00:06<00:17, 17.48it/s]
 27%|########3                      | 113/418 [00:06<00:17, 17.94it/s]
 28%|########5                      | 115/418 [00:06<00:16, 18.15it/s]
 28%|########6                      | 117/418 [00:06<00:16, 18.23it/s]
 28%|########8                      | 119/418 [00:06<00:16, 18.44it/s]
 29%|########9                      | 121/418 [00:06<00:15, 18.57it/s]
 29%|#########1                     | 123/418 [00:06<00:15, 18.68it/s]
 30%|#########2                     | 125/418 [00:06<00:15, 18.66it/s]
 30%|#########4                     | 127/418 [00:07<00:16, 17.79it/s]
 31%|#########5                     | 129/418 [00:07<00:15, 18.07it/s]
 31%|#########7                     | 131/418 [00:07<00:15, 18.13it/s]
 32%|#########8                     | 133/418 [00:07<00:15, 18.33it/s]
 32%|##########                     | 135/418 [00:07<00:15, 18.47it/s]
 33%|##########1                    | 137/418 [00:07<00:15, 18.73it/s]
 33%|##########3                    | 139/418 [00:07<00:14, 18.77it/s]
 34%|##########4                    | 141/418 [00:07<00:14, 18.73it/s]
 34%|##########6                    | 143/418 [00:07<00:15, 17.84it/s]
 35%|##########7                    | 145/418 [00:07<00:15, 18.10it/s]
 35%|##########9                    | 147/418 [00:08<00:14, 18.29it/s]
 36%|###########                    | 149/418 [00:08<00:14, 18.49it/s]
 36%|###########1                   | 151/418 [00:08<00:14, 18.61it/s]
 37%|###########3                   | 153/418 [00:08<00:14, 18.45it/s]
 37%|###########4                   | 155/418 [00:08<00:15, 16.96it/s]
 38%|###########6                   | 157/418 [00:08<00:14, 17.59it/s]
 38%|###########7                   | 159/418 [00:08<00:15, 16.72it/s]
 39%|###########9                   | 161/418 [00:08<00:15, 17.06it/s]
 39%|############                   | 163/418 [00:09<00:14, 17.62it/s]
 39%|############2                  | 165/418 [00:09<00:14, 17.84it/s]
 40%|############3                  | 167/418 [00:09<00:14, 17.43it/s]
 40%|############5                  | 169/418 [00:09<00:14, 17.73it/s]
 41%|############6                  | 171/418 [00:09<00:13, 18.00it/s]
 41%|############8                  | 173/418 [00:09<00:14, 16.80it/s]
 42%|############9                  | 175/418 [00:09<00:13, 17.45it/s]
 42%|#############1                 | 177/418 [00:09<00:13, 17.83it/s]
 43%|#############2                 | 179/418 [00:09<00:13, 18.01it/s]
 43%|#############4                 | 181/418 [00:10<00:12, 18.24it/s]
 44%|#############5                 | 183/418 [00:10<00:14, 16.44it/s]
 44%|#############7                 | 185/418 [00:10<00:14, 16.31it/s]
 45%|#############8                 | 187/418 [00:10<00:13, 16.98it/s]
 45%|##############                 | 189/418 [00:10<00:13, 17.35it/s]
 46%|##############1                | 191/418 [00:10<00:12, 17.57it/s]
 46%|##############3                | 193/418 [00:10<00:12, 17.79it/s]
 47%|##############4                | 195/418 [00:10<00:12, 18.13it/s]
 47%|##############6                | 197/418 [00:10<00:12, 18.40it/s]
 48%|##############7                | 199/418 [00:11<00:11, 18.44it/s]
 48%|##############9                | 201/418 [00:11<00:11, 18.54it/s]
 49%|###############                | 203/418 [00:11<00:11, 18.57it/s]
 49%|###############2               | 205/418 [00:11<00:12, 17.65it/s]
 50%|###############3               | 207/418 [00:11<00:12, 17.08it/s]
 50%|###############5               | 209/418 [00:11<00:11, 17.59it/s]
 50%|###############6               | 211/418 [00:11<00:11, 18.02it/s]
 51%|###############7               | 213/418 [00:11<00:11, 18.23it/s]
 51%|###############9               | 215/418 [00:11<00:11, 18.31it/s]
 52%|################               | 217/418 [00:12<00:10, 18.39it/s]
 52%|################2              | 219/418 [00:12<00:10, 18.52it/s]
 53%|################3              | 221/418 [00:12<00:10, 18.71it/s]
 53%|################5              | 223/418 [00:12<00:10, 18.74it/s]
 54%|################6              | 225/418 [00:12<00:10, 18.83it/s]
 54%|################8              | 227/418 [00:12<00:10, 18.90it/s]
 55%|################9              | 229/418 [00:12<00:10, 18.90it/s]
 55%|#################1             | 231/418 [00:12<00:09, 19.08it/s]
 56%|#################2             | 233/418 [00:12<00:09, 19.10it/s]
 56%|#################4             | 235/418 [00:12<00:09, 19.07it/s]
 57%|#################5             | 237/418 [00:13<00:09, 19.01it/s]
 57%|#################7             | 239/418 [00:13<00:09, 19.03it/s]
 58%|#################8             | 241/418 [00:13<00:09, 19.07it/s]
 58%|##################             | 243/418 [00:13<00:09, 19.02it/s]
 59%|##################1            | 245/418 [00:13<00:09, 19.03it/s]
 59%|##################3            | 247/418 [00:13<00:08, 19.13it/s]
 60%|##################4            | 249/418 [00:13<00:08, 18.98it/s]
 60%|##################6            | 251/418 [00:13<00:08, 19.06it/s]
 61%|##################7            | 253/418 [00:13<00:08, 19.00it/s]
 61%|##################9            | 255/418 [00:14<00:08, 19.05it/s]
 61%|###################            | 257/418 [00:14<00:08, 18.99it/s]
 62%|###################2           | 259/418 [00:14<00:08, 18.95it/s]
 62%|###################3           | 261/418 [00:14<00:08, 18.79it/s]
 63%|###################5           | 263/418 [00:14<00:08, 18.70it/s]
 63%|###################6           | 265/418 [00:14<00:08, 18.70it/s]
 64%|###################8           | 267/418 [00:14<00:08, 18.68it/s]
 64%|###################9           | 269/418 [00:14<00:08, 18.62it/s]
 65%|####################           | 271/418 [00:14<00:07, 18.61it/s]
 65%|####################2          | 273/418 [00:15<00:07, 18.56it/s]
 66%|####################3          | 275/418 [00:15<00:07, 18.50it/s]
 66%|####################5          | 277/418 [00:15<00:07, 18.56it/s]
 67%|####################6          | 279/418 [00:15<00:07, 18.64it/s]
 67%|####################8          | 281/418 [00:15<00:07, 18.68it/s]
 68%|####################9          | 283/418 [00:15<00:07, 18.64it/s]
 68%|#####################1         | 285/418 [00:15<00:07, 18.57it/s]
 69%|#####################2         | 287/418 [00:15<00:07, 18.68it/s]
 69%|#####################4         | 289/418 [00:15<00:06, 18.73it/s]
 70%|#####################5         | 291/418 [00:15<00:06, 18.68it/s]
 70%|#####################7         | 293/418 [00:16<00:06, 18.66it/s]
 71%|#####################8         | 295/418 [00:16<00:06, 18.70it/s]
 71%|######################         | 297/418 [00:16<00:06, 18.62it/s]
 72%|######################1        | 299/418 [00:16<00:06, 18.75it/s]
 72%|######################3        | 301/418 [00:16<00:06, 18.74it/s]
 72%|######################4        | 303/418 [00:16<00:06, 18.68it/s]
 73%|######################6        | 305/418 [00:16<00:06, 18.71it/s]
 73%|######################7        | 307/418 [00:16<00:05, 18.83it/s]
 74%|######################9        | 309/418 [00:16<00:05, 18.73it/s]
 74%|#######################        | 311/418 [00:17<00:05, 18.22it/s]
 75%|#######################2       | 313/418 [00:17<00:05, 18.49it/s]
 75%|#######################3       | 315/418 [00:17<00:05, 18.48it/s]
 76%|#######################5       | 317/418 [00:17<00:05, 18.49it/s]
 76%|#######################6       | 319/418 [00:17<00:05, 18.49it/s]
 77%|#######################8       | 321/418 [00:17<00:05, 18.52it/s]
 77%|#######################9       | 323/418 [00:17<00:05, 18.53it/s]
 78%|########################1      | 325/418 [00:17<00:05, 18.59it/s]
 78%|########################2      | 327/418 [00:17<00:04, 18.62it/s]
 79%|########################3      | 329/418 [00:18<00:04, 18.63it/s]
 79%|########################5      | 331/418 [00:18<00:04, 18.61it/s]
 80%|########################6      | 333/418 [00:18<00:04, 18.66it/s]
 80%|########################8      | 335/418 [00:18<00:04, 18.64it/s]
 81%|########################9      | 337/418 [00:18<00:04, 18.65it/s]
 81%|#########################1     | 339/418 [00:18<00:04, 18.55it/s]
 82%|#########################2     | 341/418 [00:18<00:04, 18.64it/s]
 82%|#########################4     | 343/418 [00:18<00:04, 18.72it/s]
 83%|#########################5     | 345/418 [00:18<00:03, 18.81it/s]
 83%|#########################7     | 347/418 [00:18<00:03, 18.83it/s]
 83%|#########################8     | 349/418 [00:19<00:03, 18.81it/s]
 84%|##########################     | 351/418 [00:19<00:03, 18.81it/s]
 84%|##########################1    | 353/418 [00:19<00:03, 18.83it/s]
 85%|##########################3    | 355/418 [00:19<00:03, 17.87it/s]
 85%|##########################4    | 357/418 [00:19<00:03, 18.14it/s]
 86%|##########################6    | 359/418 [00:19<00:03, 18.18it/s]
 86%|##########################7    | 361/418 [00:19<00:03, 16.68it/s]
 87%|##########################9    | 363/418 [00:19<00:03, 17.39it/s]
 87%|###########################    | 365/418 [00:19<00:02, 17.68it/s]
 88%|###########################2   | 367/418 [00:20<00:03, 16.42it/s]
 88%|###########################3   | 369/418 [00:20<00:02, 17.09it/s]
 89%|###########################5   | 371/418 [00:20<00:02, 17.44it/s]
 89%|###########################6   | 373/418 [00:20<00:02, 17.81it/s]
 90%|###########################8   | 375/418 [00:20<00:02, 18.06it/s]
 90%|###########################9   | 377/418 [00:20<00:02, 18.34it/s]
 91%|############################1  | 379/418 [00:20<00:02, 18.46it/s]
 91%|############################2  | 381/418 [00:20<00:02, 18.46it/s]
 92%|############################4  | 383/418 [00:20<00:01, 18.70it/s]
 92%|############################5  | 385/418 [00:21<00:01, 18.69it/s]
 93%|############################7  | 387/418 [00:21<00:01, 18.68it/s]
 93%|############################8  | 389/418 [00:21<00:01, 18.75it/s]
 94%|############################9  | 391/418 [00:21<00:01, 18.79it/s]
 94%|#############################1 | 393/418 [00:21<00:01, 18.76it/s]
 94%|#############################2 | 395/418 [00:21<00:01, 18.86it/s]
 95%|#############################4 | 397/418 [00:21<00:01, 18.83it/s]
 95%|#############################5 | 399/418 [00:21<00:01, 18.87it/s]
 96%|#############################7 | 401/418 [00:21<00:00, 18.82it/s]
 96%|#############################8 | 403/418 [00:22<00:00, 18.79it/s]
 97%|############################## | 405/418 [00:22<00:00, 18.75it/s]
 97%|##############################1| 407/418 [00:22<00:00, 18.80it/s]
 98%|##############################3| 409/418 [00:23<00:01,  5.53it/s]
 98%|##############################4| 411/418 [00:23<00:00,  7.01it/s]
 99%|##############################6| 413/418 [00:23<00:00,  8.63it/s]
 99%|##############################7| 415/418 [00:23<00:00, 10.28it/s]
100%|##############################9| 417/418 [00:23<00:00, 11.86it/s]
100%|###############################| 418/418 [00:23<00:00, 17.64it/s]
[SEAL Epoch 13] loss=0.5176

[SEAL Epoch 14/20] Run 1/1 - training...

  0%|                                         | 0/418 [00:00<?, ?it/s]
  0%|1                                | 2/418 [00:00<00:26, 15.83it/s]
  1%|3                                | 4/418 [00:00<00:24, 17.05it/s]
  1%|4                                | 6/418 [00:00<00:24, 16.83it/s]
  2%|6                                | 8/418 [00:00<00:25, 16.39it/s]
  2%|7                               | 10/418 [00:00<00:23, 17.17it/s]
  3%|9                               | 12/418 [00:00<00:23, 17.57it/s]
  3%|#                               | 14/418 [00:00<00:22, 17.81it/s]
  4%|#2                              | 16/418 [00:00<00:22, 18.06it/s]
  4%|#3                              | 18/418 [00:01<00:21, 18.22it/s]
  5%|#5                              | 20/418 [00:01<00:21, 18.52it/s]
  5%|#6                              | 22/418 [00:01<00:21, 18.64it/s]
  6%|#8                              | 24/418 [00:01<00:21, 18.65it/s]
  6%|#9                              | 26/418 [00:01<00:20, 18.85it/s]
  7%|##1                             | 28/418 [00:01<00:20, 18.92it/s]
  7%|##2                             | 30/418 [00:01<00:20, 18.98it/s]
  8%|##4                             | 32/418 [00:01<00:20, 19.01it/s]
  8%|##6                             | 34/418 [00:01<00:20, 18.99it/s]
  9%|##7                             | 36/418 [00:01<00:20, 18.95it/s]
  9%|##9                             | 38/418 [00:02<00:20, 18.80it/s]
 10%|###                             | 40/418 [00:02<00:20, 18.87it/s]
 10%|###2                            | 42/418 [00:02<00:20, 18.03it/s]
 11%|###3                            | 44/418 [00:02<00:20, 18.37it/s]
 11%|###5                            | 46/418 [00:02<00:19, 18.60it/s]
 11%|###6                            | 48/418 [00:02<00:19, 18.66it/s]
 12%|###8                            | 50/418 [00:02<00:19, 18.71it/s]
 12%|###9                            | 52/418 [00:02<00:19, 18.72it/s]
 13%|####1                           | 54/418 [00:02<00:19, 18.85it/s]
 13%|####2                           | 56/418 [00:03<00:20, 17.79it/s]
 14%|####4                           | 58/418 [00:03<00:19, 18.10it/s]
 14%|####5                           | 60/418 [00:03<00:19, 18.28it/s]
 15%|####7                           | 62/418 [00:03<00:19, 18.36it/s]
 15%|####8                           | 64/418 [00:03<00:19, 18.48it/s]
 16%|#####                           | 66/418 [00:03<00:18, 18.65it/s]
 16%|#####2                          | 68/418 [00:03<00:19, 17.64it/s]
 17%|#####3                          | 70/418 [00:03<00:19, 17.86it/s]
 17%|#####5                          | 72/418 [00:03<00:19, 17.31it/s]
 18%|#####6                          | 74/418 [00:04<00:19, 17.72it/s]
 18%|#####8                          | 76/418 [00:04<00:18, 18.08it/s]
 19%|#####9                          | 78/418 [00:04<00:19, 17.41it/s]
 19%|######1                         | 80/418 [00:04<00:19, 17.73it/s]
 20%|######2                         | 82/418 [00:04<00:18, 18.03it/s]
 20%|######4                         | 84/418 [00:04<00:18, 18.27it/s]
 21%|######5                         | 86/418 [00:04<00:18, 18.29it/s]
 21%|######7                         | 88/418 [00:04<00:17, 18.48it/s]
 22%|######8                         | 90/418 [00:04<00:17, 18.40it/s]
 22%|#######                         | 92/418 [00:05<00:17, 18.54it/s]
 22%|#######1                        | 94/418 [00:05<00:17, 18.56it/s]
 23%|#######3                        | 96/418 [00:05<00:17, 18.55it/s]
 23%|#######5                        | 98/418 [00:05<00:17, 18.55it/s]
 24%|#######4                       | 100/418 [00:05<00:17, 18.58it/s]
 24%|#######5                       | 102/418 [00:05<00:17, 18.45it/s]
 25%|#######7                       | 104/418 [00:05<00:17, 18.47it/s]
 25%|#######8                       | 106/418 [00:05<00:16, 18.57it/s]
 26%|########                       | 108/418 [00:05<00:16, 18.59it/s]
 26%|########1                      | 110/418 [00:06<00:16, 18.68it/s]
 27%|########3                      | 112/418 [00:06<00:16, 18.51it/s]
 27%|########4                      | 114/418 [00:06<00:16, 17.97it/s]
 28%|########6                      | 116/418 [00:06<00:16, 17.96it/s]
 28%|########7                      | 118/418 [00:06<00:16, 18.09it/s]
 29%|########8                      | 120/418 [00:06<00:16, 18.06it/s]
 29%|#########                      | 122/418 [00:06<00:16, 18.06it/s]
 30%|#########1                     | 124/418 [00:06<00:16, 17.80it/s]
 30%|#########3                     | 126/418 [00:06<00:16, 18.01it/s]
 31%|#########4                     | 128/418 [00:07<00:17, 16.58it/s]
 31%|#########6                     | 130/418 [00:07<00:16, 17.18it/s]
 32%|#########7                     | 132/418 [00:07<00:16, 17.55it/s]
 32%|#########9                     | 134/418 [00:07<00:17, 15.88it/s]
 33%|##########                     | 136/418 [00:07<00:16, 16.71it/s]
 33%|##########2                    | 138/418 [00:07<00:17, 16.04it/s]
 33%|##########3                    | 140/418 [00:07<00:16, 16.81it/s]
 34%|##########5                    | 142/418 [00:07<00:15, 17.28it/s]
 34%|##########6                    | 144/418 [00:07<00:15, 17.65it/s]
 35%|##########8                    | 146/418 [00:08<00:15, 17.94it/s]
 35%|##########9                    | 148/418 [00:08<00:14, 18.11it/s]
 36%|###########1                   | 150/418 [00:08<00:14, 18.20it/s]
 36%|###########2                   | 152/418 [00:08<00:14, 18.32it/s]
 37%|###########4                   | 154/418 [00:08<00:14, 18.33it/s]
 37%|###########5                   | 156/418 [00:08<00:14, 18.45it/s]
 38%|###########7                   | 158/418 [00:08<00:14, 18.20it/s]
 38%|###########8                   | 160/418 [00:08<00:14, 18.29it/s]
 39%|############                   | 162/418 [00:08<00:14, 18.01it/s]
 39%|############1                  | 164/418 [00:09<00:13, 18.26it/s]
 40%|############3                  | 166/418 [00:09<00:13, 18.22it/s]
 40%|############4                  | 168/418 [00:09<00:13, 18.38it/s]
 41%|############6                  | 170/418 [00:09<00:13, 18.38it/s]
 41%|############7                  | 172/418 [00:09<00:13, 18.42it/s]
 42%|############9                  | 174/418 [00:09<00:13, 18.49it/s]
 42%|#############                  | 176/418 [00:09<00:12, 18.65it/s]
 43%|#############2                 | 178/418 [00:09<00:13, 18.40it/s]
 43%|#############3                 | 180/418 [00:09<00:12, 18.47it/s]
 44%|#############4                 | 182/418 [00:10<00:12, 18.55it/s]
 44%|#############6                 | 184/418 [00:10<00:12, 18.53it/s]
 44%|#############7                 | 186/418 [00:10<00:12, 18.52it/s]
 45%|#############9                 | 188/418 [00:10<00:12, 18.60it/s]
 45%|##############                 | 190/418 [00:10<00:12, 18.64it/s]
 46%|##############2                | 192/418 [00:10<00:12, 18.65it/s]
 46%|##############3                | 194/418 [00:10<00:11, 18.73it/s]
 47%|##############5                | 196/418 [00:10<00:11, 18.56it/s]
 47%|##############6                | 198/418 [00:10<00:11, 18.67it/s]
 48%|##############8                | 200/418 [00:11<00:11, 18.71it/s]
 48%|##############9                | 202/418 [00:11<00:11, 18.66it/s]
 49%|###############1               | 204/418 [00:11<00:11, 18.69it/s]
 49%|###############2               | 206/418 [00:11<00:11, 18.73it/s]
 50%|###############4               | 208/418 [00:11<00:11, 18.81it/s]
 50%|###############5               | 210/418 [00:11<00:11, 18.78it/s]
 51%|###############7               | 212/418 [00:11<00:10, 18.75it/s]
 51%|###############8               | 214/418 [00:11<00:10, 18.62it/s]
 52%|################               | 216/418 [00:11<00:10, 18.79it/s]
 52%|################1              | 218/418 [00:11<00:10, 18.70it/s]
 53%|################3              | 220/418 [00:12<00:11, 17.88it/s]
 53%|################4              | 222/418 [00:12<00:10, 18.06it/s]
 54%|################6              | 224/418 [00:12<00:10, 18.20it/s]
 54%|################7              | 226/418 [00:12<00:10, 18.35it/s]
 55%|################9              | 228/418 [00:12<00:10, 18.43it/s]
 55%|#################              | 230/418 [00:12<00:10, 18.45it/s]
 56%|#################2             | 232/418 [00:12<00:09, 18.60it/s]
 56%|#################3             | 234/418 [00:12<00:09, 18.65it/s]
 56%|#################5             | 236/418 [00:12<00:09, 18.78it/s]
 57%|#################6             | 238/418 [00:13<00:09, 18.83it/s]
 57%|#################7             | 240/418 [00:13<00:09, 18.85it/s]
 58%|#################9             | 242/418 [00:13<00:09, 18.67it/s]
 58%|##################             | 244/418 [00:13<00:09, 18.73it/s]
 59%|##################2            | 246/418 [00:13<00:09, 18.84it/s]
 59%|##################3            | 248/418 [00:13<00:09, 18.83it/s]
 60%|##################5            | 250/418 [00:13<00:08, 18.88it/s]
 60%|##################6            | 252/418 [00:13<00:08, 18.77it/s]
 61%|##################8            | 254/418 [00:13<00:09, 17.91it/s]
 61%|##################9            | 256/418 [00:14<00:08, 18.14it/s]
 62%|###################1           | 258/418 [00:14<00:08, 18.37it/s]
 62%|###################2           | 260/418 [00:14<00:08, 18.55it/s]
 63%|###################4           | 262/418 [00:14<00:08, 18.74it/s]
 63%|###################5           | 264/418 [00:14<00:08, 18.82it/s]
 64%|###################7           | 266/418 [00:14<00:08, 18.79it/s]
 64%|###################8           | 268/418 [00:14<00:07, 18.87it/s]
 65%|####################           | 270/418 [00:14<00:07, 18.93it/s]
 65%|####################1          | 272/418 [00:14<00:07, 18.89it/s]
 66%|####################3          | 274/418 [00:14<00:07, 18.79it/s]
 66%|####################4          | 276/418 [00:15<00:07, 18.72it/s]
 67%|####################6          | 278/418 [00:15<00:07, 17.85it/s]
 67%|####################7          | 280/418 [00:15<00:07, 18.15it/s]
 67%|####################9          | 282/418 [00:15<00:07, 18.34it/s]
 68%|#####################          | 284/418 [00:15<00:07, 18.37it/s]
 68%|#####################2         | 286/418 [00:15<00:07, 18.43it/s]
 69%|#####################3         | 288/418 [00:15<00:07, 18.37it/s]
 69%|#####################5         | 290/418 [00:15<00:06, 18.53it/s]
 70%|#####################6         | 292/418 [00:15<00:06, 18.51it/s]
 70%|#####################8         | 294/418 [00:16<00:06, 18.51it/s]
 71%|#####################9         | 296/418 [00:16<00:06, 17.75it/s]
 71%|######################1        | 298/418 [00:16<00:07, 17.13it/s]
 72%|######################2        | 300/418 [00:16<00:06, 17.52it/s]
 72%|######################3        | 302/418 [00:16<00:06, 17.83it/s]
 73%|######################5        | 304/418 [00:16<00:06, 18.02it/s]
 73%|######################6        | 306/418 [00:16<00:06, 18.09it/s]
 74%|######################8        | 308/418 [00:16<00:06, 18.28it/s]
 74%|######################9        | 310/418 [00:16<00:05, 18.42it/s]
 75%|#######################1       | 312/418 [00:17<00:05, 18.53it/s]
 75%|#######################2       | 314/418 [00:17<00:05, 18.51it/s]
 76%|#######################4       | 316/418 [00:17<00:05, 18.72it/s]
 76%|#######################5       | 318/418 [00:17<00:05, 18.70it/s]
 77%|#######################7       | 320/418 [00:17<00:05, 18.62it/s]
 77%|#######################8       | 322/418 [00:17<00:05, 18.60it/s]
 78%|########################       | 324/418 [00:17<00:05, 18.60it/s]
 78%|########################1      | 326/418 [00:17<00:04, 18.71it/s]
 78%|########################3      | 328/418 [00:17<00:04, 18.70it/s]
 79%|########################4      | 330/418 [00:18<00:04, 17.91it/s]
 79%|########################6      | 332/418 [00:18<00:04, 18.05it/s]
 80%|########################7      | 334/418 [00:18<00:04, 18.17it/s]
 80%|########################9      | 336/418 [00:18<00:04, 18.52it/s]
 81%|#########################      | 338/418 [00:18<00:04, 18.52it/s]
 81%|#########################2     | 340/418 [00:18<00:04, 18.59it/s]
 82%|#########################3     | 342/418 [00:18<00:04, 18.54it/s]
 82%|#########################5     | 344/418 [00:18<00:03, 18.53it/s]
 83%|#########################6     | 346/418 [00:18<00:04, 17.63it/s]
 83%|#########################8     | 348/418 [00:19<00:03, 17.89it/s]
 84%|#########################9     | 350/418 [00:19<00:03, 18.04it/s]
 84%|##########################1    | 352/418 [00:19<00:03, 18.23it/s]
 85%|##########################2    | 354/418 [00:19<00:03, 18.34it/s]
 85%|##########################4    | 356/418 [00:19<00:03, 18.47it/s]
 86%|##########################5    | 358/418 [00:19<00:03, 18.58it/s]
 86%|##########################6    | 360/418 [00:19<00:03, 18.62it/s]
 87%|##########################8    | 362/418 [00:19<00:02, 18.74it/s]
 87%|##########################9    | 364/418 [00:19<00:02, 18.61it/s]
 88%|###########################1   | 366/418 [00:20<00:02, 18.64it/s]
 88%|###########################2   | 368/418 [00:20<00:02, 18.75it/s]
 89%|###########################4   | 370/418 [00:20<00:02, 18.83it/s]
 89%|###########################5   | 372/418 [00:20<00:02, 18.72it/s]
 89%|###########################7   | 374/418 [00:20<00:02, 18.52it/s]
 90%|###########################8   | 376/418 [00:20<00:02, 18.59it/s]
 90%|############################   | 378/418 [00:20<00:02, 18.66it/s]
 91%|############################1  | 380/418 [00:20<00:02, 18.68it/s]
 91%|############################3  | 382/418 [00:20<00:01, 18.60it/s]
 92%|############################4  | 384/418 [00:20<00:01, 18.66it/s]
 92%|############################6  | 386/418 [00:21<00:01, 17.68it/s]
 93%|############################7  | 388/418 [00:21<00:01, 17.99it/s]
 93%|############################9  | 390/418 [00:21<00:01, 18.18it/s]
 94%|#############################  | 392/418 [00:21<00:01, 18.40it/s]
 94%|#############################2 | 394/418 [00:21<00:01, 18.65it/s]
 95%|#############################3 | 396/418 [00:21<00:01, 18.70it/s]
 95%|#############################5 | 398/418 [00:21<00:01, 18.73it/s]
 96%|#############################6 | 400/418 [00:21<00:00, 18.80it/s]
 96%|#############################8 | 402/418 [00:21<00:00, 18.85it/s]
 97%|#############################9 | 404/418 [00:22<00:00, 18.85it/s]
 97%|##############################1| 406/418 [00:22<00:00, 18.82it/s]
 98%|##############################2| 408/418 [00:22<00:00, 18.87it/s]
 98%|##############################4| 410/418 [00:22<00:00, 18.86it/s]
 99%|##############################5| 412/418 [00:22<00:00, 18.81it/s]
 99%|##############################7| 414/418 [00:22<00:00, 18.71it/s]
100%|##############################8| 416/418 [00:22<00:00, 18.70it/s]
100%|###############################| 418/418 [00:22<00:00, 18.84it/s]
100%|###############################| 418/418 [00:22<00:00, 18.34it/s]
[SEAL Epoch 14] loss=0.5177

[SEAL Epoch 15/20] Run 1/1 - training...

  0%|                                         | 0/418 [00:00<?, ?it/s]
  0%|1                                | 2/418 [00:00<00:26, 15.91it/s]
  1%|3                                | 4/418 [00:00<00:24, 16.85it/s]
  1%|4                                | 6/418 [00:00<00:24, 17.14it/s]
  2%|6                                | 8/418 [00:00<00:22, 17.84it/s]
  2%|7                               | 10/418 [00:00<00:22, 18.19it/s]
  3%|9                               | 12/418 [00:00<00:21, 18.46it/s]
  3%|#                               | 14/418 [00:00<00:22, 18.29it/s]
  4%|#2                              | 16/418 [00:00<00:21, 18.58it/s]
  4%|#3                              | 18/418 [00:00<00:21, 18.72it/s]
  5%|#5                              | 20/418 [00:01<00:21, 18.70it/s]
  5%|#6                              | 22/418 [00:01<00:21, 18.77it/s]
  6%|#8                              | 24/418 [00:01<00:20, 18.90it/s]
  6%|#9                              | 26/418 [00:01<00:20, 18.86it/s]
  7%|##1                             | 28/418 [00:01<00:20, 18.85it/s]
  7%|##2                             | 30/418 [00:01<00:20, 18.77it/s]
  8%|##4                             | 32/418 [00:01<00:20, 18.66it/s]
  8%|##6                             | 34/418 [00:01<00:20, 18.70it/s]
  9%|##7                             | 36/418 [00:01<00:20, 18.71it/s]
  9%|##9                             | 38/418 [00:02<00:20, 18.67it/s]
 10%|###                             | 40/418 [00:02<00:20, 18.66it/s]
 10%|###2                            | 42/418 [00:02<00:21, 17.83it/s]
 11%|###3                            | 44/418 [00:02<00:20, 18.13it/s]
 11%|###5                            | 46/418 [00:02<00:20, 18.41it/s]
 11%|###6                            | 48/418 [00:02<00:19, 18.52it/s]
 12%|###8                            | 50/418 [00:02<00:19, 18.63it/s]
 12%|###9                            | 52/418 [00:02<00:19, 18.63it/s]
 13%|####1                           | 54/418 [00:02<00:19, 18.57it/s]
 13%|####2                           | 56/418 [00:03<00:19, 18.49it/s]
 14%|####4                           | 58/418 [00:03<00:20, 17.92it/s]
 14%|####5                           | 60/418 [00:03<00:20, 17.32it/s]
 15%|####7                           | 62/418 [00:03<00:20, 17.71it/s]
 15%|####8                           | 64/418 [00:03<00:20, 17.31it/s]
 16%|#####                           | 66/418 [00:03<00:20, 17.57it/s]
 16%|#####2                          | 68/418 [00:03<00:19, 17.75it/s]
 17%|#####3                          | 70/418 [00:03<00:19, 18.00it/s]
 17%|#####5                          | 72/418 [00:03<00:20, 17.24it/s]
 18%|#####6                          | 74/418 [00:04<00:20, 16.79it/s]
 18%|#####8                          | 76/418 [00:04<00:19, 17.36it/s]
 19%|#####9                          | 78/418 [00:04<00:20, 16.97it/s]
 19%|######1                         | 80/418 [00:04<00:19, 17.37it/s]
 20%|######2                         | 82/418 [00:04<00:18, 17.76it/s]
 20%|######4                         | 84/418 [00:04<00:18, 17.89it/s]
 21%|######5                         | 86/418 [00:04<00:19, 17.13it/s]
 21%|######7                         | 88/418 [00:04<00:19, 16.68it/s]
 22%|######8                         | 90/418 [00:05<00:19, 17.22it/s]
 22%|#######                         | 92/418 [00:05<00:19, 16.98it/s]
 22%|#######1                        | 94/418 [00:05<00:18, 17.40it/s]
 23%|#######3                        | 96/418 [00:05<00:18, 17.63it/s]
 23%|#######5                        | 98/418 [00:05<00:18, 17.74it/s]
 24%|#######4                       | 100/418 [00:05<00:18, 17.31it/s]
 24%|#######5                       | 102/418 [00:05<00:17, 17.74it/s]
 25%|#######7                       | 104/418 [00:05<00:17, 18.07it/s]
 25%|#######8                       | 106/418 [00:05<00:17, 18.25it/s]
 26%|########                       | 108/418 [00:06<00:16, 18.37it/s]
 26%|########1                      | 110/418 [00:06<00:16, 18.51it/s]
 27%|########3                      | 112/418 [00:06<00:16, 18.68it/s]
 27%|########4                      | 114/418 [00:06<00:16, 18.67it/s]
 28%|########6                      | 116/418 [00:06<00:16, 18.65it/s]
 28%|########7                      | 118/418 [00:06<00:16, 18.69it/s]
 29%|########8                      | 120/418 [00:06<00:15, 18.67it/s]
 29%|#########                      | 122/418 [00:06<00:15, 18.75it/s]
 30%|#########1                     | 124/418 [00:06<00:15, 18.62it/s]
 30%|#########3                     | 126/418 [00:06<00:15, 18.69it/s]
 31%|#########4                     | 128/418 [00:07<00:15, 18.70it/s]
 31%|#########6                     | 130/418 [00:07<00:15, 18.52it/s]
 32%|#########7                     | 132/418 [00:07<00:15, 18.53it/s]
 32%|#########9                     | 134/418 [00:07<00:15, 18.64it/s]
 33%|##########                     | 136/418 [00:07<00:15, 18.65it/s]
 33%|##########2                    | 138/418 [00:07<00:14, 18.72it/s]
 33%|##########3                    | 140/418 [00:07<00:14, 18.70it/s]
 34%|##########5                    | 142/418 [00:07<00:14, 18.77it/s]
 34%|##########6                    | 144/418 [00:07<00:14, 18.79it/s]
 35%|##########8                    | 146/418 [00:08<00:14, 18.83it/s]
 35%|##########9                    | 148/418 [00:08<00:14, 18.74it/s]
 36%|###########1                   | 150/418 [00:08<00:14, 18.76it/s]
 36%|###########2                   | 152/418 [00:08<00:14, 18.56it/s]
 37%|###########4                   | 154/418 [00:08<00:14, 18.64it/s]
 37%|###########5                   | 156/418 [00:08<00:14, 18.51it/s]
 38%|###########7                   | 158/418 [00:08<00:13, 18.59it/s]
 38%|###########8                   | 160/418 [00:08<00:13, 18.64it/s]
 39%|############                   | 162/418 [00:08<00:13, 18.66it/s]
 39%|############1                  | 164/418 [00:09<00:13, 18.67it/s]
 40%|############3                  | 166/418 [00:09<00:13, 18.69it/s]
 40%|############4                  | 168/418 [00:09<00:13, 18.69it/s]
 41%|############6                  | 170/418 [00:09<00:13, 18.45it/s]
 41%|############7                  | 172/418 [00:09<00:13, 18.60it/s]
 42%|############9                  | 174/418 [00:09<00:13, 18.56it/s]
 42%|#############                  | 176/418 [00:09<00:13, 18.62it/s]
 43%|#############2                 | 178/418 [00:09<00:12, 18.68it/s]
 43%|#############3                 | 180/418 [00:09<00:12, 18.74it/s]
 44%|#############4                 | 182/418 [00:09<00:12, 18.75it/s]
 44%|#############6                 | 184/418 [00:10<00:12, 18.70it/s]
 44%|#############7                 | 186/418 [00:10<00:12, 18.68it/s]
 45%|#############9                 | 188/418 [00:10<00:12, 18.54it/s]
 45%|##############                 | 190/418 [00:10<00:12, 18.72it/s]
 46%|##############2                | 192/418 [00:10<00:12, 18.57it/s]
 46%|##############3                | 194/418 [00:10<00:12, 18.61it/s]
 47%|##############5                | 196/418 [00:10<00:11, 18.69it/s]
 47%|##############6                | 198/418 [00:10<00:11, 18.56it/s]
 48%|##############8                | 200/418 [00:10<00:11, 18.58it/s]
 48%|##############9                | 202/418 [00:11<00:11, 18.64it/s]
 49%|###############1               | 204/418 [00:11<00:11, 18.46it/s]
 49%|###############2               | 206/418 [00:11<00:11, 18.56it/s]
 50%|###############4               | 208/418 [00:11<00:11, 18.42it/s]
 50%|###############5               | 210/418 [00:11<00:11, 18.06it/s]
 51%|###############7               | 212/418 [00:11<00:11, 18.21it/s]
 51%|###############8               | 214/418 [00:11<00:11, 18.40it/s]
 52%|################               | 216/418 [00:11<00:10, 18.41it/s]
 52%|################1              | 218/418 [00:11<00:10, 18.49it/s]
 53%|################3              | 220/418 [00:12<00:10, 18.57it/s]
 53%|################4              | 222/418 [00:12<00:10, 18.52it/s]
 54%|################6              | 224/418 [00:12<00:10, 18.30it/s]
 54%|################7              | 226/418 [00:12<00:10, 18.29it/s]
 55%|################9              | 228/418 [00:12<00:10, 18.02it/s]
 55%|#################              | 230/418 [00:12<00:10, 18.26it/s]
 56%|#################2             | 232/418 [00:12<00:10, 18.26it/s]
 56%|#################3             | 234/418 [00:12<00:10, 18.24it/s]
 56%|#################5             | 236/418 [00:12<00:09, 18.25it/s]
 57%|#################6             | 238/418 [00:13<00:09, 18.22it/s]
 57%|#################7             | 240/418 [00:13<00:09, 18.20it/s]
 58%|#################9             | 242/418 [00:13<00:09, 18.04it/s]
 58%|##################             | 244/418 [00:13<00:09, 18.03it/s]
 59%|##################2            | 246/418 [00:13<00:09, 18.05it/s]
 59%|##################3            | 248/418 [00:13<00:09, 18.13it/s]
 60%|##################5            | 250/418 [00:13<00:09, 18.14it/s]
 60%|##################6            | 252/418 [00:13<00:09, 18.08it/s]
 61%|##################8            | 254/418 [00:13<00:09, 18.04it/s]
 61%|##################9            | 256/418 [00:14<00:08, 18.10it/s]
 62%|###################1           | 258/418 [00:14<00:08, 17.88it/s]
 62%|###################2           | 260/418 [00:14<00:08, 17.90it/s]
 63%|###################4           | 262/418 [00:14<00:08, 17.89it/s]
 63%|###################5           | 264/418 [00:14<00:08, 17.94it/s]
 64%|###################7           | 266/418 [00:14<00:08, 17.98it/s]
 64%|###################8           | 268/418 [00:14<00:08, 18.19it/s]
 65%|####################           | 270/418 [00:14<00:08, 18.08it/s]
 65%|####################1          | 272/418 [00:14<00:08, 17.80it/s]
 66%|####################3          | 274/418 [00:15<00:08, 18.00it/s]
 66%|####################4          | 276/418 [00:15<00:07, 18.05it/s]
 67%|####################6          | 278/418 [00:15<00:07, 18.17it/s]
 67%|####################7          | 280/418 [00:15<00:07, 18.45it/s]
 67%|####################9          | 282/418 [00:15<00:07, 18.27it/s]
 68%|#####################          | 284/418 [00:15<00:07, 18.31it/s]
 68%|#####################2         | 286/418 [00:15<00:07, 18.39it/s]
 69%|#####################3         | 288/418 [00:15<00:07, 18.35it/s]
 69%|#####################5         | 290/418 [00:15<00:07, 18.24it/s]
 70%|#####################6         | 292/418 [00:15<00:06, 18.38it/s]
 70%|#####################8         | 294/418 [00:16<00:06, 18.50it/s]
 71%|#####################9         | 296/418 [00:16<00:06, 18.53it/s]
 71%|######################1        | 298/418 [00:16<00:06, 18.45it/s]
 72%|######################2        | 300/418 [00:16<00:06, 17.58it/s]
 72%|######################3        | 302/418 [00:16<00:06, 17.88it/s]
 73%|######################5        | 304/418 [00:16<00:06, 18.08it/s]
 73%|######################6        | 306/418 [00:16<00:06, 18.20it/s]
 74%|######################8        | 308/418 [00:16<00:06, 17.39it/s]
 74%|######################9        | 310/418 [00:16<00:06, 17.86it/s]
 75%|#######################1       | 312/418 [00:17<00:05, 18.17it/s]
 75%|#######################2       | 314/418 [00:17<00:05, 17.49it/s]
 76%|#######################4       | 316/418 [00:17<00:05, 17.80it/s]
 76%|#######################5       | 318/418 [00:17<00:05, 18.08it/s]
 77%|#######################7       | 320/418 [00:17<00:05, 18.26it/s]
 77%|#######################8       | 322/418 [00:17<00:05, 17.30it/s]
 78%|########################       | 324/418 [00:17<00:05, 17.68it/s]
 78%|########################1      | 326/418 [00:17<00:05, 17.96it/s]
 78%|########################3      | 328/418 [00:18<00:04, 18.21it/s]
 79%|########################4      | 330/418 [00:18<00:04, 18.16it/s]
 79%|########################6      | 332/418 [00:18<00:04, 18.26it/s]
 80%|########################7      | 334/418 [00:18<00:04, 18.40it/s]
 80%|########################9      | 336/418 [00:18<00:04, 18.45it/s]
 81%|#########################      | 338/418 [00:18<00:04, 18.43it/s]
 81%|#########################2     | 340/418 [00:18<00:04, 18.25it/s]
 82%|#########################3     | 342/418 [00:18<00:04, 18.32it/s]
 82%|#########################5     | 344/418 [00:18<00:04, 18.26it/s]
 83%|#########################6     | 346/418 [00:18<00:03, 18.45it/s]
 83%|#########################8     | 348/418 [00:19<00:03, 18.56it/s]
 84%|#########################9     | 350/418 [00:19<00:03, 17.74it/s]
 84%|##########################1    | 352/418 [00:19<00:03, 18.16it/s]
 85%|##########################2    | 354/418 [00:19<00:03, 18.28it/s]
 85%|##########################4    | 356/418 [00:19<00:03, 18.25it/s]
 86%|##########################5    | 358/418 [00:19<00:03, 17.37it/s]
 86%|##########################6    | 360/418 [00:19<00:03, 17.85it/s]
 87%|##########################8    | 362/418 [00:19<00:03, 18.01it/s]
 87%|##########################9    | 364/418 [00:19<00:02, 18.24it/s]
 88%|###########################1   | 366/418 [00:20<00:02, 18.38it/s]
 88%|###########################2   | 368/418 [00:20<00:02, 18.56it/s]
 89%|###########################4   | 370/418 [00:20<00:02, 18.46it/s]
 89%|###########################5   | 372/418 [00:20<00:02, 18.50it/s]
 89%|###########################7   | 374/418 [00:20<00:02, 18.61it/s]
 90%|###########################8   | 376/418 [00:20<00:02, 18.61it/s]
 90%|############################   | 378/418 [00:20<00:02, 18.54it/s]
 91%|############################1  | 380/418 [00:20<00:02, 18.74it/s]
 91%|############################3  | 382/418 [00:20<00:01, 18.82it/s]
 92%|############################4  | 384/418 [00:21<00:01, 18.82it/s]
 92%|############################6  | 386/418 [00:21<00:01, 18.86it/s]
 93%|############################7  | 388/418 [00:21<00:01, 18.89it/s]
 93%|############################9  | 390/418 [00:21<00:01, 18.77it/s]
 94%|#############################  | 392/418 [00:21<00:01, 18.78it/s]
 94%|#############################2 | 394/418 [00:21<00:01, 18.79it/s]
 95%|#############################3 | 396/418 [00:21<00:01, 18.73it/s]
 95%|#############################5 | 398/418 [00:21<00:01, 18.56it/s]
 96%|#############################6 | 400/418 [00:21<00:00, 18.65it/s]
 96%|#############################8 | 402/418 [00:22<00:00, 18.67it/s]
 97%|#############################9 | 404/418 [00:22<00:00, 18.73it/s]
 97%|##############################1| 406/418 [00:22<00:00, 18.87it/s]
 98%|##############################2| 408/418 [00:22<00:00, 18.89it/s]
 98%|##############################4| 410/418 [00:22<00:00, 18.83it/s]
 99%|##############################5| 412/418 [00:23<00:01,  5.61it/s]
 99%|##############################7| 414/418 [00:23<00:00,  7.11it/s]
100%|##############################8| 416/418 [00:23<00:00,  8.75it/s]
100%|###############################| 418/418 [00:23<00:00, 10.44it/s]
100%|###############################| 418/418 [00:23<00:00, 17.65it/s]
[SEAL Epoch 15] loss=0.5174

[SEAL Epoch 16/20] Run 1/1 - training...

  0%|                                         | 0/418 [00:00<?, ?it/s]
  0%|1                                | 2/418 [00:00<00:28, 14.45it/s]
  1%|3                                | 4/418 [00:00<00:24, 16.90it/s]
  1%|4                                | 6/418 [00:00<00:23, 17.73it/s]
  2%|6                                | 8/418 [00:00<00:22, 18.23it/s]
  2%|7                               | 10/418 [00:00<00:22, 18.44it/s]
  3%|9                               | 12/418 [00:00<00:21, 18.62it/s]
  3%|#                               | 14/418 [00:00<00:21, 18.72it/s]
  4%|#2                              | 16/418 [00:00<00:21, 18.65it/s]
  4%|#3                              | 18/418 [00:00<00:21, 18.77it/s]
  5%|#5                              | 20/418 [00:01<00:21, 18.80it/s]
  5%|#6                              | 22/418 [00:01<00:20, 18.90it/s]
  6%|#8                              | 24/418 [00:01<00:20, 19.05it/s]
  6%|#9                              | 26/418 [00:01<00:20, 18.99it/s]
  7%|##1                             | 28/418 [00:01<00:20, 18.97it/s]
  7%|##2                             | 30/418 [00:01<00:20, 19.03it/s]
  8%|##4                             | 32/418 [00:01<00:20, 18.98it/s]
  8%|##6                             | 34/418 [00:01<00:20, 18.94it/s]
  9%|##7                             | 36/418 [00:01<00:20, 18.91it/s]
  9%|##9                             | 38/418 [00:02<00:20, 18.86it/s]
 10%|###                             | 40/418 [00:02<00:20, 18.83it/s]
 10%|###2                            | 42/418 [00:02<00:20, 18.78it/s]
 11%|###3                            | 44/418 [00:02<00:20, 18.65it/s]
 11%|###5                            | 46/418 [00:02<00:19, 18.66it/s]
 11%|###6                            | 48/418 [00:02<00:20, 17.85it/s]
 12%|###8                            | 50/418 [00:02<00:20, 18.13it/s]
 12%|###9                            | 52/418 [00:02<00:20, 18.27it/s]
 13%|####1                           | 54/418 [00:02<00:20, 17.63it/s]
 13%|####2                           | 56/418 [00:03<00:20, 17.97it/s]
 14%|####4                           | 58/418 [00:03<00:19, 18.25it/s]
 14%|####5                           | 60/418 [00:03<00:19, 18.34it/s]
 15%|####7                           | 62/418 [00:03<00:19, 18.20it/s]
 15%|####8                           | 64/418 [00:03<00:19, 18.34it/s]
 16%|#####                           | 66/418 [00:03<00:19, 18.29it/s]
 16%|#####2                          | 68/418 [00:03<00:19, 18.28it/s]
 17%|#####3                          | 70/418 [00:03<00:18, 18.39it/s]
 17%|#####5                          | 72/418 [00:03<00:18, 18.48it/s]
 18%|#####6                          | 74/418 [00:04<00:18, 18.55it/s]
 18%|#####8                          | 76/418 [00:04<00:18, 18.70it/s]
 19%|#####9                          | 78/418 [00:04<00:18, 18.74it/s]
 19%|######1                         | 80/418 [00:04<00:18, 18.68it/s]
 20%|######2                         | 82/418 [00:04<00:18, 18.57it/s]
 20%|######4                         | 84/418 [00:04<00:17, 18.70it/s]
 21%|######5                         | 86/418 [00:04<00:18, 18.03it/s]
 21%|######7                         | 88/418 [00:04<00:18, 18.29it/s]
 22%|######8                         | 90/418 [00:04<00:17, 18.49it/s]
 22%|#######                         | 92/418 [00:05<00:18, 17.56it/s]
 22%|#######1                        | 94/418 [00:05<00:18, 17.84it/s]
 23%|#######3                        | 96/418 [00:05<00:17, 18.17it/s]
 23%|#######5                        | 98/418 [00:05<00:17, 18.34it/s]
 24%|#######4                       | 100/418 [00:05<00:17, 18.44it/s]
 24%|#######5                       | 102/418 [00:05<00:17, 18.58it/s]
 25%|#######7                       | 104/418 [00:05<00:16, 18.66it/s]
 25%|#######8                       | 106/418 [00:05<00:16, 18.72it/s]
 26%|########                       | 108/418 [00:05<00:17, 17.90it/s]
 26%|########1                      | 110/418 [00:05<00:17, 18.07it/s]
 27%|########3                      | 112/418 [00:06<00:17, 17.33it/s]
 27%|########4                      | 114/418 [00:06<00:18, 16.84it/s]
 28%|########6                      | 116/418 [00:06<00:17, 17.45it/s]
 28%|########7                      | 118/418 [00:06<00:16, 17.77it/s]
 29%|########8                      | 120/418 [00:06<00:16, 17.98it/s]
 29%|#########                      | 122/418 [00:06<00:16, 18.03it/s]
 30%|#########1                     | 124/418 [00:06<00:16, 18.32it/s]
 30%|#########3                     | 126/418 [00:06<00:15, 18.36it/s]
 31%|#########4                     | 128/418 [00:07<00:17, 16.95it/s]
 31%|#########6                     | 130/418 [00:07<00:16, 17.54it/s]
 32%|#########7                     | 132/418 [00:07<00:16, 17.82it/s]
 32%|#########9                     | 134/418 [00:07<00:15, 18.22it/s]
 33%|##########                     | 136/418 [00:07<00:15, 18.31it/s]
 33%|##########2                    | 138/418 [00:07<00:15, 18.49it/s]
 33%|##########3                    | 140/418 [00:07<00:14, 18.65it/s]
 34%|##########5                    | 142/418 [00:07<00:15, 17.31it/s]
 34%|##########6                    | 144/418 [00:07<00:16, 16.81it/s]
 35%|##########8                    | 146/418 [00:08<00:15, 17.38it/s]
 35%|##########9                    | 148/418 [00:08<00:15, 17.78it/s]
 36%|###########1                   | 150/418 [00:08<00:14, 18.14it/s]
 36%|###########2                   | 152/418 [00:08<00:14, 18.39it/s]
 37%|###########4                   | 154/418 [00:08<00:14, 18.57it/s]
 37%|###########5                   | 156/418 [00:08<00:14, 18.57it/s]
 38%|###########7                   | 158/418 [00:08<00:14, 17.48it/s]
 38%|###########8                   | 160/418 [00:08<00:14, 17.84it/s]
 39%|############                   | 162/418 [00:08<00:14, 18.09it/s]
 39%|############1                  | 164/418 [00:09<00:14, 17.11it/s]
 40%|############3                  | 166/418 [00:09<00:14, 17.62it/s]
 40%|############4                  | 168/418 [00:09<00:14, 17.80it/s]
 41%|############6                  | 170/418 [00:09<00:13, 18.12it/s]
 41%|############7                  | 172/418 [00:09<00:13, 18.28it/s]
 42%|############9                  | 174/418 [00:09<00:13, 18.42it/s]
 42%|#############                  | 176/418 [00:09<00:13, 18.46it/s]
 43%|#############2                 | 178/418 [00:09<00:12, 18.67it/s]
 43%|#############3                 | 180/418 [00:09<00:12, 18.66it/s]
 44%|#############4                 | 182/418 [00:10<00:13, 17.65it/s]
 44%|#############6                 | 184/418 [00:10<00:13, 17.06it/s]
 44%|#############7                 | 186/418 [00:10<00:13, 17.52it/s]
 45%|#############9                 | 188/418 [00:10<00:12, 17.91it/s]
 45%|##############                 | 190/418 [00:10<00:12, 18.16it/s]
 46%|##############2                | 192/418 [00:10<00:12, 18.29it/s]
 46%|##############3                | 194/418 [00:10<00:12, 18.42it/s]
 47%|##############5                | 196/418 [00:10<00:11, 18.56it/s]
 47%|##############6                | 198/418 [00:10<00:11, 18.69it/s]
 48%|##############8                | 200/418 [00:11<00:12, 17.74it/s]
 48%|##############9                | 202/418 [00:11<00:11, 18.16it/s]
 49%|###############1               | 204/418 [00:11<00:11, 18.27it/s]
 49%|###############2               | 206/418 [00:11<00:11, 18.31it/s]
 50%|###############4               | 208/418 [00:11<00:11, 18.42it/s]
 50%|###############5               | 210/418 [00:11<00:11, 18.45it/s]
 51%|###############7               | 212/418 [00:11<00:11, 18.52it/s]
 51%|###############8               | 214/418 [00:11<00:10, 18.61it/s]
 52%|################               | 216/418 [00:11<00:10, 18.39it/s]
 52%|################1              | 218/418 [00:11<00:10, 18.53it/s]
 53%|################3              | 220/418 [00:12<00:10, 18.59it/s]
 53%|################4              | 222/418 [00:12<00:11, 17.64it/s]
 54%|################6              | 224/418 [00:12<00:10, 17.82it/s]
 54%|################7              | 226/418 [00:12<00:10, 17.51it/s]
 55%|################9              | 228/418 [00:12<00:10, 17.82it/s]
 55%|#################              | 230/418 [00:12<00:10, 18.11it/s]
 56%|#################2             | 232/418 [00:12<00:10, 17.36it/s]
 56%|#################3             | 234/418 [00:12<00:10, 17.51it/s]
 56%|#################5             | 236/418 [00:12<00:10, 17.88it/s]
 57%|#################6             | 238/418 [00:13<00:09, 18.08it/s]
 57%|#################7             | 240/418 [00:13<00:10, 17.38it/s]
 58%|#################9             | 242/418 [00:13<00:09, 17.67it/s]
 58%|##################             | 244/418 [00:13<00:09, 17.42it/s]
 59%|##################2            | 246/418 [00:13<00:09, 17.67it/s]
 59%|##################3            | 248/418 [00:13<00:09, 17.97it/s]
 60%|##################5            | 250/418 [00:13<00:09, 18.17it/s]
 60%|##################6            | 252/418 [00:13<00:09, 18.17it/s]
 61%|##################8            | 254/418 [00:13<00:09, 18.22it/s]
 61%|##################9            | 256/418 [00:14<00:08, 18.37it/s]
 62%|###################1           | 258/418 [00:14<00:08, 18.62it/s]
 62%|###################2           | 260/418 [00:14<00:08, 18.68it/s]
 63%|###################4           | 262/418 [00:14<00:08, 18.61it/s]
 63%|###################5           | 264/418 [00:14<00:08, 18.63it/s]
 64%|###################7           | 266/418 [00:14<00:08, 18.78it/s]
 64%|###################8           | 268/418 [00:14<00:07, 18.87it/s]
 65%|####################           | 270/418 [00:14<00:07, 18.79it/s]
 65%|####################1          | 272/418 [00:14<00:07, 18.70it/s]
 66%|####################3          | 274/418 [00:15<00:07, 18.84it/s]
 66%|####################4          | 276/418 [00:15<00:07, 18.92it/s]
 67%|####################6          | 278/418 [00:15<00:07, 18.93it/s]
 67%|####################7          | 280/418 [00:15<00:07, 18.90it/s]
 67%|####################9          | 282/418 [00:15<00:07, 18.84it/s]
 68%|#####################          | 284/418 [00:15<00:07, 18.83it/s]
 68%|#####################2         | 286/418 [00:15<00:07, 18.84it/s]
 69%|#####################3         | 288/418 [00:15<00:06, 18.85it/s]
 69%|#####################5         | 290/418 [00:15<00:06, 18.90it/s]
 70%|#####################6         | 292/418 [00:16<00:06, 18.94it/s]
 70%|#####################8         | 294/418 [00:16<00:06, 19.05it/s]
 71%|#####################9         | 296/418 [00:16<00:06, 18.94it/s]
 71%|######################1        | 298/418 [00:16<00:06, 18.88it/s]
 72%|######################2        | 300/418 [00:16<00:06, 18.85it/s]
 72%|######################3        | 302/418 [00:16<00:06, 18.91it/s]
 73%|######################5        | 304/418 [00:16<00:06, 18.95it/s]
 73%|######################6        | 306/418 [00:16<00:05, 18.91it/s]
 74%|######################8        | 308/418 [00:16<00:05, 18.88it/s]
 74%|######################9        | 310/418 [00:16<00:05, 18.92it/s]
 75%|#######################1       | 312/418 [00:17<00:05, 18.90it/s]
 75%|#######################2       | 314/418 [00:17<00:05, 18.93it/s]
 76%|#######################4       | 316/418 [00:17<00:05, 18.71it/s]
 76%|#######################5       | 318/418 [00:17<00:05, 18.79it/s]
 77%|#######################7       | 320/418 [00:17<00:05, 18.75it/s]
 77%|#######################8       | 322/418 [00:17<00:05, 18.72it/s]
 78%|########################       | 324/418 [00:17<00:05, 18.70it/s]
 78%|########################1      | 326/418 [00:17<00:04, 18.69it/s]
 78%|########################3      | 328/418 [00:17<00:04, 18.61it/s]
 79%|########################4      | 330/418 [00:18<00:04, 18.65it/s]
 79%|########################6      | 332/418 [00:18<00:04, 18.59it/s]
 80%|########################7      | 334/418 [00:18<00:04, 18.67it/s]
 80%|########################9      | 336/418 [00:18<00:04, 18.80it/s]
 81%|#########################      | 338/418 [00:18<00:04, 18.71it/s]
 81%|#########################2     | 340/418 [00:18<00:04, 18.84it/s]
 82%|#########################3     | 342/418 [00:18<00:04, 18.85it/s]
 82%|#########################5     | 344/418 [00:18<00:03, 18.74it/s]
 83%|#########################6     | 346/418 [00:18<00:03, 18.64it/s]
 83%|#########################8     | 348/418 [00:18<00:03, 18.69it/s]
 84%|#########################9     | 350/418 [00:19<00:03, 18.71it/s]
 84%|##########################1    | 352/418 [00:19<00:03, 18.73it/s]
 85%|##########################2    | 354/418 [00:19<00:03, 18.59it/s]
 85%|##########################4    | 356/418 [00:19<00:03, 18.65it/s]
 86%|##########################5    | 358/418 [00:19<00:03, 18.59it/s]
 86%|##########################6    | 360/418 [00:19<00:03, 17.20it/s]
 87%|##########################8    | 362/418 [00:19<00:03, 16.73it/s]
 87%|##########################9    | 364/418 [00:19<00:03, 17.27it/s]
 88%|###########################1   | 366/418 [00:20<00:02, 17.73it/s]
 88%|###########################2   | 368/418 [00:20<00:02, 18.02it/s]
 89%|###########################4   | 370/418 [00:20<00:02, 18.19it/s]
 89%|###########################5   | 372/418 [00:20<00:02, 18.23it/s]
 89%|###########################7   | 374/418 [00:20<00:02, 18.34it/s]
 90%|###########################8   | 376/418 [00:20<00:02, 18.33it/s]
 90%|############################   | 378/418 [00:20<00:02, 18.45it/s]
 91%|############################1  | 380/418 [00:20<00:02, 18.58it/s]
 91%|############################3  | 382/418 [00:20<00:01, 18.65it/s]
 92%|############################4  | 384/418 [00:20<00:01, 18.57it/s]
 92%|############################6  | 386/418 [00:21<00:01, 18.68it/s]
 93%|############################7  | 388/418 [00:21<00:01, 18.75it/s]
 93%|############################9  | 390/418 [00:21<00:01, 18.89it/s]
 94%|#############################  | 392/418 [00:21<00:01, 17.66it/s]
 94%|#############################2 | 394/418 [00:21<00:01, 17.98it/s]
 95%|#############################3 | 396/418 [00:21<00:01, 18.12it/s]
 95%|#############################5 | 398/418 [00:21<00:01, 18.34it/s]
 96%|#############################6 | 400/418 [00:21<00:00, 18.61it/s]
 96%|#############################8 | 402/418 [00:21<00:00, 18.50it/s]
 97%|#############################9 | 404/418 [00:22<00:00, 18.51it/s]
 97%|##############################1| 406/418 [00:22<00:00, 17.69it/s]
 98%|##############################2| 408/418 [00:22<00:00, 17.08it/s]
 98%|##############################4| 410/418 [00:22<00:00, 17.61it/s]
 99%|##############################5| 412/418 [00:22<00:00, 17.97it/s]
 99%|##############################7| 414/418 [00:22<00:00, 18.30it/s]
100%|##############################8| 416/418 [00:22<00:00, 18.51it/s]
100%|###############################| 418/418 [00:22<00:00, 18.60it/s]
100%|###############################| 418/418 [00:22<00:00, 18.30it/s]
[SEAL Epoch 16] loss=0.5173

[SEAL Epoch 17/20] Run 1/1 - training...

  0%|                                         | 0/418 [00:00<?, ?it/s]
  0%|1                                | 2/418 [00:00<00:25, 16.63it/s]
  1%|3                                | 4/418 [00:00<00:25, 16.41it/s]
  1%|4                                | 6/418 [00:00<00:23, 17.38it/s]
  2%|6                                | 8/418 [00:00<00:23, 17.82it/s]
  2%|7                               | 10/418 [00:00<00:22, 17.93it/s]
  3%|9                               | 12/418 [00:00<00:22, 17.96it/s]
  3%|#                               | 14/418 [00:00<00:22, 18.26it/s]
  4%|#2                              | 16/418 [00:00<00:23, 17.38it/s]
  4%|#3                              | 18/418 [00:01<00:22, 17.70it/s]
  5%|#5                              | 20/418 [00:01<00:22, 18.08it/s]
  5%|#6                              | 22/418 [00:01<00:21, 18.26it/s]
  6%|#8                              | 24/418 [00:01<00:21, 18.41it/s]
  6%|#9                              | 26/418 [00:01<00:21, 18.49it/s]
  7%|##1                             | 28/418 [00:01<00:21, 18.56it/s]
  7%|##2                             | 30/418 [00:01<00:20, 18.58it/s]
  8%|##4                             | 32/418 [00:01<00:20, 18.56it/s]
  8%|##6                             | 34/418 [00:01<00:21, 17.71it/s]
  9%|##7                             | 36/418 [00:01<00:21, 18.04it/s]
  9%|##9                             | 38/418 [00:02<00:20, 18.28it/s]
 10%|###                             | 40/418 [00:02<00:20, 18.32it/s]
 10%|###2                            | 42/418 [00:02<00:20, 18.37it/s]
 11%|###3                            | 44/418 [00:02<00:20, 18.49it/s]
 11%|###5                            | 46/418 [00:02<00:20, 18.42it/s]
 11%|###6                            | 48/418 [00:02<00:20, 18.47it/s]
 12%|###8                            | 50/418 [00:02<00:21, 17.52it/s]
 12%|###9                            | 52/418 [00:02<00:20, 17.82it/s]
 13%|####1                           | 54/418 [00:02<00:20, 18.14it/s]
 13%|####2                           | 56/418 [00:03<00:19, 18.38it/s]
 14%|####4                           | 58/418 [00:03<00:19, 18.57it/s]
 14%|####5                           | 60/418 [00:03<00:19, 18.58it/s]
 15%|####7                           | 62/418 [00:03<00:19, 18.60it/s]
 15%|####8                           | 64/418 [00:03<00:19, 18.43it/s]
 16%|#####                           | 66/418 [00:03<00:18, 18.55it/s]
 16%|#####2                          | 68/418 [00:03<00:18, 18.83it/s]
 17%|#####3                          | 70/418 [00:03<00:18, 18.82it/s]
 17%|#####5                          | 72/418 [00:03<00:18, 18.83it/s]
 18%|#####6                          | 74/418 [00:04<00:18, 18.85it/s]
 18%|#####8                          | 76/418 [00:04<00:18, 18.08it/s]
 19%|#####9                          | 78/418 [00:04<00:18, 18.18it/s]
 19%|######1                         | 80/418 [00:04<00:18, 18.26it/s]
 20%|######2                         | 82/418 [00:04<00:19, 17.61it/s]
 20%|######4                         | 84/418 [00:04<00:18, 17.98it/s]
 21%|######5                         | 86/418 [00:04<00:18, 18.25it/s]
 21%|######7                         | 88/418 [00:04<00:17, 18.41it/s]
 22%|######8                         | 90/418 [00:04<00:18, 17.48it/s]
 22%|#######                         | 92/418 [00:05<00:18, 17.89it/s]
 22%|#######1                        | 94/418 [00:05<00:17, 18.17it/s]
 23%|#######3                        | 96/418 [00:05<00:18, 17.53it/s]
 23%|#######5                        | 98/418 [00:05<00:17, 17.91it/s]
 24%|#######4                       | 100/418 [00:05<00:17, 18.14it/s]
 24%|#######5                       | 102/418 [00:05<00:17, 18.37it/s]
 25%|#######7                       | 104/418 [00:05<00:17, 17.75it/s]
 25%|#######8                       | 106/418 [00:05<00:17, 17.93it/s]
 26%|########                       | 108/418 [00:05<00:17, 18.18it/s]
 26%|########1                      | 110/418 [00:06<00:17, 17.49it/s]
 27%|########3                      | 112/418 [00:06<00:17, 18.00it/s]
 27%|########4                      | 114/418 [00:06<00:16, 18.24it/s]
 28%|########6                      | 116/418 [00:06<00:16, 18.27it/s]
 28%|########7                      | 118/418 [00:06<00:17, 17.59it/s]
 29%|########8                      | 120/418 [00:06<00:16, 17.87it/s]
 29%|#########                      | 122/418 [00:06<00:16, 18.20it/s]
 30%|#########1                     | 124/418 [00:06<00:16, 18.25it/s]
 30%|#########3                     | 126/418 [00:06<00:15, 18.39it/s]
 31%|#########4                     | 128/418 [00:07<00:15, 18.66it/s]
 31%|#########6                     | 130/418 [00:07<00:15, 18.69it/s]
 32%|#########7                     | 132/418 [00:07<00:15, 18.71it/s]
 32%|#########9                     | 134/418 [00:07<00:15, 18.75it/s]
 33%|##########                     | 136/418 [00:07<00:14, 18.84it/s]
 33%|##########2                    | 138/418 [00:07<00:14, 18.85it/s]
 33%|##########3                    | 140/418 [00:07<00:14, 18.81it/s]
 34%|##########5                    | 142/418 [00:07<00:14, 18.83it/s]
 34%|##########6                    | 144/418 [00:07<00:14, 18.74it/s]
 35%|##########8                    | 146/418 [00:08<00:15, 17.91it/s]
 35%|##########9                    | 148/418 [00:08<00:14, 18.20it/s]
 36%|###########1                   | 150/418 [00:08<00:14, 18.42it/s]
 36%|###########2                   | 152/418 [00:08<00:14, 18.38it/s]
 37%|###########4                   | 154/418 [00:08<00:14, 17.82it/s]
 37%|###########5                   | 156/418 [00:08<00:14, 17.98it/s]
 38%|###########7                   | 158/418 [00:08<00:14, 18.26it/s]
 38%|###########8                   | 160/418 [00:08<00:13, 18.45it/s]
 39%|############                   | 162/418 [00:08<00:13, 18.56it/s]
 39%|############1                  | 164/418 [00:08<00:13, 18.88it/s]
 40%|############3                  | 166/418 [00:09<00:13, 18.89it/s]
 40%|############4                  | 168/418 [00:09<00:13, 18.94it/s]
 41%|############6                  | 170/418 [00:09<00:13, 19.00it/s]
 41%|############7                  | 172/418 [00:09<00:12, 18.99it/s]
 42%|############9                  | 174/418 [00:09<00:12, 18.95it/s]
 42%|#############                  | 176/418 [00:09<00:12, 18.89it/s]
 43%|#############2                 | 178/418 [00:09<00:12, 18.87it/s]
 43%|#############3                 | 180/418 [00:09<00:12, 18.86it/s]
 44%|#############4                 | 182/418 [00:09<00:12, 18.67it/s]
 44%|#############6                 | 184/418 [00:10<00:12, 18.70it/s]
 44%|#############7                 | 186/418 [00:10<00:12, 18.68it/s]
 45%|#############9                 | 188/418 [00:10<00:12, 18.75it/s]
 45%|##############                 | 190/418 [00:10<00:12, 18.82it/s]
 46%|##############2                | 192/418 [00:10<00:12, 18.81it/s]
 46%|##############3                | 194/418 [00:10<00:11, 18.74it/s]
 47%|##############5                | 196/418 [00:10<00:11, 18.68it/s]
 47%|##############6                | 198/418 [00:10<00:11, 18.68it/s]
 48%|##############8                | 200/418 [00:10<00:11, 18.56it/s]
 48%|##############9                | 202/418 [00:11<00:11, 18.75it/s]
 49%|###############1               | 204/418 [00:11<00:11, 18.84it/s]
 49%|###############2               | 206/418 [00:11<00:11, 18.82it/s]
 50%|###############4               | 208/418 [00:11<00:11, 18.90it/s]
 50%|###############5               | 210/418 [00:11<00:11, 18.90it/s]
 51%|###############7               | 212/418 [00:11<00:10, 18.83it/s]
 51%|###############8               | 214/418 [00:11<00:10, 18.75it/s]
 52%|################               | 216/418 [00:11<00:10, 18.74it/s]
 52%|################1              | 218/418 [00:11<00:10, 18.73it/s]
 53%|################3              | 220/418 [00:11<00:10, 18.80it/s]
 53%|################4              | 222/418 [00:12<00:10, 18.94it/s]
 54%|################6              | 224/418 [00:12<00:10, 18.99it/s]
 54%|################7              | 226/418 [00:12<00:10, 18.95it/s]
 55%|################9              | 228/418 [00:12<00:10, 18.95it/s]
 55%|#################              | 230/418 [00:12<00:09, 18.85it/s]
 56%|#################2             | 232/418 [00:12<00:09, 18.85it/s]
 56%|#################3             | 234/418 [00:12<00:09, 18.86it/s]
 56%|#################5             | 236/418 [00:12<00:09, 18.89it/s]
 57%|#################6             | 238/418 [00:12<00:09, 18.92it/s]
 57%|#################7             | 240/418 [00:13<00:09, 18.89it/s]
 58%|#################9             | 242/418 [00:13<00:09, 19.05it/s]
 58%|##################             | 244/418 [00:13<00:09, 19.03it/s]
 59%|##################2            | 246/418 [00:13<00:09, 18.98it/s]
 59%|##################3            | 248/418 [00:13<00:08, 18.91it/s]
 60%|##################5            | 250/418 [00:13<00:08, 18.99it/s]
 60%|##################6            | 252/418 [00:13<00:08, 19.05it/s]
 61%|##################8            | 254/418 [00:13<00:08, 19.09it/s]
 61%|##################9            | 256/418 [00:13<00:08, 19.02it/s]
 62%|###################1           | 258/418 [00:13<00:08, 18.99it/s]
 62%|###################2           | 260/418 [00:14<00:08, 19.03it/s]
 63%|###################4           | 262/418 [00:14<00:08, 18.92it/s]
 63%|###################5           | 264/418 [00:14<00:08, 18.86it/s]
 64%|###################7           | 266/418 [00:14<00:08, 18.74it/s]
 64%|###################8           | 268/418 [00:14<00:07, 18.76it/s]
 65%|####################           | 270/418 [00:14<00:07, 18.80it/s]
 65%|####################1          | 272/418 [00:14<00:07, 18.83it/s]
 66%|####################3          | 274/418 [00:14<00:07, 18.88it/s]
 66%|####################4          | 276/418 [00:14<00:07, 18.91it/s]
 67%|####################6          | 278/418 [00:15<00:07, 18.92it/s]
 67%|####################7          | 280/418 [00:15<00:07, 18.94it/s]
 67%|####################9          | 282/418 [00:15<00:07, 18.74it/s]
 68%|#####################          | 284/418 [00:15<00:07, 18.80it/s]
 68%|#####################2         | 286/418 [00:15<00:07, 18.78it/s]
 69%|#####################3         | 288/418 [00:15<00:06, 18.81it/s]
 69%|#####################5         | 290/418 [00:15<00:06, 18.81it/s]
 70%|#####################6         | 292/418 [00:15<00:06, 18.88it/s]
 70%|#####################8         | 294/418 [00:15<00:06, 18.89it/s]
 71%|#####################9         | 296/418 [00:15<00:06, 18.86it/s]
 71%|######################1        | 298/418 [00:16<00:06, 18.88it/s]
 72%|######################2        | 300/418 [00:16<00:06, 18.85it/s]
 72%|######################3        | 302/418 [00:16<00:06, 18.80it/s]
 73%|######################5        | 304/418 [00:16<00:06, 18.82it/s]
 73%|######################6        | 306/418 [00:16<00:05, 18.95it/s]
 74%|######################8        | 308/418 [00:16<00:05, 18.96it/s]
 74%|######################9        | 310/418 [00:16<00:05, 18.87it/s]
 75%|#######################1       | 312/418 [00:16<00:05, 18.86it/s]
 75%|#######################2       | 314/418 [00:16<00:05, 18.80it/s]
 76%|#######################4       | 316/418 [00:17<00:05, 18.82it/s]
 76%|#######################5       | 318/418 [00:17<00:05, 18.90it/s]
 77%|#######################7       | 320/418 [00:17<00:05, 18.83it/s]
 77%|#######################8       | 322/418 [00:17<00:05, 18.92it/s]
 78%|########################       | 324/418 [00:17<00:04, 18.89it/s]
 78%|########################1      | 326/418 [00:17<00:04, 18.86it/s]
 78%|########################3      | 328/418 [00:17<00:04, 18.86it/s]
 79%|########################4      | 330/418 [00:17<00:04, 18.93it/s]
 79%|########################6      | 332/418 [00:17<00:04, 18.86it/s]
 80%|########################7      | 334/418 [00:18<00:04, 18.93it/s]
 80%|########################9      | 336/418 [00:18<00:04, 18.98it/s]
 81%|#########################      | 338/418 [00:18<00:04, 18.95it/s]
 81%|#########################2     | 340/418 [00:18<00:04, 18.99it/s]
 82%|#########################3     | 342/418 [00:18<00:04, 18.98it/s]
 82%|#########################5     | 344/418 [00:18<00:03, 18.97it/s]
 83%|#########################6     | 346/418 [00:18<00:03, 18.99it/s]
 83%|#########################8     | 348/418 [00:18<00:03, 18.94it/s]
 84%|#########################9     | 350/418 [00:18<00:03, 18.92it/s]
 84%|##########################1    | 352/418 [00:18<00:03, 18.82it/s]
 85%|##########################2    | 354/418 [00:19<00:03, 18.87it/s]
 85%|##########################4    | 356/418 [00:19<00:03, 18.89it/s]
 86%|##########################5    | 358/418 [00:19<00:03, 18.87it/s]
 86%|##########################6    | 360/418 [00:19<00:03, 18.92it/s]
 87%|##########################8    | 362/418 [00:19<00:02, 18.94it/s]
 87%|##########################9    | 364/418 [00:19<00:02, 18.99it/s]
 88%|###########################1   | 366/418 [00:19<00:02, 18.96it/s]
 88%|###########################2   | 368/418 [00:19<00:02, 18.93it/s]
 89%|###########################4   | 370/418 [00:19<00:02, 18.96it/s]
 89%|###########################5   | 372/418 [00:20<00:02, 19.14it/s]
 89%|###########################7   | 374/418 [00:20<00:02, 19.02it/s]
 90%|###########################8   | 376/418 [00:20<00:02, 18.99it/s]
 90%|############################   | 378/418 [00:20<00:02, 18.99it/s]
 91%|############################1  | 380/418 [00:20<00:02, 18.92it/s]
 91%|############################3  | 382/418 [00:20<00:01, 18.95it/s]
 92%|############################4  | 384/418 [00:20<00:01, 18.90it/s]
 92%|############################6  | 386/418 [00:20<00:01, 18.89it/s]
 93%|############################7  | 388/418 [00:20<00:01, 18.85it/s]
 93%|############################9  | 390/418 [00:20<00:01, 18.80it/s]
 94%|#############################  | 392/418 [00:21<00:01, 18.84it/s]
 94%|#############################2 | 394/418 [00:21<00:01, 18.87it/s]
 95%|#############################3 | 396/418 [00:21<00:01, 18.83it/s]
 95%|#############################5 | 398/418 [00:21<00:01, 18.86it/s]
 96%|#############################6 | 400/418 [00:21<00:00, 18.87it/s]
 96%|#############################8 | 402/418 [00:21<00:00, 18.83it/s]
 97%|#############################9 | 404/418 [00:21<00:00, 18.82it/s]
 97%|##############################1| 406/418 [00:21<00:00, 18.82it/s]
 98%|##############################2| 408/418 [00:21<00:00, 18.83it/s]
 98%|##############################4| 410/418 [00:22<00:00, 18.86it/s]
 99%|##############################5| 412/418 [00:22<00:00, 18.89it/s]
 99%|##############################7| 414/418 [00:22<00:00, 18.86it/s]
100%|##############################8| 416/418 [00:22<00:00, 18.93it/s]
100%|###############################| 418/418 [00:22<00:00, 18.93it/s]
100%|###############################| 418/418 [00:22<00:00, 18.62it/s]
[SEAL Epoch 17] loss=0.5173

[SEAL Epoch 18/20] Run 1/1 - training...

  0%|                                         | 0/418 [00:00<?, ?it/s]
  0%|1                                | 2/418 [00:00<00:25, 16.17it/s]
  1%|3                                | 4/418 [00:00<00:25, 16.17it/s]
  1%|4                                | 6/418 [00:00<00:23, 17.61it/s]
  2%|6                                | 8/418 [00:00<00:22, 18.01it/s]
  2%|7                               | 10/418 [00:00<00:21, 18.60it/s]
  3%|9                               | 12/418 [00:00<00:21, 18.70it/s]
  3%|#                               | 14/418 [00:00<00:21, 18.84it/s]
  4%|#2                              | 16/418 [00:00<00:21, 18.88it/s]
  4%|#3                              | 18/418 [00:00<00:21, 18.89it/s]
  5%|#5                              | 20/418 [00:01<00:21, 18.82it/s]
  5%|#6                              | 22/418 [00:01<00:21, 18.83it/s]
  6%|#8                              | 24/418 [00:01<00:20, 18.98it/s]
  6%|#9                              | 26/418 [00:01<00:20, 18.88it/s]
  7%|##1                             | 28/418 [00:01<00:20, 18.91it/s]
  7%|##2                             | 30/418 [00:01<00:20, 18.83it/s]
  8%|##4                             | 32/418 [00:01<00:20, 18.88it/s]
  8%|##6                             | 34/418 [00:01<00:20, 18.90it/s]
  9%|##7                             | 36/418 [00:01<00:20, 18.88it/s]
  9%|##9                             | 38/418 [00:02<00:20, 18.84it/s]
 10%|###                             | 40/418 [00:02<00:20, 18.83it/s]
 10%|###2                            | 42/418 [00:02<00:19, 18.80it/s]
 11%|###3                            | 44/418 [00:02<00:20, 18.57it/s]
 11%|###5                            | 46/418 [00:02<00:19, 18.65it/s]
 11%|###6                            | 48/418 [00:02<00:19, 18.66it/s]
 12%|###8                            | 50/418 [00:02<00:19, 18.67it/s]
 12%|###9                            | 52/418 [00:02<00:19, 18.72it/s]
 13%|####1                           | 54/418 [00:02<00:19, 18.77it/s]
 13%|####2                           | 56/418 [00:03<00:19, 18.81it/s]
 14%|####4                           | 58/418 [00:03<00:19, 18.73it/s]
 14%|####5                           | 60/418 [00:03<00:19, 18.77it/s]
 15%|####7                           | 62/418 [00:03<00:18, 18.81it/s]
 15%|####8                           | 64/418 [00:03<00:18, 18.97it/s]
 16%|#####                           | 66/418 [00:03<00:18, 18.91it/s]
 16%|#####2                          | 68/418 [00:03<00:18, 18.77it/s]
 17%|#####3                          | 70/418 [00:03<00:18, 18.69it/s]
 17%|#####5                          | 72/418 [00:03<00:18, 18.67it/s]
 18%|#####6                          | 74/418 [00:03<00:18, 18.69it/s]
 18%|#####8                          | 76/418 [00:04<00:18, 18.76it/s]
 19%|#####9                          | 78/418 [00:04<00:18, 18.76it/s]
 19%|######1                         | 80/418 [00:04<00:18, 18.62it/s]
 20%|######2                         | 82/418 [00:04<00:17, 18.79it/s]
 20%|######4                         | 84/418 [00:04<00:17, 18.73it/s]
 21%|######5                         | 86/418 [00:04<00:19, 17.15it/s]
 21%|######7                         | 88/418 [00:04<00:18, 17.50it/s]
 22%|######8                         | 90/418 [00:04<00:18, 17.82it/s]
 22%|#######                         | 92/418 [00:04<00:18, 18.04it/s]
 22%|#######1                        | 94/418 [00:05<00:17, 18.19it/s]
 23%|#######3                        | 96/418 [00:05<00:17, 18.33it/s]
 23%|#######5                        | 98/418 [00:05<00:17, 18.24it/s]
 24%|#######4                       | 100/418 [00:05<00:17, 18.09it/s]
 24%|#######5                       | 102/418 [00:05<00:17, 18.25it/s]
 25%|#######7                       | 104/418 [00:05<00:17, 18.41it/s]
 25%|#######8                       | 106/418 [00:05<00:16, 18.56it/s]
 26%|########                       | 108/418 [00:05<00:16, 18.58it/s]
 26%|########1                      | 110/418 [00:05<00:16, 18.62it/s]
 27%|########3                      | 112/418 [00:06<00:16, 18.56it/s]
 27%|########4                      | 114/418 [00:06<00:16, 18.65it/s]
 28%|########6                      | 116/418 [00:06<00:16, 18.73it/s]
 28%|########7                      | 118/418 [00:06<00:16, 18.74it/s]
 29%|########8                      | 120/418 [00:06<00:15, 19.02it/s]
 29%|#########                      | 122/418 [00:06<00:15, 18.90it/s]
 30%|#########1                     | 124/418 [00:06<00:15, 18.93it/s]
 30%|#########3                     | 126/418 [00:06<00:15, 18.90it/s]
 31%|#########4                     | 128/418 [00:06<00:15, 18.92it/s]
 31%|#########6                     | 130/418 [00:06<00:15, 18.84it/s]
 32%|#########7                     | 132/418 [00:07<00:15, 18.83it/s]
 32%|#########9                     | 134/418 [00:07<00:14, 18.94it/s]
 33%|##########                     | 136/418 [00:07<00:14, 18.98it/s]
 33%|##########2                    | 138/418 [00:07<00:14, 18.95it/s]
 33%|##########3                    | 140/418 [00:07<00:14, 19.08it/s]
 34%|##########5                    | 142/418 [00:07<00:14, 18.99it/s]
 34%|##########6                    | 144/418 [00:07<00:14, 18.96it/s]
 35%|##########8                    | 146/418 [00:07<00:14, 18.96it/s]
 35%|##########9                    | 148/418 [00:07<00:14, 18.86it/s]
 36%|###########1                   | 150/418 [00:08<00:14, 18.78it/s]
 36%|###########2                   | 152/418 [00:08<00:14, 18.76it/s]
 37%|###########4                   | 154/418 [00:08<00:13, 18.89it/s]
 37%|###########5                   | 156/418 [00:08<00:13, 18.93it/s]
 38%|###########7                   | 158/418 [00:08<00:13, 18.92it/s]
 38%|###########8                   | 160/418 [00:08<00:13, 19.12it/s]
 39%|############                   | 162/418 [00:08<00:13, 19.19it/s]
 39%|############1                  | 164/418 [00:08<00:13, 19.09it/s]
 40%|############3                  | 166/418 [00:08<00:13, 18.99it/s]
 40%|############4                  | 168/418 [00:08<00:13, 18.98it/s]
 41%|############6                  | 170/418 [00:09<00:13, 18.95it/s]
 41%|############7                  | 172/418 [00:09<00:12, 18.94it/s]
 42%|############9                  | 174/418 [00:09<00:12, 18.81it/s]
 42%|#############                  | 176/418 [00:09<00:12, 18.86it/s]
 43%|#############2                 | 178/418 [00:09<00:12, 18.86it/s]
 43%|#############3                 | 180/418 [00:09<00:12, 18.96it/s]
 44%|#############4                 | 182/418 [00:09<00:12, 18.93it/s]
 44%|#############6                 | 184/418 [00:09<00:12, 19.07it/s]
 44%|#############7                 | 186/418 [00:09<00:12, 19.11it/s]
 45%|#############9                 | 188/418 [00:10<00:12, 19.02it/s]
 45%|##############                 | 190/418 [00:10<00:12, 19.00it/s]
 46%|##############2                | 192/418 [00:10<00:11, 19.01it/s]
 46%|##############3                | 194/418 [00:10<00:11, 18.97it/s]
 47%|##############5                | 196/418 [00:10<00:11, 18.91it/s]
 47%|##############6                | 198/418 [00:10<00:11, 18.90it/s]
 48%|##############8                | 200/418 [00:10<00:11, 18.85it/s]
 48%|##############9                | 202/418 [00:10<00:11, 18.84it/s]
 49%|###############1               | 204/418 [00:10<00:11, 18.85it/s]
 49%|###############2               | 206/418 [00:11<00:11, 18.87it/s]
 50%|###############4               | 208/418 [00:11<00:11, 18.84it/s]
 50%|###############5               | 210/418 [00:11<00:11, 18.86it/s]
 51%|###############7               | 212/418 [00:11<00:10, 18.81it/s]
 51%|###############8               | 214/418 [00:11<00:10, 18.84it/s]
 52%|################               | 216/418 [00:11<00:10, 18.91it/s]
 52%|################1              | 218/418 [00:11<00:10, 18.87it/s]
 53%|################3              | 220/418 [00:11<00:10, 19.00it/s]
 53%|################4              | 222/418 [00:11<00:10, 19.03it/s]
 54%|################6              | 224/418 [00:11<00:10, 19.00it/s]
 54%|################7              | 226/418 [00:12<00:10, 18.90it/s]
 55%|################9              | 228/418 [00:12<00:10, 18.89it/s]
 55%|#################              | 230/418 [00:12<00:09, 18.91it/s]
 56%|#################2             | 232/418 [00:12<00:09, 18.84it/s]
 56%|#################3             | 234/418 [00:12<00:09, 18.70it/s]
 56%|#################5             | 236/418 [00:12<00:09, 18.68it/s]
 57%|#################6             | 238/418 [00:12<00:09, 18.68it/s]
 57%|#################7             | 240/418 [00:12<00:09, 18.76it/s]
 58%|#################9             | 242/418 [00:12<00:09, 18.77it/s]
 58%|##################             | 244/418 [00:13<00:09, 18.72it/s]
 59%|##################2            | 246/418 [00:13<00:09, 18.71it/s]
 59%|##################3            | 248/418 [00:13<00:09, 18.64it/s]
 60%|##################5            | 250/418 [00:13<00:08, 18.69it/s]
 60%|##################6            | 252/418 [00:13<00:08, 18.72it/s]
 61%|##################8            | 254/418 [00:13<00:08, 18.72it/s]
 61%|##################9            | 256/418 [00:13<00:08, 18.73it/s]
 62%|###################1           | 258/418 [00:13<00:08, 18.52it/s]
 62%|###################2           | 260/418 [00:13<00:08, 18.59it/s]
 63%|###################4           | 262/418 [00:13<00:08, 18.60it/s]
 63%|###################5           | 264/418 [00:14<00:08, 18.68it/s]
 64%|###################7           | 266/418 [00:14<00:08, 18.69it/s]
 64%|###################8           | 268/418 [00:14<00:07, 18.76it/s]
 65%|####################           | 270/418 [00:14<00:07, 18.76it/s]
 65%|####################1          | 272/418 [00:15<00:26,  5.57it/s]
 66%|####################3          | 274/418 [00:15<00:20,  7.03it/s]
 66%|####################4          | 276/418 [00:15<00:16,  8.66it/s]
 67%|####################6          | 278/418 [00:15<00:13, 10.30it/s]
 67%|####################7          | 280/418 [00:15<00:11, 11.90it/s]
 67%|####################9          | 282/418 [00:15<00:10, 13.46it/s]
 68%|#####################          | 284/418 [00:16<00:09, 14.65it/s]
 68%|#####################2         | 286/418 [00:16<00:08, 15.66it/s]
 69%|#####################3         | 288/418 [00:16<00:07, 16.41it/s]
 69%|#####################5         | 290/418 [00:16<00:07, 17.02it/s]
 70%|#####################6         | 292/418 [00:16<00:07, 17.51it/s]
 70%|#####################8         | 294/418 [00:16<00:06, 17.89it/s]
 71%|#####################9         | 296/418 [00:16<00:06, 18.14it/s]
 71%|######################1        | 298/418 [00:16<00:06, 18.38it/s]
 72%|######################2        | 300/418 [00:16<00:06, 18.50it/s]
 72%|######################3        | 302/418 [00:16<00:06, 18.36it/s]
 73%|######################5        | 304/418 [00:17<00:06, 18.58it/s]
 73%|######################6        | 306/418 [00:17<00:06, 17.70it/s]
 74%|######################8        | 308/418 [00:17<00:06, 17.85it/s]
 74%|######################9        | 310/418 [00:17<00:05, 18.02it/s]
 75%|#######################1       | 312/418 [00:17<00:05, 18.23it/s]
 75%|#######################2       | 314/418 [00:17<00:05, 18.36it/s]
 76%|#######################4       | 316/418 [00:17<00:05, 18.43it/s]
 76%|#######################5       | 318/418 [00:17<00:05, 18.55it/s]
 77%|#######################7       | 320/418 [00:17<00:05, 18.64it/s]
 77%|#######################8       | 322/418 [00:18<00:05, 18.82it/s]
 78%|########################       | 324/418 [00:18<00:04, 18.88it/s]
 78%|########################1      | 326/418 [00:18<00:04, 18.86it/s]
 78%|########################3      | 328/418 [00:18<00:04, 18.75it/s]
 79%|########################4      | 330/418 [00:18<00:04, 18.75it/s]
 79%|########################6      | 332/418 [00:18<00:04, 18.68it/s]
 80%|########################7      | 334/418 [00:18<00:04, 18.65it/s]
 80%|########################9      | 336/418 [00:18<00:04, 18.70it/s]
 81%|#########################      | 338/418 [00:18<00:04, 18.75it/s]
 81%|#########################2     | 340/418 [00:19<00:04, 18.95it/s]
 82%|#########################3     | 342/418 [00:19<00:04, 18.96it/s]
 82%|#########################5     | 344/418 [00:19<00:03, 18.83it/s]
 83%|#########################6     | 346/418 [00:19<00:03, 18.89it/s]
 83%|#########################8     | 348/418 [00:19<00:03, 18.87it/s]
 84%|#########################9     | 350/418 [00:19<00:03, 18.81it/s]
 84%|##########################1    | 352/418 [00:19<00:03, 18.75it/s]
 85%|##########################2    | 354/418 [00:19<00:03, 18.79it/s]
 85%|##########################4    | 356/418 [00:19<00:03, 18.82it/s]
 86%|##########################5    | 358/418 [00:19<00:03, 18.68it/s]
 86%|##########################6    | 360/418 [00:20<00:03, 18.84it/s]
 87%|##########################8    | 362/418 [00:20<00:02, 18.85it/s]
 87%|##########################9    | 364/418 [00:20<00:02, 18.74it/s]
 88%|###########################1   | 366/418 [00:20<00:02, 18.74it/s]
 88%|###########################2   | 368/418 [00:20<00:02, 18.81it/s]
 89%|###########################4   | 370/418 [00:20<00:02, 18.77it/s]
 89%|###########################5   | 372/418 [00:20<00:02, 18.71it/s]
 89%|###########################7   | 374/418 [00:20<00:02, 18.74it/s]
 90%|###########################8   | 376/418 [00:20<00:02, 18.75it/s]
 90%|############################   | 378/418 [00:21<00:02, 18.64it/s]
 91%|############################1  | 380/418 [00:21<00:02, 18.74it/s]
 91%|############################3  | 382/418 [00:21<00:01, 18.83it/s]
 92%|############################4  | 384/418 [00:21<00:01, 18.90it/s]
 92%|############################6  | 386/418 [00:21<00:01, 18.96it/s]
 93%|############################7  | 388/418 [00:21<00:01, 18.94it/s]
 93%|############################9  | 390/418 [00:21<00:01, 18.96it/s]
 94%|#############################  | 392/418 [00:21<00:01, 18.97it/s]
 94%|#############################2 | 394/418 [00:21<00:01, 18.82it/s]
 95%|#############################3 | 396/418 [00:21<00:01, 18.76it/s]
 95%|#############################5 | 398/418 [00:22<00:01, 18.82it/s]
 96%|#############################6 | 400/418 [00:22<00:00, 18.82it/s]
 96%|#############################8 | 402/418 [00:22<00:00, 18.73it/s]
 97%|#############################9 | 404/418 [00:22<00:00, 18.68it/s]
 97%|##############################1| 406/418 [00:22<00:00, 18.68it/s]
 98%|##############################2| 408/418 [00:22<00:00, 18.74it/s]
 98%|##############################4| 410/418 [00:22<00:00, 18.77it/s]
 99%|##############################5| 412/418 [00:22<00:00, 18.84it/s]
 99%|##############################7| 414/418 [00:22<00:00, 18.86it/s]
100%|##############################8| 416/418 [00:23<00:00, 18.86it/s]
100%|###############################| 418/418 [00:23<00:00, 18.95it/s]
100%|###############################| 418/418 [00:23<00:00, 18.05it/s]
[SEAL Epoch 18] loss=0.5173

[SEAL Epoch 19/20] Run 1/1 - training...

  0%|                                         | 0/418 [00:00<?, ?it/s]
  0%|1                                | 2/418 [00:00<00:25, 16.12it/s]
  1%|3                                | 4/418 [00:00<00:25, 16.04it/s]
  1%|4                                | 6/418 [00:00<00:23, 17.19it/s]
  2%|6                                | 8/418 [00:00<00:23, 17.80it/s]
  2%|7                               | 10/418 [00:00<00:22, 18.05it/s]
  3%|9                               | 12/418 [00:00<00:23, 17.57it/s]
  3%|#                               | 14/418 [00:00<00:22, 17.94it/s]
  4%|#2                              | 16/418 [00:00<00:22, 18.10it/s]
  4%|#3                              | 18/418 [00:01<00:21, 18.23it/s]
  5%|#5                              | 20/418 [00:01<00:21, 18.41it/s]
  5%|#6                              | 22/418 [00:01<00:21, 18.49it/s]
  6%|#8                              | 24/418 [00:01<00:21, 18.60it/s]
  6%|#9                              | 26/418 [00:01<00:21, 18.64it/s]
  7%|##1                             | 28/418 [00:01<00:21, 17.90it/s]
  7%|##2                             | 30/418 [00:01<00:22, 17.15it/s]
  8%|##4                             | 32/418 [00:01<00:21, 17.62it/s]
  8%|##6                             | 34/418 [00:01<00:21, 17.88it/s]
  9%|##7                             | 36/418 [00:02<00:20, 18.26it/s]
  9%|##9                             | 38/418 [00:02<00:20, 18.30it/s]
 10%|###                             | 40/418 [00:02<00:20, 18.48it/s]
 10%|###2                            | 42/418 [00:02<00:20, 18.66it/s]
 11%|###3                            | 44/418 [00:02<00:20, 18.70it/s]
 11%|###5                            | 46/418 [00:02<00:19, 18.82it/s]
 11%|###6                            | 48/418 [00:02<00:19, 18.98it/s]
 12%|###8                            | 50/418 [00:02<00:19, 18.94it/s]
 12%|###9                            | 52/418 [00:02<00:19, 18.93it/s]
 13%|####1                           | 54/418 [00:02<00:19, 18.87it/s]
 13%|####2                           | 56/418 [00:03<00:19, 18.84it/s]
 14%|####4                           | 58/418 [00:03<00:19, 18.90it/s]
 14%|####5                           | 60/418 [00:03<00:18, 18.94it/s]
 15%|####7                           | 62/418 [00:03<00:18, 18.99it/s]
 15%|####8                           | 64/418 [00:03<00:18, 19.05it/s]
 16%|#####                           | 66/418 [00:03<00:18, 18.98it/s]
 16%|#####2                          | 68/418 [00:03<00:18, 18.86it/s]
 17%|#####3                          | 70/418 [00:03<00:18, 18.82it/s]
 17%|#####5                          | 72/418 [00:03<00:18, 18.93it/s]
 18%|#####6                          | 74/418 [00:04<00:18, 18.88it/s]
 18%|#####8                          | 76/418 [00:04<00:18, 18.92it/s]
 19%|#####9                          | 78/418 [00:04<00:17, 18.94it/s]
 19%|######1                         | 80/418 [00:04<00:17, 18.97it/s]
 20%|######2                         | 82/418 [00:04<00:17, 18.83it/s]
 20%|######4                         | 84/418 [00:04<00:17, 18.81it/s]
 21%|######5                         | 86/418 [00:04<00:17, 18.78it/s]
 21%|######7                         | 88/418 [00:04<00:17, 18.74it/s]
 22%|######8                         | 90/418 [00:04<00:17, 18.73it/s]
 22%|#######                         | 92/418 [00:04<00:17, 18.76it/s]
 22%|#######1                        | 94/418 [00:05<00:17, 18.76it/s]
 23%|#######3                        | 96/418 [00:05<00:17, 18.63it/s]
 23%|#######5                        | 98/418 [00:05<00:17, 18.71it/s]
 24%|#######4                       | 100/418 [00:05<00:17, 18.62it/s]
 24%|#######5                       | 102/418 [00:05<00:17, 17.75it/s]
 25%|#######7                       | 104/418 [00:05<00:17, 18.01it/s]
 25%|#######8                       | 106/418 [00:05<00:17, 18.24it/s]
 26%|########                       | 108/418 [00:05<00:16, 18.42it/s]
 26%|########1                      | 110/418 [00:05<00:16, 18.37it/s]
 27%|########3                      | 112/418 [00:06<00:16, 18.46it/s]
 27%|########4                      | 114/418 [00:06<00:17, 17.65it/s]
 28%|########6                      | 116/418 [00:06<00:16, 17.96it/s]
 28%|########7                      | 118/418 [00:06<00:17, 17.26it/s]
 29%|########8                      | 120/418 [00:06<00:16, 17.65it/s]
 29%|#########                      | 122/418 [00:06<00:16, 17.91it/s]
 30%|#########1                     | 124/418 [00:06<00:16, 18.09it/s]
 30%|#########3                     | 126/418 [00:06<00:16, 17.35it/s]
 31%|#########4                     | 128/418 [00:06<00:16, 17.73it/s]
 31%|#########6                     | 130/418 [00:07<00:15, 18.02it/s]
 32%|#########7                     | 132/418 [00:07<00:15, 18.25it/s]
 32%|#########9                     | 134/418 [00:07<00:15, 18.47it/s]
 33%|##########                     | 136/418 [00:07<00:15, 18.40it/s]
 33%|##########2                    | 138/418 [00:07<00:15, 18.48it/s]
 33%|##########3                    | 140/418 [00:07<00:14, 18.54it/s]
 34%|##########5                    | 142/418 [00:07<00:14, 18.62it/s]
 34%|##########6                    | 144/418 [00:07<00:14, 18.54it/s]
 35%|##########8                    | 146/418 [00:07<00:14, 18.55it/s]
 35%|##########9                    | 148/418 [00:08<00:14, 18.63it/s]
 36%|###########1                   | 150/418 [00:08<00:14, 18.66it/s]
 36%|###########2                   | 152/418 [00:08<00:14, 18.66it/s]
 37%|###########4                   | 154/418 [00:08<00:14, 18.63it/s]
 37%|###########5                   | 156/418 [00:08<00:14, 17.68it/s]
 38%|###########7                   | 158/418 [00:08<00:14, 18.06it/s]
 38%|###########8                   | 160/418 [00:08<00:14, 18.23it/s]
 39%|############                   | 162/418 [00:08<00:13, 18.38it/s]
 39%|############1                  | 164/418 [00:08<00:13, 18.54it/s]
 40%|############3                  | 166/418 [00:09<00:13, 18.57it/s]
 40%|############4                  | 168/418 [00:09<00:13, 18.67it/s]
 41%|############6                  | 170/418 [00:09<00:13, 18.66it/s]
 41%|############7                  | 172/418 [00:09<00:13, 18.78it/s]
 42%|############9                  | 174/418 [00:09<00:12, 18.97it/s]
 42%|#############                  | 176/418 [00:09<00:12, 18.92it/s]
 43%|#############2                 | 178/418 [00:09<00:12, 18.91it/s]
 43%|#############3                 | 180/418 [00:09<00:12, 18.91it/s]
 44%|#############4                 | 182/418 [00:09<00:12, 18.92it/s]
 44%|#############6                 | 184/418 [00:09<00:12, 18.93it/s]
 44%|#############7                 | 186/418 [00:10<00:12, 18.89it/s]
 45%|#############9                 | 188/418 [00:10<00:12, 18.77it/s]
 45%|##############                 | 190/418 [00:10<00:12, 18.77it/s]
 46%|##############2                | 192/418 [00:10<00:11, 18.96it/s]
 46%|##############3                | 194/418 [00:10<00:11, 19.05it/s]
 47%|##############5                | 196/418 [00:10<00:11, 19.01it/s]
 47%|##############6                | 198/418 [00:10<00:11, 18.92it/s]
 48%|##############8                | 200/418 [00:10<00:11, 18.87it/s]
 48%|##############9                | 202/418 [00:10<00:11, 18.90it/s]
 49%|###############1               | 204/418 [00:11<00:11, 18.84it/s]
 49%|###############2               | 206/418 [00:11<00:11, 18.82it/s]
 50%|###############4               | 208/418 [00:11<00:11, 18.81it/s]
 50%|###############5               | 210/418 [00:11<00:11, 18.82it/s]
 51%|###############7               | 212/418 [00:11<00:10, 18.94it/s]
 51%|###############8               | 214/418 [00:11<00:10, 18.86it/s]
 52%|################               | 216/418 [00:11<00:10, 18.85it/s]
 52%|################1              | 218/418 [00:11<00:10, 18.78it/s]
 53%|################3              | 220/418 [00:11<00:10, 18.82it/s]
 53%|################4              | 222/418 [00:11<00:10, 18.84it/s]
 54%|################6              | 224/418 [00:12<00:10, 18.73it/s]
 54%|################7              | 226/418 [00:12<00:10, 18.66it/s]
 55%|################9              | 228/418 [00:12<00:10, 18.65it/s]
 55%|#################              | 230/418 [00:12<00:10, 18.69it/s]
 56%|#################2             | 232/418 [00:12<00:09, 18.67it/s]
 56%|#################3             | 234/418 [00:12<00:09, 18.81it/s]
 56%|#################5             | 236/418 [00:12<00:09, 18.78it/s]
 57%|#################6             | 238/418 [00:12<00:09, 18.79it/s]
 57%|#################7             | 240/418 [00:12<00:09, 18.79it/s]
 58%|#################9             | 242/418 [00:13<00:09, 17.96it/s]
 58%|##################             | 244/418 [00:13<00:09, 18.23it/s]
 59%|##################2            | 246/418 [00:13<00:09, 18.36it/s]
 59%|##################3            | 248/418 [00:13<00:09, 17.53it/s]
 60%|##################5            | 250/418 [00:13<00:09, 17.83it/s]
 60%|##################6            | 252/418 [00:13<00:09, 18.18it/s]
 61%|##################8            | 254/418 [00:13<00:08, 18.45it/s]
 61%|##################9            | 256/418 [00:13<00:08, 18.52it/s]
 62%|###################1           | 258/418 [00:13<00:08, 18.58it/s]
 62%|###################2           | 260/418 [00:14<00:08, 18.68it/s]
 63%|###################4           | 262/418 [00:14<00:08, 18.69it/s]
 63%|###################5           | 264/418 [00:14<00:08, 18.76it/s]
 64%|###################7           | 266/418 [00:14<00:08, 18.83it/s]
 64%|###################8           | 268/418 [00:14<00:08, 18.74it/s]
 65%|####################           | 270/418 [00:14<00:07, 18.69it/s]
 65%|####################1          | 272/418 [00:14<00:07, 18.78it/s]
 66%|####################3          | 274/418 [00:14<00:07, 18.78it/s]
 66%|####################4          | 276/418 [00:14<00:07, 18.75it/s]
 67%|####################6          | 278/418 [00:15<00:07, 18.75it/s]
 67%|####################7          | 280/418 [00:15<00:07, 18.68it/s]
 67%|####################9          | 282/418 [00:15<00:07, 18.70it/s]
 68%|#####################          | 284/418 [00:15<00:07, 18.74it/s]
 68%|#####################2         | 286/418 [00:15<00:07, 18.70it/s]
 69%|#####################3         | 288/418 [00:15<00:06, 18.67it/s]
 69%|#####################5         | 290/418 [00:15<00:06, 18.52it/s]
 70%|#####################6         | 292/418 [00:15<00:06, 18.74it/s]
 70%|#####################8         | 294/418 [00:15<00:06, 18.82it/s]
 71%|#####################9         | 296/418 [00:15<00:06, 18.84it/s]
 71%|######################1        | 298/418 [00:16<00:06, 18.79it/s]
 72%|######################2        | 300/418 [00:16<00:06, 18.88it/s]
 72%|######################3        | 302/418 [00:16<00:06, 18.83it/s]
 73%|######################5        | 304/418 [00:16<00:06, 18.80it/s]
 73%|######################6        | 306/418 [00:16<00:05, 18.83it/s]
 74%|######################8        | 308/418 [00:16<00:05, 18.73it/s]
 74%|######################9        | 310/418 [00:16<00:05, 18.71it/s]
 75%|#######################1       | 312/418 [00:16<00:05, 18.78it/s]
 75%|#######################2       | 314/418 [00:16<00:05, 18.75it/s]
 76%|#######################4       | 316/418 [00:17<00:05, 18.71it/s]
 76%|#######################5       | 318/418 [00:17<00:05, 18.66it/s]
 77%|#######################7       | 320/418 [00:17<00:05, 18.62it/s]
 77%|#######################8       | 322/418 [00:17<00:05, 18.67it/s]
 78%|########################       | 324/418 [00:17<00:05, 18.72it/s]
 78%|########################1      | 326/418 [00:17<00:04, 18.78it/s]
 78%|########################3      | 328/418 [00:17<00:04, 18.76it/s]
 79%|########################4      | 330/418 [00:17<00:04, 18.64it/s]
 79%|########################6      | 332/418 [00:17<00:04, 18.67it/s]
 80%|########################7      | 334/418 [00:18<00:04, 18.62it/s]
 80%|########################9      | 336/418 [00:18<00:04, 18.56it/s]
 81%|#########################      | 338/418 [00:18<00:04, 18.55it/s]
 81%|#########################2     | 340/418 [00:18<00:04, 18.71it/s]
 82%|#########################3     | 342/418 [00:18<00:04, 18.71it/s]
 82%|#########################5     | 344/418 [00:18<00:03, 18.67it/s]
 83%|#########################6     | 346/418 [00:18<00:03, 18.66it/s]
 83%|#########################8     | 348/418 [00:18<00:03, 18.63it/s]
 84%|#########################9     | 350/418 [00:18<00:03, 18.59it/s]
 84%|##########################1    | 352/418 [00:18<00:03, 18.65it/s]
 85%|##########################2    | 354/418 [00:19<00:03, 18.51it/s]
 85%|##########################4    | 356/418 [00:19<00:03, 18.47it/s]
 86%|##########################5    | 358/418 [00:19<00:03, 18.45it/s]
 86%|##########################6    | 360/418 [00:19<00:03, 18.29it/s]
 87%|##########################8    | 362/418 [00:19<00:03, 18.36it/s]
 87%|##########################9    | 364/418 [00:19<00:02, 18.44it/s]
 88%|###########################1   | 366/418 [00:19<00:02, 18.47it/s]
 88%|###########################2   | 368/418 [00:19<00:02, 18.57it/s]
 89%|###########################4   | 370/418 [00:19<00:02, 18.70it/s]
 89%|###########################5   | 372/418 [00:20<00:02, 18.61it/s]
 89%|###########################7   | 374/418 [00:20<00:02, 18.71it/s]
 90%|###########################8   | 376/418 [00:20<00:02, 18.72it/s]
 90%|############################   | 378/418 [00:20<00:02, 18.65it/s]
 91%|############################1  | 380/418 [00:20<00:02, 18.70it/s]
 91%|############################3  | 382/418 [00:20<00:01, 18.77it/s]
 92%|############################4  | 384/418 [00:20<00:01, 18.76it/s]
 92%|############################6  | 386/418 [00:20<00:01, 18.80it/s]
 93%|############################7  | 388/418 [00:20<00:01, 19.03it/s]
 93%|############################9  | 390/418 [00:21<00:01, 18.98it/s]
 94%|#############################  | 392/418 [00:21<00:01, 18.95it/s]
 94%|#############################2 | 394/418 [00:21<00:01, 18.81it/s]
 95%|#############################3 | 396/418 [00:21<00:01, 18.82it/s]
 95%|#############################5 | 398/418 [00:21<00:01, 18.77it/s]
 96%|#############################6 | 400/418 [00:21<00:00, 18.83it/s]
 96%|#############################8 | 402/418 [00:21<00:00, 18.78it/s]
 97%|#############################9 | 404/418 [00:21<00:00, 18.74it/s]
 97%|##############################1| 406/418 [00:21<00:00, 18.52it/s]
 98%|##############################2| 408/418 [00:21<00:00, 18.61it/s]
 98%|##############################4| 410/418 [00:22<00:00, 18.54it/s]
 99%|##############################5| 412/418 [00:22<00:00, 18.64it/s]
 99%|##############################7| 414/418 [00:22<00:00, 18.76it/s]
100%|##############################8| 416/418 [00:22<00:00, 18.74it/s]
100%|###############################| 418/418 [00:22<00:00, 18.90it/s]
100%|###############################| 418/418 [00:22<00:00, 18.57it/s]
[SEAL Epoch 19] loss=0.5168

[SEAL Epoch 20/20] Run 1/1 - training...

  0%|                                         | 0/418 [00:00<?, ?it/s]
  0%|1                                | 2/418 [00:00<00:24, 17.17it/s]
  1%|3                                | 4/418 [00:00<00:23, 17.78it/s]
  1%|4                                | 6/418 [00:00<00:22, 18.12it/s]
  2%|6                                | 8/418 [00:00<00:22, 18.63it/s]
  2%|7                               | 10/418 [00:00<00:21, 18.72it/s]
  3%|9                               | 12/418 [00:00<00:21, 18.76it/s]
  3%|#                               | 14/418 [00:00<00:21, 18.82it/s]
  4%|#2                              | 16/418 [00:00<00:21, 18.82it/s]
  4%|#3                              | 18/418 [00:00<00:21, 18.89it/s]
  5%|#5                              | 20/418 [00:01<00:21, 18.89it/s]
  5%|#6                              | 22/418 [00:01<00:21, 18.82it/s]
  6%|#8                              | 24/418 [00:01<00:21, 18.76it/s]
  6%|#9                              | 26/418 [00:01<00:20, 18.84it/s]
  7%|##1                             | 28/418 [00:01<00:20, 19.05it/s]
  7%|##2                             | 30/418 [00:01<00:20, 19.01it/s]
  8%|##4                             | 32/418 [00:01<00:20, 18.98it/s]
  8%|##6                             | 34/418 [00:01<00:20, 18.98it/s]
  9%|##7                             | 36/418 [00:01<00:20, 18.84it/s]
  9%|##9                             | 38/418 [00:02<00:20, 18.94it/s]
 10%|###                             | 40/418 [00:02<00:19, 18.96it/s]
 10%|###2                            | 42/418 [00:02<00:19, 18.87it/s]
 11%|###3                            | 44/418 [00:02<00:19, 18.83it/s]
 11%|###5                            | 46/418 [00:02<00:19, 18.80it/s]
 11%|###6                            | 48/418 [00:02<00:19, 18.88it/s]
 12%|###8                            | 50/418 [00:02<00:19, 18.88it/s]
 12%|###9                            | 52/418 [00:02<00:19, 18.88it/s]
 13%|####1                           | 54/418 [00:02<00:19, 18.82it/s]
 13%|####2                           | 56/418 [00:02<00:19, 18.79it/s]
 14%|####4                           | 58/418 [00:03<00:19, 18.75it/s]
 14%|####5                           | 60/418 [00:03<00:19, 18.77it/s]
 15%|####7                           | 62/418 [00:03<00:18, 18.80it/s]
 15%|####8                           | 64/418 [00:03<00:18, 18.86it/s]
 16%|#####                           | 66/418 [00:03<00:18, 18.89it/s]
 16%|#####2                          | 68/418 [00:03<00:18, 18.79it/s]
 17%|#####3                          | 70/418 [00:03<00:18, 18.83it/s]
 17%|#####5                          | 72/418 [00:03<00:18, 18.79it/s]
 18%|#####6                          | 74/418 [00:03<00:18, 18.71it/s]
 18%|#####8                          | 76/418 [00:04<00:18, 18.77it/s]
 19%|#####9                          | 78/418 [00:04<00:18, 18.73it/s]
 19%|######1                         | 80/418 [00:04<00:18, 18.74it/s]
 20%|######2                         | 82/418 [00:04<00:17, 18.70it/s]
 20%|######4                         | 84/418 [00:04<00:17, 18.64it/s]
 21%|######5                         | 86/418 [00:04<00:17, 18.64it/s]
 21%|######7                         | 88/418 [00:04<00:17, 18.40it/s]
 22%|######8                         | 90/418 [00:04<00:17, 18.41it/s]
 22%|#######                         | 92/418 [00:04<00:17, 18.53it/s]
 22%|#######1                        | 94/418 [00:05<00:17, 18.59it/s]
 23%|#######3                        | 96/418 [00:05<00:17, 18.56it/s]
 23%|#######5                        | 98/418 [00:05<00:18, 17.70it/s]
 24%|#######4                       | 100/418 [00:05<00:18, 17.03it/s]
 24%|#######5                       | 102/418 [00:05<00:18, 17.50it/s]
 25%|#######7                       | 104/418 [00:05<00:18, 17.01it/s]
 25%|#######8                       | 106/418 [00:05<00:17, 17.39it/s]
 26%|########                       | 108/418 [00:05<00:17, 17.75it/s]
 26%|########1                      | 110/418 [00:05<00:17, 17.85it/s]
 27%|########3                      | 112/418 [00:06<00:17, 17.40it/s]
 27%|########4                      | 114/418 [00:06<00:17, 17.73it/s]
 28%|########6                      | 116/418 [00:06<00:16, 17.87it/s]
 28%|########7                      | 118/418 [00:06<00:16, 18.07it/s]
 29%|########8                      | 120/418 [00:06<00:16, 18.31it/s]
 29%|#########                      | 122/418 [00:06<00:16, 18.42it/s]
 30%|#########1                     | 124/418 [00:06<00:16, 18.34it/s]
 30%|#########3                     | 126/418 [00:06<00:15, 18.45it/s]
 31%|#########4                     | 128/418 [00:06<00:15, 18.43it/s]
 31%|#########6                     | 130/418 [00:07<00:15, 18.50it/s]
 32%|#########7                     | 132/418 [00:07<00:15, 18.56it/s]
 32%|#########9                     | 134/418 [00:07<00:15, 18.66it/s]
 33%|##########                     | 136/418 [00:07<00:15, 18.72it/s]
 33%|##########2                    | 138/418 [00:07<00:14, 18.75it/s]
 33%|##########3                    | 140/418 [00:07<00:14, 18.82it/s]
 34%|##########5                    | 142/418 [00:07<00:15, 17.81it/s]
 34%|##########6                    | 144/418 [00:07<00:15, 18.23it/s]
 35%|##########8                    | 146/418 [00:07<00:14, 18.41it/s]
 35%|##########9                    | 148/418 [00:08<00:14, 18.36it/s]
 36%|###########1                   | 150/418 [00:08<00:15, 17.67it/s]
 36%|###########2                   | 152/418 [00:08<00:15, 17.07it/s]
 37%|###########4                   | 154/418 [00:08<00:15, 17.56it/s]
 37%|###########5                   | 156/418 [00:08<00:14, 17.83it/s]
 38%|###########7                   | 158/418 [00:08<00:14, 18.02it/s]
 38%|###########8                   | 160/418 [00:08<00:15, 17.13it/s]
 39%|############                   | 162/418 [00:08<00:14, 17.56it/s]
 39%|############1                  | 164/418 [00:08<00:15, 16.81it/s]
 40%|############3                  | 166/418 [00:09<00:14, 17.32it/s]
 40%|############4                  | 168/418 [00:09<00:14, 16.81it/s]
 41%|############6                  | 170/418 [00:09<00:15, 16.46it/s]
 41%|############7                  | 172/418 [00:09<00:14, 17.07it/s]
 42%|############9                  | 174/418 [00:09<00:14, 17.35it/s]
 42%|#############                  | 176/418 [00:09<00:13, 17.70it/s]
 43%|#############2                 | 178/418 [00:09<00:13, 17.95it/s]
 43%|#############3                 | 180/418 [00:09<00:13, 18.09it/s]
 44%|#############4                 | 182/418 [00:09<00:12, 18.28it/s]
 44%|#############6                 | 184/418 [00:10<00:12, 18.39it/s]
 44%|#############7                 | 186/418 [00:10<00:12, 18.44it/s]
 45%|#############9                 | 188/418 [00:10<00:12, 17.70it/s]
 45%|##############                 | 190/418 [00:10<00:12, 17.88it/s]
 46%|##############2                | 192/418 [00:10<00:13, 17.34it/s]
 46%|##############3                | 194/418 [00:10<00:13, 16.79it/s]
 47%|##############5                | 196/418 [00:10<00:12, 17.27it/s]
 47%|##############6                | 198/418 [00:10<00:12, 17.52it/s]
 48%|##############8                | 200/418 [00:10<00:12, 17.94it/s]
 48%|##############9                | 202/418 [00:11<00:12, 17.22it/s]
 49%|###############1               | 204/418 [00:11<00:12, 17.60it/s]
 49%|###############2               | 206/418 [00:11<00:11, 17.98it/s]
 50%|###############4               | 208/418 [00:11<00:11, 18.16it/s]
 50%|###############5               | 210/418 [00:11<00:11, 18.30it/s]
 51%|###############7               | 212/418 [00:11<00:11, 18.47it/s]
 51%|###############8               | 214/418 [00:11<00:11, 17.56it/s]
 52%|################               | 216/418 [00:11<00:11, 17.96it/s]
 52%|################1              | 218/418 [00:11<00:11, 17.46it/s]
 53%|################3              | 220/418 [00:12<00:11, 17.81it/s]
 53%|################4              | 222/418 [00:12<00:10, 18.00it/s]
 54%|################6              | 224/418 [00:12<00:11, 17.33it/s]
 54%|################7              | 226/418 [00:12<00:10, 17.76it/s]
 55%|################9              | 228/418 [00:12<00:10, 17.95it/s]
 55%|#################              | 230/418 [00:12<00:10, 18.10it/s]
 56%|#################2             | 232/418 [00:12<00:10, 17.31it/s]
 56%|#################3             | 234/418 [00:12<00:10, 17.65it/s]
 56%|#################5             | 236/418 [00:13<00:10, 17.03it/s]
 57%|#################6             | 238/418 [00:13<00:10, 16.72it/s]
 57%|#################7             | 240/418 [00:13<00:10, 17.20it/s]
 58%|#################9             | 242/418 [00:13<00:10, 16.78it/s]
 58%|##################             | 244/418 [00:13<00:10, 16.57it/s]
 59%|##################2            | 246/418 [00:13<00:10, 17.11it/s]
 59%|##################3            | 248/418 [00:13<00:10, 16.67it/s]
 60%|##################5            | 250/418 [00:13<00:10, 16.45it/s]
 60%|##################6            | 252/418 [00:13<00:09, 16.98it/s]
 61%|##################8            | 254/418 [00:14<00:09, 16.71it/s]
 61%|##################9            | 256/418 [00:14<00:09, 17.23it/s]
 62%|###################1           | 258/418 [00:14<00:09, 17.55it/s]
 62%|###################2           | 260/418 [00:14<00:08, 17.87it/s]
 63%|###################4           | 262/418 [00:14<00:09, 17.14it/s]
 63%|###################5           | 264/418 [00:14<00:09, 16.72it/s]
 64%|###################7           | 266/418 [00:14<00:08, 17.26it/s]
 64%|###################8           | 268/418 [00:14<00:08, 17.63it/s]
 65%|####################           | 270/418 [00:14<00:08, 17.92it/s]
 65%|####################1          | 272/418 [00:15<00:08, 17.99it/s]
 66%|####################3          | 274/418 [00:16<00:26,  5.53it/s]
 66%|####################4          | 276/418 [00:16<00:20,  7.02it/s]
 67%|####################6          | 278/418 [00:16<00:16,  8.66it/s]
 67%|####################7          | 280/418 [00:16<00:13, 10.33it/s]
 67%|####################9          | 282/418 [00:16<00:11, 11.92it/s]
 68%|#####################          | 284/418 [00:16<00:10, 13.24it/s]
 68%|#####################2         | 286/418 [00:16<00:09, 13.98it/s]
 69%|#####################3         | 288/418 [00:16<00:08, 15.02it/s]
 69%|#####################5         | 290/418 [00:16<00:08, 15.41it/s]
 70%|#####################6         | 292/418 [00:17<00:07, 16.26it/s]
 70%|#####################8         | 294/418 [00:17<00:07, 16.83it/s]
 71%|#####################9         | 296/418 [00:17<00:07, 17.21it/s]
 71%|######################1        | 298/418 [00:17<00:06, 17.67it/s]
 72%|######################2        | 300/418 [00:17<00:06, 17.57it/s]
 72%|######################3        | 302/418 [00:17<00:06, 17.85it/s]
 73%|######################5        | 304/418 [00:17<00:06, 18.06it/s]
 73%|######################6        | 306/418 [00:17<00:06, 18.30it/s]
 74%|######################8        | 308/418 [00:17<00:05, 18.39it/s]
 74%|######################9        | 310/418 [00:18<00:05, 18.50it/s]
 75%|#######################1       | 312/418 [00:18<00:05, 17.78it/s]
 75%|#######################2       | 314/418 [00:18<00:05, 18.10it/s]
 76%|#######################4       | 316/418 [00:18<00:05, 18.13it/s]
 76%|#######################5       | 318/418 [00:18<00:05, 18.24it/s]
 77%|#######################7       | 320/418 [00:18<00:05, 17.40it/s]
 77%|#######################8       | 322/418 [00:18<00:05, 17.78it/s]
 78%|########################       | 324/418 [00:18<00:05, 18.02it/s]
 78%|########################1      | 326/418 [00:18<00:05, 18.20it/s]
 78%|########################3      | 328/418 [00:19<00:04, 18.26it/s]
 79%|########################4      | 330/418 [00:19<00:04, 18.40it/s]
 79%|########################6      | 332/418 [00:19<00:04, 18.50it/s]
 80%|########################7      | 334/418 [00:19<00:04, 18.58it/s]
 80%|########################9      | 336/418 [00:19<00:04, 18.68it/s]
 81%|#########################      | 338/418 [00:19<00:04, 18.59it/s]
 81%|#########################2     | 340/418 [00:19<00:04, 18.62it/s]
 82%|#########################3     | 342/418 [00:19<00:04, 18.61it/s]
 82%|#########################5     | 344/418 [00:19<00:03, 18.61it/s]
 83%|#########################6     | 346/418 [00:20<00:04, 17.87it/s]
 83%|#########################8     | 348/418 [00:20<00:03, 18.21it/s]
 84%|#########################9     | 350/418 [00:20<00:03, 18.35it/s]
 84%|##########################1    | 352/418 [00:20<00:03, 18.38it/s]
 85%|##########################2    | 354/418 [00:20<00:03, 18.40it/s]
 85%|##########################4    | 356/418 [00:20<00:03, 18.43it/s]
 86%|##########################5    | 358/418 [00:20<00:03, 18.40it/s]
 86%|##########################6    | 360/418 [00:20<00:03, 17.51it/s]
 87%|##########################8    | 362/418 [00:20<00:03, 17.89it/s]
 87%|##########################9    | 364/418 [00:20<00:02, 18.19it/s]
 88%|###########################1   | 366/418 [00:21<00:02, 18.35it/s]
 88%|###########################2   | 368/418 [00:21<00:02, 18.42it/s]
 89%|###########################4   | 370/418 [00:21<00:02, 18.42it/s]
 89%|###########################5   | 372/418 [00:21<00:02, 18.58it/s]
 89%|###########################7   | 374/418 [00:21<00:02, 18.46it/s]
 90%|###########################8   | 376/418 [00:21<00:02, 18.53it/s]
 90%|############################   | 378/418 [00:21<00:02, 18.62it/s]
 91%|############################1  | 380/418 [00:21<00:02, 17.73it/s]
 91%|############################3  | 382/418 [00:21<00:02, 17.98it/s]
 92%|############################4  | 384/418 [00:22<00:01, 17.43it/s]
 92%|############################6  | 386/418 [00:22<00:01, 17.76it/s]
 93%|############################7  | 388/418 [00:22<00:01, 18.06it/s]
 93%|############################9  | 390/418 [00:22<00:01, 17.41it/s]
 94%|#############################  | 392/418 [00:22<00:01, 17.84it/s]
 94%|#############################2 | 394/418 [00:22<00:01, 18.01it/s]
 95%|#############################3 | 396/418 [00:22<00:01, 18.29it/s]
 95%|#############################5 | 398/418 [00:22<00:01, 17.57it/s]
 96%|#############################6 | 400/418 [00:23<00:01, 17.04it/s]
 96%|#############################8 | 402/418 [00:23<00:00, 17.54it/s]
 97%|#############################9 | 404/418 [00:23<00:00, 17.75it/s]
 97%|##############################1| 406/418 [00:23<00:00, 17.96it/s]
 98%|##############################2| 408/418 [00:23<00:00, 17.21it/s]
 98%|##############################4| 410/418 [00:23<00:00, 17.61it/s]
 99%|##############################5| 412/418 [00:23<00:00, 17.17it/s]
 99%|##############################7| 414/418 [00:23<00:00, 17.61it/s]
100%|##############################8| 416/418 [00:23<00:00, 17.85it/s]
100%|###############################| 418/418 [00:24<00:00, 18.26it/s]
100%|###############################| 418/418 [00:24<00:00, 17.41it/s]
[SEAL Epoch 20] loss=0.5170
[SEAL Epoch 20] Evaluating...

  0%|                                          | 0/53 [00:00<?, ?it/s]
  8%|##5                               | 4/53 [00:00<00:01, 34.01it/s]
 15%|#####1                            | 8/53 [00:00<00:01, 34.22it/s]
 23%|#######4                         | 12/53 [00:00<00:01, 34.08it/s]
 30%|#########9                       | 16/53 [00:00<00:01, 34.47it/s]
 38%|############4                    | 20/53 [00:00<00:00, 35.08it/s]
 45%|##############9                  | 24/53 [00:00<00:00, 35.06it/s]
 53%|#################4               | 28/53 [00:00<00:00, 34.55it/s]
 60%|###################9             | 32/53 [00:00<00:00, 33.73it/s]
 68%|######################4          | 36/53 [00:01<00:00, 32.13it/s]
 75%|########################9        | 40/53 [00:01<00:00, 31.39it/s]
 83%|###########################3     | 44/53 [00:01<00:00, 31.66it/s]
 91%|#############################8   | 48/53 [00:01<00:00, 31.50it/s]
 98%|################################3| 52/53 [00:01<00:00, 31.57it/s]
100%|#################################| 53/53 [00:01<00:00, 33.24it/s]

  0%|                                          | 0/53 [00:00<?, ?it/s]
  8%|##5                               | 4/53 [00:00<00:01, 32.45it/s]
 15%|#####1                            | 8/53 [00:00<00:01, 32.38it/s]
 23%|#######4                         | 12/53 [00:00<00:01, 32.64it/s]
 30%|#########9                       | 16/53 [00:00<00:01, 32.56it/s]
 38%|############4                    | 20/53 [00:00<00:01, 32.90it/s]
 45%|##############9                  | 24/53 [00:00<00:00, 33.76it/s]
 53%|#################4               | 28/53 [00:00<00:00, 33.89it/s]
 60%|###################9             | 32/53 [00:00<00:00, 33.80it/s]
 68%|######################4          | 36/53 [00:01<00:00, 33.94it/s]
 75%|########################9        | 40/53 [00:01<00:00, 34.16it/s]
 83%|###########################3     | 44/53 [00:01<00:00, 34.19it/s]
 91%|#############################8   | 48/53 [00:01<00:00, 33.93it/s]
 98%|################################3| 52/53 [00:01<00:00, 33.16it/s]
100%|#################################| 53/53 [00:01<00:00, 33.85it/s]
AUC
Run: 01, Epoch: 20, Loss: 0.5170, Train: 80.40%, Valid: 80.71%, Test: 80.87%
C:\Users\UNITY\Desktop\ANH\Image-Processing-2026\source\baseline_models\link_prediction\SEAL_OGB\utils.py:485: UserWarning: std(): degrees of freedom is <= 0. Correction should be strictly less than the reduction factor (input numel divided by output numel). (Triggered internally at C:\actions-runner\_work\pytorch\pytorch\pytorch\aten\src\ATen\native\ReduceOps.cpp:1858.)
  print(f'Highest Train: {r.mean():.2f} � {r.std():.2f}', file=f)
C:\Users\UNITY\Desktop\ANH\Image-Processing-2026\source\baseline_models\link_prediction\SEAL_OGB\utils.py:487: UserWarning: std(): degrees of freedom is <= 0. Correction should be strictly less than the reduction factor (input numel divided by output numel). (Triggered internally at C:\actions-runner\_work\pytorch\pytorch\pytorch\aten\src\ATen\native\ReduceOps.cpp:1858.)
  print(f'Highest Valid: {r.mean():.2f} � {r.std():.2f}', file=f)
C:\Users\UNITY\Desktop\ANH\Image-Processing-2026\source\baseline_models\link_prediction\SEAL_OGB\utils.py:489: UserWarning: std(): degrees of freedom is <= 0. Correction should be strictly less than the reduction factor (input numel divided by output numel). (Triggered internally at C:\actions-runner\_work\pytorch\pytorch\pytorch\aten\src\ATen\native\ReduceOps.cpp:1858.)
  print(f'  Final Train: {r.mean():.2f} � {r.std():.2f}', file=f)
C:\Users\UNITY\Desktop\ANH\Image-Processing-2026\source\baseline_models\link_prediction\SEAL_OGB\utils.py:491: UserWarning: std(): degrees of freedom is <= 0. Correction should be strictly less than the reduction factor (input numel divided by output numel). (Triggered internally at C:\actions-runner\_work\pytorch\pytorch\pytorch\aten\src\ATen\native\ReduceOps.cpp:1858.)
  print(f'   Final Test: {r.mean():.2f} � {r.std():.2f}', file=f)
AUC
Highest Train: 80.79
Highest Valid: 80.77
  Final Train: 80.79
   Final Test: 80.89
AUC
All runs:
Highest Train: 80.79 � nan
Highest Valid: 80.77 � nan
  Final Train: 80.79 � nan
   Final Test: 80.89 � nan
Total number of parameters is 43714
Results are saved in results/ogbl-BALBc_no1_spatial_no_edge_attr_20260509210039

========================================================================
Finished   : 2026-05-09T21:50:54.733336
Elapsed (s): 3019.1
Return code: 0
Best loss  : 0.516800
Test AUC   : 80.890000
